W0820 10:46:38.601000 2469293 site-packages/torch/distributed/run.py:874] 
W0820 10:46:38.601000 2469293 site-packages/torch/distributed/run.py:874] *****************************************
W0820 10:46:38.601000 2469293 site-packages/torch/distributed/run.py:874] Setting OMP_NUM_THREADS environment variable for each process to be 1 in default, to avoid your system being overloaded, please further tune the variable for optimal performance in your application as needed. 
W0820 10:46:38.601000 2469293 site-packages/torch/distributed/run.py:874] *****************************************
using device: cuda:1
using device: cuda:0
Training DataLoader: total number of tokens: 800000000 across 8 files
Validation DataLoader: total number of tokens: 100000000 across 1 files
step:0/6200 val_loss:11.0211 train_time:189ms step_avg:nanms
step:1/6200 train_loss:11.0237 train_time:4801ms step_avg:nanms
step:2/6200 train_loss:9.2207 train_time:8062ms step_avg:nanms
step:3/6200 train_loss:7.8166 train_time:11322ms step_avg:nanms
step:4/6200 train_loss:7.7812 train_time:14581ms step_avg:nanms
step:5/6200 train_loss:7.3780 train_time:17844ms step_avg:nanms
step:6/6200 train_loss:7.1625 train_time:21106ms step_avg:nanms
step:7/6200 train_loss:7.1257 train_time:24372ms step_avg:nanms
step:8/6200 train_loss:7.1717 train_time:27638ms step_avg:nanms
step:9/6200 train_loss:6.7880 train_time:30905ms step_avg:nanms
step:10/6200 train_loss:6.6515 train_time:34171ms step_avg:nanms
step:11/6200 train_loss:6.5578 train_time:3259ms step_avg:nanms
step:12/6200 train_loss:6.6370 train_time:6531ms step_avg:nanms
step:13/6200 train_loss:6.6688 train_time:9803ms step_avg:3267.72ms
step:14/6200 train_loss:6.4319 train_time:13079ms step_avg:3269.74ms
step:15/6200 train_loss:6.4704 train_time:16351ms step_avg:3270.21ms
step:16/6200 train_loss:6.5037 train_time:19625ms step_avg:3270.88ms
step:17/6200 train_loss:6.1452 train_time:22898ms step_avg:3271.09ms
step:18/6200 train_loss:6.4165 train_time:26175ms step_avg:3271.83ms
step:19/6200 train_loss:6.0508 train_time:29446ms step_avg:3271.83ms
step:20/6200 train_loss:6.1948 train_time:32722ms step_avg:3272.16ms
step:21/6200 train_loss:6.5168 train_time:36005ms step_avg:3273.17ms
step:22/6200 train_loss:6.1774 train_time:39288ms step_avg:3273.98ms
step:23/6200 train_loss:6.0872 train_time:42566ms step_avg:3274.30ms
step:24/6200 train_loss:6.0039 train_time:45844ms step_avg:3274.54ms
step:25/6200 train_loss:6.1379 train_time:49123ms step_avg:3274.87ms
step:26/6200 train_loss:6.1832 train_time:52404ms step_avg:3275.27ms
step:27/6200 train_loss:6.1758 train_time:55686ms step_avg:3275.64ms
step:28/6200 train_loss:6.1116 train_time:58969ms step_avg:3276.06ms
step:29/6200 train_loss:6.0408 train_time:62270ms step_avg:3277.35ms
step:30/6200 train_loss:6.1191 train_time:65551ms step_avg:3277.55ms
step:31/6200 train_loss:5.9891 train_time:68835ms step_avg:3277.88ms
step:32/6200 train_loss:6.3136 train_time:72118ms step_avg:3278.11ms
step:33/6200 train_loss:6.1382 train_time:75405ms step_avg:3278.47ms
step:34/6200 train_loss:5.9074 train_time:78683ms step_avg:3278.45ms
step:35/6200 train_loss:5.9213 train_time:81964ms step_avg:3278.57ms
step:36/6200 train_loss:6.0841 train_time:85244ms step_avg:3278.63ms
step:37/6200 train_loss:5.8163 train_time:88529ms step_avg:3278.85ms
step:38/6200 train_loss:6.0306 train_time:91815ms step_avg:3279.10ms
step:39/6200 train_loss:6.0202 train_time:95096ms step_avg:3279.18ms
step:40/6200 train_loss:6.0666 train_time:98384ms step_avg:3279.48ms
step:41/6200 train_loss:5.8253 train_time:101677ms step_avg:3279.90ms
step:42/6200 train_loss:5.9806 train_time:104962ms step_avg:3280.07ms
step:43/6200 train_loss:5.9446 train_time:108252ms step_avg:3280.37ms
step:44/6200 train_loss:5.8447 train_time:111542ms step_avg:3280.64ms
step:45/6200 train_loss:5.8430 train_time:114835ms step_avg:3280.99ms
step:46/6200 train_loss:5.9992 train_time:118124ms step_avg:3281.23ms
step:47/6200 train_loss:5.9411 train_time:121417ms step_avg:3281.55ms
step:48/6200 train_loss:5.8553 train_time:124705ms step_avg:3281.72ms
step:49/6200 train_loss:5.7796 train_time:127995ms step_avg:3281.94ms
step:50/6200 train_loss:5.7931 train_time:131283ms step_avg:3282.07ms
step:51/6200 train_loss:5.7840 train_time:134573ms step_avg:3282.28ms
step:52/6200 train_loss:5.6468 train_time:137863ms step_avg:3282.45ms
step:53/6200 train_loss:5.9170 train_time:141154ms step_avg:3282.65ms
step:54/6200 train_loss:5.6443 train_time:144447ms step_avg:3282.89ms
step:55/6200 train_loss:5.8326 train_time:147734ms step_avg:3282.97ms
step:56/6200 train_loss:5.8364 train_time:151024ms step_avg:3283.13ms
step:57/6200 train_loss:5.8232 train_time:154315ms step_avg:3283.30ms
step:58/6200 train_loss:5.3629 train_time:157604ms step_avg:3283.41ms
step:59/6200 train_loss:5.7570 train_time:160894ms step_avg:3283.55ms
step:60/6200 train_loss:5.7525 train_time:164184ms step_avg:3283.68ms
step:61/6200 train_loss:5.6104 train_time:167477ms step_avg:3283.86ms
step:62/6200 train_loss:5.9761 train_time:170770ms step_avg:3284.03ms
step:63/6200 train_loss:5.7058 train_time:174059ms step_avg:3284.14ms
step:64/6200 train_loss:5.8435 train_time:177434ms step_avg:3285.82ms
step:65/6200 train_loss:5.7420 train_time:180725ms step_avg:3285.91ms
step:66/6200 train_loss:5.7463 train_time:184017ms step_avg:3286.01ms
step:67/6200 train_loss:5.6928 train_time:187309ms step_avg:3286.12ms
step:68/6200 train_loss:5.8193 train_time:190597ms step_avg:3286.15ms
step:69/6200 train_loss:5.6502 train_time:193890ms step_avg:3286.27ms
step:70/6200 train_loss:5.6789 train_time:197182ms step_avg:3286.36ms
step:71/6200 train_loss:5.8159 train_time:200472ms step_avg:3286.43ms
step:72/6200 train_loss:5.6250 train_time:203759ms step_avg:3286.43ms
step:73/6200 train_loss:5.5586 train_time:207051ms step_avg:3286.53ms
step:74/6200 train_loss:5.7662 train_time:210344ms step_avg:3286.63ms
step:75/6200 train_loss:5.6393 train_time:213637ms step_avg:3286.72ms
step:76/6200 train_loss:5.5574 train_time:216925ms step_avg:3286.74ms
step:77/6200 train_loss:5.5890 train_time:220216ms step_avg:3286.81ms
step:78/6200 train_loss:5.5983 train_time:223508ms step_avg:3286.88ms
step:79/6200 train_loss:5.6439 train_time:226795ms step_avg:3286.89ms
step:80/6200 train_loss:5.5482 train_time:230086ms step_avg:3286.95ms
step:81/6200 train_loss:5.5346 train_time:233379ms step_avg:3287.03ms
step:82/6200 train_loss:6.2750 train_time:236671ms step_avg:3287.09ms
step:83/6200 train_loss:5.7040 train_time:239966ms step_avg:3287.21ms
step:84/6200 train_loss:5.6322 train_time:243257ms step_avg:3287.26ms
step:85/6200 train_loss:5.6177 train_time:246552ms step_avg:3287.36ms
step:86/6200 train_loss:5.7358 train_time:249843ms step_avg:3287.40ms
step:87/6200 train_loss:5.4515 train_time:253137ms step_avg:3287.49ms
step:88/6200 train_loss:5.4921 train_time:256431ms step_avg:3287.57ms
step:89/6200 train_loss:5.5267 train_time:259721ms step_avg:3287.61ms
step:90/6200 train_loss:5.4299 train_time:263013ms step_avg:3287.67ms
step:91/6200 train_loss:5.4443 train_time:266305ms step_avg:3287.71ms
step:92/6200 train_loss:5.6978 train_time:269596ms step_avg:3287.75ms
step:93/6200 train_loss:5.3714 train_time:272887ms step_avg:3287.80ms
step:94/6200 train_loss:5.3980 train_time:276179ms step_avg:3287.85ms
step:95/6200 train_loss:5.5670 train_time:279469ms step_avg:3287.87ms
step:96/6200 train_loss:5.3946 train_time:282760ms step_avg:3287.90ms
step:97/6200 train_loss:5.4224 train_time:286051ms step_avg:3287.95ms
step:98/6200 train_loss:5.3116 train_time:289337ms step_avg:3287.92ms
step:99/6200 train_loss:5.5061 train_time:292628ms step_avg:3287.95ms
step:100/6200 train_loss:5.0577 train_time:295922ms step_avg:3288.02ms
step:101/6200 train_loss:5.5918 train_time:299214ms step_avg:3288.07ms
step:102/6200 train_loss:5.4371 train_time:302507ms step_avg:3288.12ms
step:103/6200 train_loss:5.4002 train_time:305796ms step_avg:3288.13ms
step:104/6200 train_loss:5.2008 train_time:309089ms step_avg:3288.18ms
step:105/6200 train_loss:5.4711 train_time:312382ms step_avg:3288.23ms
step:106/6200 train_loss:5.4306 train_time:315674ms step_avg:3288.27ms
step:107/6200 train_loss:5.4894 train_time:318963ms step_avg:3288.27ms
step:108/6200 train_loss:5.3495 train_time:322253ms step_avg:3288.29ms
step:109/6200 train_loss:5.2720 train_time:325542ms step_avg:3288.31ms
step:110/6200 train_loss:5.6418 train_time:328837ms step_avg:3288.37ms
step:111/6200 train_loss:5.2940 train_time:332127ms step_avg:3288.39ms
step:112/6200 train_loss:5.3714 train_time:335418ms step_avg:3288.41ms
step:113/6200 train_loss:5.5744 train_time:338707ms step_avg:3288.42ms
step:114/6200 train_loss:5.3750 train_time:341995ms step_avg:3288.42ms
step:115/6200 train_loss:5.3517 train_time:345285ms step_avg:3288.43ms
step:116/6200 train_loss:5.3628 train_time:348575ms step_avg:3288.44ms
step:117/6200 train_loss:5.3170 train_time:351859ms step_avg:3288.40ms
step:118/6200 train_loss:5.2929 train_time:355147ms step_avg:3288.40ms
step:119/6200 train_loss:5.3060 train_time:358442ms step_avg:3288.46ms
step:120/6200 train_loss:5.1909 train_time:361728ms step_avg:3288.44ms
step:121/6200 train_loss:5.4456 train_time:365015ms step_avg:3288.42ms
step:122/6200 train_loss:5.0959 train_time:368300ms step_avg:3288.39ms
step:123/6200 train_loss:5.1481 train_time:371591ms step_avg:3288.42ms
step:124/6200 train_loss:5.2258 train_time:374874ms step_avg:3288.37ms
step:125/6200 train_loss:5.3213 train_time:378163ms step_avg:3288.38ms
step:125/6200 val_loss:5.2192 train_time:378175ms step_avg:3288.48ms
step:126/6200 train_loss:5.2327 train_time:381446ms step_avg:3288.33ms
step:127/6200 train_loss:5.4161 train_time:384725ms step_avg:3288.25ms
step:128/6200 train_loss:5.2486 train_time:388002ms step_avg:3288.15ms
step:129/6200 train_loss:5.1100 train_time:391275ms step_avg:3288.03ms
step:130/6200 train_loss:5.0669 train_time:394558ms step_avg:3287.98ms
step:131/6200 train_loss:5.4499 train_time:397834ms step_avg:3287.89ms
step:132/6200 train_loss:5.2466 train_time:401112ms step_avg:3287.80ms
step:133/6200 train_loss:5.2267 train_time:404392ms step_avg:3287.74ms
step:134/6200 train_loss:5.2142 train_time:407668ms step_avg:3287.65ms
step:135/6200 train_loss:5.1172 train_time:410947ms step_avg:3287.57ms
step:136/6200 train_loss:5.1674 train_time:414224ms step_avg:3287.49ms
step:137/6200 train_loss:4.9666 train_time:417498ms step_avg:3287.39ms
step:138/6200 train_loss:5.1036 train_time:420771ms step_avg:3287.27ms
step:139/6200 train_loss:5.1046 train_time:424046ms step_avg:3287.18ms
step:140/6200 train_loss:5.2158 train_time:427319ms step_avg:3287.07ms
step:141/6200 train_loss:5.2604 train_time:430596ms step_avg:3286.99ms
step:142/6200 train_loss:5.2467 train_time:433875ms step_avg:3286.93ms
step:143/6200 train_loss:5.2326 train_time:437153ms step_avg:3286.86ms
step:144/6200 train_loss:4.9512 train_time:440432ms step_avg:3286.80ms
step:145/6200 train_loss:4.9882 train_time:443713ms step_avg:3286.77ms
step:146/6200 train_loss:5.0773 train_time:446987ms step_avg:3286.67ms
step:147/6200 train_loss:5.0519 train_time:450262ms step_avg:3286.58ms
step:148/6200 train_loss:5.0916 train_time:453538ms step_avg:3286.51ms
step:149/6200 train_loss:5.2455 train_time:456817ms step_avg:3286.46ms
step:150/6200 train_loss:5.3696 train_time:460098ms step_avg:3286.42ms
step:151/6200 train_loss:4.8734 train_time:463375ms step_avg:3286.35ms
step:152/6200 train_loss:4.8980 train_time:466653ms step_avg:3286.29ms
step:153/6200 train_loss:4.5964 train_time:469938ms step_avg:3286.28ms
step:154/6200 train_loss:5.0773 train_time:473218ms step_avg:3286.24ms
step:155/6200 train_loss:5.1244 train_time:476495ms step_avg:3286.18ms
step:156/6200 train_loss:5.1065 train_time:479773ms step_avg:3286.12ms
step:157/6200 train_loss:4.9767 train_time:483052ms step_avg:3286.07ms
step:158/6200 train_loss:4.9303 train_time:486329ms step_avg:3286.01ms
step:159/6200 train_loss:4.9810 train_time:489606ms step_avg:3285.95ms
step:160/6200 train_loss:5.0154 train_time:492887ms step_avg:3285.92ms
step:161/6200 train_loss:4.7970 train_time:496167ms step_avg:3285.88ms
step:162/6200 train_loss:4.9041 train_time:499448ms step_avg:3285.84ms
step:163/6200 train_loss:4.8467 train_time:502732ms step_avg:3285.83ms
step:164/6200 train_loss:4.8911 train_time:506012ms step_avg:3285.79ms
step:165/6200 train_loss:4.8365 train_time:509287ms step_avg:3285.72ms
step:166/6200 train_loss:4.9864 train_time:512564ms step_avg:3285.66ms
step:167/6200 train_loss:4.7028 train_time:515846ms step_avg:3285.64ms
step:168/6200 train_loss:4.9932 train_time:519126ms step_avg:3285.61ms
step:169/6200 train_loss:4.9918 train_time:522406ms step_avg:3285.57ms
step:170/6200 train_loss:4.8524 train_time:525685ms step_avg:3285.53ms
step:171/6200 train_loss:4.9159 train_time:528966ms step_avg:3285.50ms
step:172/6200 train_loss:5.2624 train_time:532248ms step_avg:3285.48ms
step:173/6200 train_loss:5.0135 train_time:535531ms step_avg:3285.47ms
step:174/6200 train_loss:4.9180 train_time:538816ms step_avg:3285.46ms
step:175/6200 train_loss:5.0572 train_time:542100ms step_avg:3285.46ms
step:176/6200 train_loss:4.9273 train_time:545379ms step_avg:3285.41ms
step:177/6200 train_loss:4.9332 train_time:548662ms step_avg:3285.40ms
step:178/6200 train_loss:5.0581 train_time:551949ms step_avg:3285.41ms
step:179/6200 train_loss:4.8139 train_time:555233ms step_avg:3285.40ms
step:180/6200 train_loss:4.9436 train_time:558522ms step_avg:3285.42ms
step:181/6200 train_loss:4.9106 train_time:561806ms step_avg:3285.42ms
step:182/6200 train_loss:4.9335 train_time:565089ms step_avg:3285.40ms
step:183/6200 train_loss:4.8515 train_time:568375ms step_avg:3285.40ms
step:184/6200 train_loss:4.6782 train_time:571656ms step_avg:3285.38ms
step:185/6200 train_loss:4.8547 train_time:574940ms step_avg:3285.37ms
step:186/6200 train_loss:4.8751 train_time:578226ms step_avg:3285.37ms
step:187/6200 train_loss:5.0057 train_time:581518ms step_avg:3285.41ms
step:188/6200 train_loss:4.8649 train_time:584802ms step_avg:3285.40ms
step:189/6200 train_loss:4.7953 train_time:588090ms step_avg:3285.42ms
step:190/6200 train_loss:4.6743 train_time:591374ms step_avg:3285.41ms
step:191/6200 train_loss:4.8164 train_time:595690ms step_avg:3291.10ms
step:192/6200 train_loss:4.8265 train_time:598975ms step_avg:3291.07ms
step:193/6200 train_loss:4.3610 train_time:602261ms step_avg:3291.04ms
step:194/6200 train_loss:5.0186 train_time:605547ms step_avg:3291.01ms
step:195/6200 train_loss:4.6970 train_time:608834ms step_avg:3291.00ms
step:196/6200 train_loss:4.8342 train_time:612119ms step_avg:3290.96ms
step:197/6200 train_loss:4.8810 train_time:615407ms step_avg:3290.95ms
step:198/6200 train_loss:4.9262 train_time:618694ms step_avg:3290.93ms
step:199/6200 train_loss:4.6942 train_time:621981ms step_avg:3290.91ms
step:200/6200 train_loss:4.7682 train_time:625271ms step_avg:3290.90ms
step:201/6200 train_loss:4.7382 train_time:628557ms step_avg:3290.87ms
step:202/6200 train_loss:4.7516 train_time:631839ms step_avg:3290.83ms
step:203/6200 train_loss:4.8472 train_time:635127ms step_avg:3290.81ms
step:204/6200 train_loss:4.9474 train_time:638412ms step_avg:3290.78ms
step:205/6200 train_loss:5.0348 train_time:641696ms step_avg:3290.75ms
step:206/6200 train_loss:4.4582 train_time:644983ms step_avg:3290.73ms
step:207/6200 train_loss:4.8245 train_time:648271ms step_avg:3290.71ms
step:208/6200 train_loss:4.9074 train_time:651558ms step_avg:3290.70ms
step:209/6200 train_loss:4.7448 train_time:654846ms step_avg:3290.68ms
step:210/6200 train_loss:4.7328 train_time:658132ms step_avg:3290.66ms
step:211/6200 train_loss:4.6429 train_time:661416ms step_avg:3290.63ms
step:212/6200 train_loss:4.6843 train_time:664705ms step_avg:3290.62ms
step:213/6200 train_loss:4.5921 train_time:667992ms step_avg:3290.60ms
step:214/6200 train_loss:4.6862 train_time:671285ms step_avg:3290.61ms
step:215/6200 train_loss:4.7168 train_time:674574ms step_avg:3290.60ms
step:216/6200 train_loss:4.6219 train_time:677866ms step_avg:3290.61ms
step:217/6200 train_loss:4.7358 train_time:681155ms step_avg:3290.60ms
step:218/6200 train_loss:4.9138 train_time:684441ms step_avg:3290.58ms
step:219/6200 train_loss:4.7434 train_time:687732ms step_avg:3290.58ms
step:220/6200 train_loss:4.6534 train_time:691020ms step_avg:3290.57ms
step:221/6200 train_loss:4.7996 train_time:694307ms step_avg:3290.55ms
step:222/6200 train_loss:4.6367 train_time:697596ms step_avg:3290.55ms
step:223/6200 train_loss:4.9009 train_time:700886ms step_avg:3290.55ms
step:224/6200 train_loss:4.6661 train_time:704176ms step_avg:3290.54ms
step:225/6200 train_loss:4.6500 train_time:707469ms step_avg:3290.55ms
step:226/6200 train_loss:4.5884 train_time:710755ms step_avg:3290.53ms
step:227/6200 train_loss:4.7279 train_time:714045ms step_avg:3290.53ms
step:228/6200 train_loss:4.7086 train_time:717334ms step_avg:3290.52ms
step:229/6200 train_loss:4.7210 train_time:720629ms step_avg:3290.54ms
step:230/6200 train_loss:4.6976 train_time:723918ms step_avg:3290.54ms
step:231/6200 train_loss:4.6468 train_time:727211ms step_avg:3290.55ms
step:232/6200 train_loss:4.6745 train_time:730496ms step_avg:3290.52ms
step:233/6200 train_loss:4.7342 train_time:733787ms step_avg:3290.53ms
step:234/6200 train_loss:4.6005 train_time:737076ms step_avg:3290.52ms
step:235/6200 train_loss:4.7226 train_time:740366ms step_avg:3290.52ms
step:236/6200 train_loss:4.6930 train_time:743653ms step_avg:3290.50ms
step:237/6200 train_loss:4.3792 train_time:746943ms step_avg:3290.50ms
step:238/6200 train_loss:4.7585 train_time:750230ms step_avg:3290.48ms
step:239/6200 train_loss:4.5614 train_time:753519ms step_avg:3290.47ms
step:240/6200 train_loss:4.3462 train_time:756807ms step_avg:3290.47ms
step:241/6200 train_loss:4.6872 train_time:760096ms step_avg:3290.46ms
step:242/6200 train_loss:4.4634 train_time:763384ms step_avg:3290.45ms
step:243/6200 train_loss:4.6155 train_time:766673ms step_avg:3290.44ms
step:244/6200 train_loss:4.8681 train_time:769962ms step_avg:3290.43ms
step:245/6200 train_loss:4.4660 train_time:773251ms step_avg:3290.43ms
step:246/6200 train_loss:4.6274 train_time:776543ms step_avg:3290.44ms
step:247/6200 train_loss:4.5854 train_time:779832ms step_avg:3290.43ms
step:248/6200 train_loss:4.6154 train_time:783122ms step_avg:3290.43ms
step:249/6200 train_loss:4.5672 train_time:786411ms step_avg:3290.42ms
step:250/6200 train_loss:4.7167 train_time:789703ms step_avg:3290.43ms
step:250/6200 val_loss:4.5789 train_time:789715ms step_avg:3290.48ms
step:251/6200 train_loss:4.5593 train_time:792985ms step_avg:3290.40ms
step:252/6200 train_loss:4.6941 train_time:796266ms step_avg:3290.36ms
step:253/6200 train_loss:4.4808 train_time:799545ms step_avg:3290.31ms
step:254/6200 train_loss:4.5856 train_time:802825ms step_avg:3290.27ms
step:255/6200 train_loss:4.5267 train_time:806099ms step_avg:3290.20ms
step:256/6200 train_loss:4.5907 train_time:809376ms step_avg:3290.15ms
step:257/6200 train_loss:4.5409 train_time:812658ms step_avg:3290.11ms
step:258/6200 train_loss:4.6978 train_time:815937ms step_avg:3290.07ms
step:259/6200 train_loss:4.3476 train_time:819217ms step_avg:3290.03ms
step:260/6200 train_loss:4.3917 train_time:822495ms step_avg:3289.98ms
step:261/6200 train_loss:4.5929 train_time:825775ms step_avg:3289.94ms
step:262/6200 train_loss:4.5019 train_time:829053ms step_avg:3289.89ms
step:263/6200 train_loss:4.6316 train_time:832332ms step_avg:3289.85ms
step:264/6200 train_loss:4.6420 train_time:835612ms step_avg:3289.81ms
step:265/6200 train_loss:4.4465 train_time:838893ms step_avg:3289.78ms
step:266/6200 train_loss:4.5902 train_time:842178ms step_avg:3289.76ms
step:267/6200 train_loss:4.3167 train_time:845460ms step_avg:3289.73ms
step:268/6200 train_loss:4.7547 train_time:848737ms step_avg:3289.68ms
step:269/6200 train_loss:4.5286 train_time:852018ms step_avg:3289.65ms
step:270/6200 train_loss:4.3868 train_time:855297ms step_avg:3289.60ms
step:271/6200 train_loss:4.5131 train_time:858579ms step_avg:3289.57ms
step:272/6200 train_loss:4.5324 train_time:861859ms step_avg:3289.54ms
step:273/6200 train_loss:4.4929 train_time:865141ms step_avg:3289.51ms
step:274/6200 train_loss:4.3128 train_time:868419ms step_avg:3289.47ms
step:275/6200 train_loss:4.5065 train_time:871702ms step_avg:3289.44ms
step:276/6200 train_loss:4.6915 train_time:874986ms step_avg:3289.42ms
step:277/6200 train_loss:4.3607 train_time:878261ms step_avg:3289.37ms
step:278/6200 train_loss:4.4479 train_time:881541ms step_avg:3289.33ms
step:279/6200 train_loss:4.3855 train_time:884827ms step_avg:3289.32ms
step:280/6200 train_loss:4.4846 train_time:888109ms step_avg:3289.29ms
step:281/6200 train_loss:4.7079 train_time:891394ms step_avg:3289.28ms
step:282/6200 train_loss:4.9410 train_time:894676ms step_avg:3289.25ms
step:283/6200 train_loss:4.4492 train_time:897960ms step_avg:3289.23ms
step:284/6200 train_loss:4.0858 train_time:901244ms step_avg:3289.21ms
step:285/6200 train_loss:4.4659 train_time:904530ms step_avg:3289.20ms
step:286/6200 train_loss:4.6793 train_time:907816ms step_avg:3289.19ms
step:287/6200 train_loss:4.4907 train_time:911101ms step_avg:3289.17ms
step:288/6200 train_loss:4.4967 train_time:914389ms step_avg:3289.17ms
step:289/6200 train_loss:4.3746 train_time:917673ms step_avg:3289.15ms
step:290/6200 train_loss:4.3340 train_time:920957ms step_avg:3289.13ms
step:291/6200 train_loss:4.5615 train_time:924239ms step_avg:3289.11ms
step:292/6200 train_loss:4.4337 train_time:927520ms step_avg:3289.08ms
step:293/6200 train_loss:4.6021 train_time:930805ms step_avg:3289.06ms
step:294/6200 train_loss:4.2353 train_time:934090ms step_avg:3289.05ms
step:295/6200 train_loss:4.7032 train_time:937371ms step_avg:3289.02ms
step:296/6200 train_loss:4.5273 train_time:940658ms step_avg:3289.01ms
step:297/6200 train_loss:4.6584 train_time:943942ms step_avg:3289.00ms
step:298/6200 train_loss:4.5129 train_time:947228ms step_avg:3288.99ms
step:299/6200 train_loss:4.5127 train_time:950514ms step_avg:3288.98ms
step:300/6200 train_loss:4.3639 train_time:953801ms step_avg:3288.97ms
step:301/6200 train_loss:4.5459 train_time:957086ms step_avg:3288.96ms
step:302/6200 train_loss:4.4362 train_time:960374ms step_avg:3288.95ms
step:303/6200 train_loss:4.4363 train_time:963658ms step_avg:3288.94ms
step:304/6200 train_loss:4.2639 train_time:966941ms step_avg:3288.91ms
step:305/6200 train_loss:4.1811 train_time:970224ms step_avg:3288.89ms
step:306/6200 train_loss:4.3911 train_time:973512ms step_avg:3288.89ms
step:307/6200 train_loss:4.4751 train_time:976799ms step_avg:3288.89ms
step:308/6200 train_loss:4.4925 train_time:980083ms step_avg:3288.87ms
step:309/6200 train_loss:4.3191 train_time:983369ms step_avg:3288.86ms
step:310/6200 train_loss:4.5771 train_time:986653ms step_avg:3288.84ms
step:311/6200 train_loss:4.3484 train_time:989935ms step_avg:3288.82ms
step:312/6200 train_loss:4.3300 train_time:993220ms step_avg:3288.81ms
step:313/6200 train_loss:4.3949 train_time:996506ms step_avg:3288.80ms
step:314/6200 train_loss:4.4263 train_time:999792ms step_avg:3288.79ms
step:315/6200 train_loss:4.3151 train_time:1003077ms step_avg:3288.78ms
step:316/6200 train_loss:4.3127 train_time:1006361ms step_avg:3288.76ms
step:317/6200 train_loss:4.3336 train_time:1009646ms step_avg:3288.75ms
step:318/6200 train_loss:4.4000 train_time:1012932ms step_avg:3288.74ms
step:319/6200 train_loss:4.2444 train_time:1016218ms step_avg:3288.73ms
step:320/6200 train_loss:4.4490 train_time:1019500ms step_avg:3288.71ms
step:321/6200 train_loss:4.3414 train_time:1022785ms step_avg:3288.70ms
step:322/6200 train_loss:4.1952 train_time:1026070ms step_avg:3288.69ms
step:323/6200 train_loss:4.4206 train_time:1029357ms step_avg:3288.68ms
step:324/6200 train_loss:4.6434 train_time:1032638ms step_avg:3288.66ms
step:325/6200 train_loss:4.3410 train_time:1035925ms step_avg:3288.65ms
step:326/6200 train_loss:4.5153 train_time:1039213ms step_avg:3288.65ms
step:327/6200 train_loss:4.4407 train_time:1042498ms step_avg:3288.64ms
step:328/6200 train_loss:4.4644 train_time:1045787ms step_avg:3288.64ms
step:329/6200 train_loss:4.3771 train_time:1049076ms step_avg:3288.64ms
step:330/6200 train_loss:4.2667 train_time:1052362ms step_avg:3288.63ms
step:331/6200 train_loss:4.4083 train_time:1055649ms step_avg:3288.63ms
step:332/6200 train_loss:4.3570 train_time:1058938ms step_avg:3288.63ms
step:333/6200 train_loss:4.2722 train_time:1062224ms step_avg:3288.62ms
step:334/6200 train_loss:4.2023 train_time:1065511ms step_avg:3288.61ms
step:335/6200 train_loss:4.1368 train_time:1068797ms step_avg:3288.60ms
step:336/6200 train_loss:4.4175 train_time:1072083ms step_avg:3288.60ms
step:337/6200 train_loss:4.2076 train_time:1075369ms step_avg:3288.59ms
step:338/6200 train_loss:4.2856 train_time:1078653ms step_avg:3288.58ms
step:339/6200 train_loss:4.4837 train_time:1081940ms step_avg:3288.57ms
step:340/6200 train_loss:4.3130 train_time:1085228ms step_avg:3288.57ms
step:341/6200 train_loss:4.4726 train_time:1088510ms step_avg:3288.55ms
step:342/6200 train_loss:4.4098 train_time:1091796ms step_avg:3288.54ms
step:343/6200 train_loss:5.0103 train_time:1095082ms step_avg:3288.54ms
step:344/6200 train_loss:4.3266 train_time:1098368ms step_avg:3288.53ms
step:345/6200 train_loss:4.1533 train_time:1101656ms step_avg:3288.53ms
step:346/6200 train_loss:4.1110 train_time:1104945ms step_avg:3288.53ms
step:347/6200 train_loss:4.4527 train_time:1108230ms step_avg:3288.52ms
step:348/6200 train_loss:4.2717 train_time:1111514ms step_avg:3288.50ms
step:349/6200 train_loss:4.3558 train_time:1114800ms step_avg:3288.50ms
step:350/6200 train_loss:4.1595 train_time:1118084ms step_avg:3288.48ms
step:351/6200 train_loss:4.1670 train_time:1121368ms step_avg:3288.47ms
step:352/6200 train_loss:4.5944 train_time:1124658ms step_avg:3288.48ms
step:353/6200 train_loss:4.1704 train_time:1127942ms step_avg:3288.46ms
step:354/6200 train_loss:4.3923 train_time:1131229ms step_avg:3288.46ms
step:355/6200 train_loss:4.3585 train_time:1134512ms step_avg:3288.44ms
step:356/6200 train_loss:4.1105 train_time:1137800ms step_avg:3288.44ms
step:357/6200 train_loss:4.0781 train_time:1141086ms step_avg:3288.43ms
step:358/6200 train_loss:4.4777 train_time:1144374ms step_avg:3288.43ms
step:359/6200 train_loss:4.2487 train_time:1147664ms step_avg:3288.43ms
step:360/6200 train_loss:4.1383 train_time:1150948ms step_avg:3288.42ms
step:361/6200 train_loss:4.2476 train_time:1154237ms step_avg:3288.42ms
step:362/6200 train_loss:4.0890 train_time:1157518ms step_avg:3288.40ms
step:363/6200 train_loss:4.2770 train_time:1160804ms step_avg:3288.40ms
step:364/6200 train_loss:4.1706 train_time:1164088ms step_avg:3288.38ms
step:365/6200 train_loss:4.2055 train_time:1167373ms step_avg:3288.37ms
step:366/6200 train_loss:4.3693 train_time:1170655ms step_avg:3288.36ms
step:367/6200 train_loss:4.1561 train_time:1173942ms step_avg:3288.35ms
step:368/6200 train_loss:4.2662 train_time:1177231ms step_avg:3288.36ms
step:369/6200 train_loss:4.2498 train_time:1180520ms step_avg:3288.36ms
step:370/6200 train_loss:4.0526 train_time:1183806ms step_avg:3288.35ms
step:371/6200 train_loss:4.2351 train_time:1187086ms step_avg:3288.33ms
step:372/6200 train_loss:4.1553 train_time:1190375ms step_avg:3288.33ms
step:373/6200 train_loss:4.2801 train_time:1193660ms step_avg:3288.32ms
step:374/6200 train_loss:4.2168 train_time:1196948ms step_avg:3288.32ms
step:375/6200 train_loss:4.1405 train_time:1200234ms step_avg:3288.31ms
step:375/6200 val_loss:4.2064 train_time:1200246ms step_avg:3288.35ms
step:376/6200 train_loss:4.4574 train_time:1203512ms step_avg:3288.29ms
step:377/6200 train_loss:3.9688 train_time:1206789ms step_avg:3288.25ms
step:378/6200 train_loss:4.2976 train_time:1210063ms step_avg:3288.21ms
step:379/6200 train_loss:4.2039 train_time:1213337ms step_avg:3288.18ms
step:380/6200 train_loss:4.1703 train_time:1216610ms step_avg:3288.13ms
step:381/6200 train_loss:4.1192 train_time:1219890ms step_avg:3288.11ms
step:382/6200 train_loss:4.1259 train_time:1223414ms step_avg:3288.75ms
step:383/6200 train_loss:4.0898 train_time:1226687ms step_avg:3288.71ms
step:384/6200 train_loss:4.1454 train_time:1229962ms step_avg:3288.67ms
step:385/6200 train_loss:3.9869 train_time:1233235ms step_avg:3288.63ms
step:386/6200 train_loss:4.3178 train_time:1236512ms step_avg:3288.59ms
step:387/6200 train_loss:4.0621 train_time:1239790ms step_avg:3288.57ms
step:388/6200 train_loss:4.1859 train_time:1243069ms step_avg:3288.54ms
step:389/6200 train_loss:4.2504 train_time:1246347ms step_avg:3288.51ms
step:390/6200 train_loss:4.2490 train_time:1249623ms step_avg:3288.48ms
step:391/6200 train_loss:4.0323 train_time:1252898ms step_avg:3288.45ms
step:392/6200 train_loss:3.8632 train_time:1256173ms step_avg:3288.41ms
step:393/6200 train_loss:4.0263 train_time:1259447ms step_avg:3288.37ms
step:394/6200 train_loss:4.2609 train_time:1262721ms step_avg:3288.34ms
step:395/6200 train_loss:4.1238 train_time:1265995ms step_avg:3288.30ms
step:396/6200 train_loss:4.1809 train_time:1269272ms step_avg:3288.27ms
step:397/6200 train_loss:3.9951 train_time:1272555ms step_avg:3288.26ms
step:398/6200 train_loss:4.1676 train_time:1275835ms step_avg:3288.23ms
step:399/6200 train_loss:4.1487 train_time:1279112ms step_avg:3288.21ms
step:400/6200 train_loss:4.0913 train_time:1282395ms step_avg:3288.19ms
step:401/6200 train_loss:4.1119 train_time:1285671ms step_avg:3288.16ms
step:402/6200 train_loss:4.0457 train_time:1288952ms step_avg:3288.14ms
step:403/6200 train_loss:4.2985 train_time:1292233ms step_avg:3288.12ms
step:404/6200 train_loss:4.2022 train_time:1295514ms step_avg:3288.11ms
step:405/6200 train_loss:4.2197 train_time:1298792ms step_avg:3288.08ms
step:406/6200 train_loss:4.1952 train_time:1302070ms step_avg:3288.06ms
step:407/6200 train_loss:4.1009 train_time:1305353ms step_avg:3288.04ms
step:408/6200 train_loss:4.0302 train_time:1308632ms step_avg:3288.02ms
step:409/6200 train_loss:4.0450 train_time:1311905ms step_avg:3287.98ms
step:410/6200 train_loss:3.9811 train_time:1315182ms step_avg:3287.96ms
step:411/6200 train_loss:4.1725 train_time:1318462ms step_avg:3287.94ms
step:412/6200 train_loss:4.1348 train_time:1321740ms step_avg:3287.91ms
step:413/6200 train_loss:4.0996 train_time:1325021ms step_avg:3287.89ms
step:414/6200 train_loss:4.0777 train_time:1328297ms step_avg:3287.86ms
step:415/6200 train_loss:3.9791 train_time:1331573ms step_avg:3287.83ms
step:416/6200 train_loss:4.1415 train_time:1334853ms step_avg:3287.82ms
step:417/6200 train_loss:4.3123 train_time:1338137ms step_avg:3287.80ms
step:418/6200 train_loss:4.0122 train_time:1341415ms step_avg:3287.78ms
step:419/6200 train_loss:4.1492 train_time:1344692ms step_avg:3287.76ms
step:420/6200 train_loss:4.3401 train_time:1347971ms step_avg:3287.74ms
step:421/6200 train_loss:4.1171 train_time:1351253ms step_avg:3287.72ms
step:422/6200 train_loss:4.2319 train_time:1354532ms step_avg:3287.70ms
step:423/6200 train_loss:3.9821 train_time:1357812ms step_avg:3287.68ms
step:424/6200 train_loss:4.0449 train_time:1361089ms step_avg:3287.65ms
step:425/6200 train_loss:3.9157 train_time:1364367ms step_avg:3287.63ms
step:426/6200 train_loss:4.2381 train_time:1367644ms step_avg:3287.61ms
step:427/6200 train_loss:4.1543 train_time:1370922ms step_avg:3287.58ms
step:428/6200 train_loss:4.1857 train_time:1374199ms step_avg:3287.56ms
step:429/6200 train_loss:4.2069 train_time:1377482ms step_avg:3287.55ms
step:430/6200 train_loss:3.9529 train_time:1380763ms step_avg:3287.53ms
step:431/6200 train_loss:3.8679 train_time:1384042ms step_avg:3287.51ms
step:432/6200 train_loss:4.2762 train_time:1387318ms step_avg:3287.48ms
step:433/6200 train_loss:4.1816 train_time:1390597ms step_avg:3287.46ms
step:434/6200 train_loss:4.1166 train_time:1393879ms step_avg:3287.45ms
step:435/6200 train_loss:3.9060 train_time:1397158ms step_avg:3287.43ms
step:436/6200 train_loss:4.1852 train_time:1400440ms step_avg:3287.42ms
step:437/6200 train_loss:4.2090 train_time:1403722ms step_avg:3287.41ms
step:438/6200 train_loss:4.1077 train_time:1407003ms step_avg:3287.39ms
step:439/6200 train_loss:4.0987 train_time:1410282ms step_avg:3287.37ms
step:440/6200 train_loss:4.0334 train_time:1413562ms step_avg:3287.35ms
step:441/6200 train_loss:4.0156 train_time:1416844ms step_avg:3287.34ms
step:442/6200 train_loss:4.1751 train_time:1420125ms step_avg:3287.33ms
step:443/6200 train_loss:3.9100 train_time:1423409ms step_avg:3287.32ms
step:444/6200 train_loss:4.0014 train_time:1426693ms step_avg:3287.31ms
step:445/6200 train_loss:4.3840 train_time:1429975ms step_avg:3287.30ms
step:446/6200 train_loss:3.9942 train_time:1433257ms step_avg:3287.29ms
step:447/6200 train_loss:4.2165 train_time:1436545ms step_avg:3287.29ms
step:448/6200 train_loss:4.2629 train_time:1439830ms step_avg:3287.28ms
step:449/6200 train_loss:4.0832 train_time:1443113ms step_avg:3287.27ms
step:450/6200 train_loss:4.1443 train_time:1446393ms step_avg:3287.26ms
step:451/6200 train_loss:4.1088 train_time:1449677ms step_avg:3287.25ms
step:452/6200 train_loss:4.1400 train_time:1452960ms step_avg:3287.24ms
step:453/6200 train_loss:4.4831 train_time:1456244ms step_avg:3287.23ms
step:454/6200 train_loss:3.8862 train_time:1459527ms step_avg:3287.22ms
step:455/6200 train_loss:4.0394 train_time:1462811ms step_avg:3287.22ms
step:456/6200 train_loss:4.1536 train_time:1466094ms step_avg:3287.21ms
step:457/6200 train_loss:4.0470 train_time:1469378ms step_avg:3287.20ms
step:458/6200 train_loss:4.1313 train_time:1472664ms step_avg:3287.20ms
step:459/6200 train_loss:4.2221 train_time:1475945ms step_avg:3287.18ms
step:460/6200 train_loss:3.8683 train_time:1479224ms step_avg:3287.17ms
step:461/6200 train_loss:4.0567 train_time:1482505ms step_avg:3287.15ms
step:462/6200 train_loss:4.1036 train_time:1485788ms step_avg:3287.14ms
step:463/6200 train_loss:3.9196 train_time:1489072ms step_avg:3287.13ms
step:464/6200 train_loss:4.0021 train_time:1492362ms step_avg:3287.14ms
step:465/6200 train_loss:4.2766 train_time:1495648ms step_avg:3287.14ms
step:466/6200 train_loss:3.9580 train_time:1498931ms step_avg:3287.13ms
step:467/6200 train_loss:3.9225 train_time:1502220ms step_avg:3287.13ms
step:468/6200 train_loss:3.9336 train_time:1505507ms step_avg:3287.13ms
step:469/6200 train_loss:4.3182 train_time:1508793ms step_avg:3287.13ms
step:470/6200 train_loss:4.1243 train_time:1512083ms step_avg:3287.14ms
step:471/6200 train_loss:3.8737 train_time:1515370ms step_avg:3287.14ms
step:472/6200 train_loss:4.1638 train_time:1518658ms step_avg:3287.14ms
step:473/6200 train_loss:3.9573 train_time:1521947ms step_avg:3287.14ms
step:474/6200 train_loss:4.1720 train_time:1525234ms step_avg:3287.14ms
step:475/6200 train_loss:4.1653 train_time:1528523ms step_avg:3287.15ms
step:476/6200 train_loss:4.0474 train_time:1531812ms step_avg:3287.15ms
step:477/6200 train_loss:4.2746 train_time:1535101ms step_avg:3287.15ms
step:478/6200 train_loss:4.1103 train_time:1538389ms step_avg:3287.16ms
step:479/6200 train_loss:4.2964 train_time:1541674ms step_avg:3287.15ms
step:480/6200 train_loss:3.9285 train_time:1544961ms step_avg:3287.15ms
step:481/6200 train_loss:4.0002 train_time:1548250ms step_avg:3287.16ms
step:482/6200 train_loss:4.1522 train_time:1551542ms step_avg:3287.17ms
step:483/6200 train_loss:4.0806 train_time:1554829ms step_avg:3287.17ms
step:484/6200 train_loss:4.1310 train_time:1558121ms step_avg:3287.18ms
step:485/6200 train_loss:4.0619 train_time:1561411ms step_avg:3287.18ms
step:486/6200 train_loss:3.8559 train_time:1564696ms step_avg:3287.18ms
step:487/6200 train_loss:4.0027 train_time:1567985ms step_avg:3287.18ms
step:488/6200 train_loss:4.0987 train_time:1571271ms step_avg:3287.18ms
step:489/6200 train_loss:4.0866 train_time:1574561ms step_avg:3287.18ms
step:490/6200 train_loss:4.3650 train_time:1577853ms step_avg:3287.19ms
step:491/6200 train_loss:3.9374 train_time:1581144ms step_avg:3287.20ms
step:492/6200 train_loss:3.9315 train_time:1584434ms step_avg:3287.21ms
step:493/6200 train_loss:4.0684 train_time:1587727ms step_avg:3287.22ms
step:494/6200 train_loss:3.8265 train_time:1591015ms step_avg:3287.22ms
step:495/6200 train_loss:4.1628 train_time:1594307ms step_avg:3287.23ms
step:496/6200 train_loss:4.3160 train_time:1597596ms step_avg:3287.23ms
step:497/6200 train_loss:4.0400 train_time:1600885ms step_avg:3287.24ms
step:498/6200 train_loss:4.0098 train_time:1604173ms step_avg:3287.24ms
step:499/6200 train_loss:4.0107 train_time:1607461ms step_avg:3287.24ms
step:500/6200 train_loss:3.8827 train_time:1610749ms step_avg:3287.24ms
step:500/6200 val_loss:4.0153 train_time:1610762ms step_avg:3287.27ms
step:501/6200 train_loss:3.9582 train_time:1614036ms step_avg:3287.24ms
step:502/6200 train_loss:3.9479 train_time:1617315ms step_avg:3287.22ms
step:503/6200 train_loss:4.1350 train_time:1620595ms step_avg:3287.21ms
step:504/6200 train_loss:3.8912 train_time:1623874ms step_avg:3287.19ms
step:505/6200 train_loss:4.2724 train_time:1627151ms step_avg:3287.17ms
step:506/6200 train_loss:3.9787 train_time:1630426ms step_avg:3287.15ms
step:507/6200 train_loss:4.2080 train_time:1633703ms step_avg:3287.13ms
step:508/6200 train_loss:4.3705 train_time:1636974ms step_avg:3287.10ms
step:509/6200 train_loss:3.8378 train_time:1640250ms step_avg:3287.07ms
step:510/6200 train_loss:4.1481 train_time:1643525ms step_avg:3287.05ms
step:511/6200 train_loss:3.9842 train_time:1646799ms step_avg:3287.02ms
step:512/6200 train_loss:3.9633 train_time:1650072ms step_avg:3287.00ms
step:513/6200 train_loss:3.7728 train_time:1653351ms step_avg:3286.98ms
step:514/6200 train_loss:3.9361 train_time:1656630ms step_avg:3286.96ms
step:515/6200 train_loss:4.5225 train_time:1659913ms step_avg:3286.96ms
step:516/6200 train_loss:4.0999 train_time:1663191ms step_avg:3286.94ms
step:517/6200 train_loss:4.0092 train_time:1666470ms step_avg:3286.92ms
step:518/6200 train_loss:3.9813 train_time:1669749ms step_avg:3286.91ms
step:519/6200 train_loss:3.8987 train_time:1673027ms step_avg:3286.89ms
step:520/6200 train_loss:4.3139 train_time:1676310ms step_avg:3286.88ms
step:521/6200 train_loss:3.9827 train_time:1679594ms step_avg:3286.88ms
step:522/6200 train_loss:3.8715 train_time:1682875ms step_avg:3286.87ms
step:523/6200 train_loss:4.2285 train_time:1686156ms step_avg:3286.85ms
step:524/6200 train_loss:3.8222 train_time:1689438ms step_avg:3286.84ms
step:525/6200 train_loss:3.9136 train_time:1692720ms step_avg:3286.84ms
step:526/6200 train_loss:4.1267 train_time:1696003ms step_avg:3286.83ms
step:527/6200 train_loss:4.0824 train_time:1699282ms step_avg:3286.81ms
step:528/6200 train_loss:3.9477 train_time:1702562ms step_avg:3286.80ms
step:529/6200 train_loss:4.0590 train_time:1705847ms step_avg:3286.80ms
step:530/6200 train_loss:3.9594 train_time:1709128ms step_avg:3286.78ms
step:531/6200 train_loss:3.9976 train_time:1712409ms step_avg:3286.77ms
step:532/6200 train_loss:4.0303 train_time:1715694ms step_avg:3286.77ms
step:533/6200 train_loss:4.0260 train_time:1718975ms step_avg:3286.76ms
step:534/6200 train_loss:4.0261 train_time:1722254ms step_avg:3286.74ms
step:535/6200 train_loss:4.0063 train_time:1725536ms step_avg:3286.74ms
step:536/6200 train_loss:3.9966 train_time:1728819ms step_avg:3286.73ms
step:537/6200 train_loss:4.1253 train_time:1732104ms step_avg:3286.73ms
step:538/6200 train_loss:3.8934 train_time:1735388ms step_avg:3286.72ms
step:539/6200 train_loss:4.0500 train_time:1738672ms step_avg:3286.71ms
step:540/6200 train_loss:4.0135 train_time:1741952ms step_avg:3286.70ms
step:541/6200 train_loss:3.9614 train_time:1745230ms step_avg:3286.69ms
step:542/6200 train_loss:4.0641 train_time:1748509ms step_avg:3286.67ms
step:543/6200 train_loss:4.0195 train_time:1751793ms step_avg:3286.67ms
step:544/6200 train_loss:3.9717 train_time:1755072ms step_avg:3286.65ms
step:545/6200 train_loss:4.0390 train_time:1758355ms step_avg:3286.64ms
step:546/6200 train_loss:4.1460 train_time:1761642ms step_avg:3286.65ms
step:547/6200 train_loss:3.9664 train_time:1764928ms step_avg:3286.64ms
step:548/6200 train_loss:4.3164 train_time:1768210ms step_avg:3286.64ms
step:549/6200 train_loss:3.5649 train_time:1771494ms step_avg:3286.63ms
step:550/6200 train_loss:4.1091 train_time:1774779ms step_avg:3286.63ms
step:551/6200 train_loss:4.0902 train_time:1778064ms step_avg:3286.62ms
step:552/6200 train_loss:3.8820 train_time:1781349ms step_avg:3286.62ms
step:553/6200 train_loss:4.0858 train_time:1784630ms step_avg:3286.61ms
step:554/6200 train_loss:3.9403 train_time:1787914ms step_avg:3286.61ms
step:555/6200 train_loss:3.9603 train_time:1791200ms step_avg:3286.61ms
step:556/6200 train_loss:4.2601 train_time:1794490ms step_avg:3286.61ms
step:557/6200 train_loss:3.9533 train_time:1797772ms step_avg:3286.60ms
step:558/6200 train_loss:3.9182 train_time:1801061ms step_avg:3286.61ms
step:559/6200 train_loss:3.9226 train_time:1804347ms step_avg:3286.61ms
step:560/6200 train_loss:3.9237 train_time:1807633ms step_avg:3286.61ms
step:561/6200 train_loss:3.9293 train_time:1810917ms step_avg:3286.60ms
step:562/6200 train_loss:3.8906 train_time:1814203ms step_avg:3286.60ms
step:563/6200 train_loss:3.7095 train_time:1817488ms step_avg:3286.60ms
step:564/6200 train_loss:4.0908 train_time:1820774ms step_avg:3286.60ms
step:565/6200 train_loss:3.8851 train_time:1824062ms step_avg:3286.60ms
step:566/6200 train_loss:3.9976 train_time:1827348ms step_avg:3286.60ms
step:567/6200 train_loss:4.2517 train_time:1830630ms step_avg:3286.59ms
step:568/6200 train_loss:4.0080 train_time:1833912ms step_avg:3286.58ms
step:569/6200 train_loss:4.6426 train_time:1837196ms step_avg:3286.58ms
step:570/6200 train_loss:3.9530 train_time:1840477ms step_avg:3286.57ms
step:571/6200 train_loss:3.9329 train_time:1843763ms step_avg:3286.56ms
step:572/6200 train_loss:3.9054 train_time:1847222ms step_avg:3286.87ms
step:573/6200 train_loss:3.6734 train_time:1850508ms step_avg:3286.87ms
step:574/6200 train_loss:3.9067 train_time:1853794ms step_avg:3286.87ms
step:575/6200 train_loss:3.9969 train_time:1857079ms step_avg:3286.87ms
step:576/6200 train_loss:3.8636 train_time:1860363ms step_avg:3286.86ms
step:577/6200 train_loss:3.9526 train_time:1863645ms step_avg:3286.85ms
step:578/6200 train_loss:4.0261 train_time:1866931ms step_avg:3286.85ms
step:579/6200 train_loss:4.0482 train_time:1870216ms step_avg:3286.85ms
step:580/6200 train_loss:4.3667 train_time:1873498ms step_avg:3286.84ms
step:581/6200 train_loss:3.9709 train_time:1876778ms step_avg:3286.83ms
step:582/6200 train_loss:4.0038 train_time:1880064ms step_avg:3286.83ms
step:583/6200 train_loss:3.8974 train_time:1883349ms step_avg:3286.82ms
step:584/6200 train_loss:4.0130 train_time:1886632ms step_avg:3286.82ms
step:585/6200 train_loss:3.9257 train_time:1889917ms step_avg:3286.81ms
step:586/6200 train_loss:3.7612 train_time:1893200ms step_avg:3286.80ms
step:587/6200 train_loss:3.8478 train_time:1896484ms step_avg:3286.80ms
step:588/6200 train_loss:4.1386 train_time:1899768ms step_avg:3286.80ms
step:589/6200 train_loss:3.9508 train_time:1903054ms step_avg:3286.79ms
step:590/6200 train_loss:3.8092 train_time:1906338ms step_avg:3286.79ms
step:591/6200 train_loss:3.8836 train_time:1909625ms step_avg:3286.79ms
step:592/6200 train_loss:3.9794 train_time:1912907ms step_avg:3286.78ms
step:593/6200 train_loss:3.8163 train_time:1916195ms step_avg:3286.78ms
step:594/6200 train_loss:4.0623 train_time:1919476ms step_avg:3286.77ms
step:595/6200 train_loss:3.7341 train_time:1922758ms step_avg:3286.77ms
step:596/6200 train_loss:4.1410 train_time:1926048ms step_avg:3286.77ms
step:597/6200 train_loss:4.0292 train_time:1929333ms step_avg:3286.77ms
step:598/6200 train_loss:3.8763 train_time:1932617ms step_avg:3286.76ms
step:599/6200 train_loss:3.8993 train_time:1935904ms step_avg:3286.76ms
step:600/6200 train_loss:3.8797 train_time:1939190ms step_avg:3286.76ms
step:601/6200 train_loss:3.9419 train_time:1942475ms step_avg:3286.76ms
step:602/6200 train_loss:3.8979 train_time:1945761ms step_avg:3286.76ms
step:603/6200 train_loss:3.9663 train_time:1949048ms step_avg:3286.76ms
step:604/6200 train_loss:4.4097 train_time:1952334ms step_avg:3286.76ms
step:605/6200 train_loss:3.8368 train_time:1955620ms step_avg:3286.76ms
step:606/6200 train_loss:3.8983 train_time:1958902ms step_avg:3286.75ms
step:607/6200 train_loss:3.8291 train_time:1962187ms step_avg:3286.75ms
step:608/6200 train_loss:4.0978 train_time:1965470ms step_avg:3286.74ms
step:609/6200 train_loss:3.9002 train_time:1968755ms step_avg:3286.74ms
step:610/6200 train_loss:3.9831 train_time:1972037ms step_avg:3286.73ms
step:611/6200 train_loss:3.8318 train_time:1975319ms step_avg:3286.72ms
step:612/6200 train_loss:4.0743 train_time:1978603ms step_avg:3286.72ms
step:613/6200 train_loss:3.8900 train_time:1981888ms step_avg:3286.71ms
step:614/6200 train_loss:3.9878 train_time:1985173ms step_avg:3286.71ms
step:615/6200 train_loss:3.8928 train_time:1988458ms step_avg:3286.71ms
step:616/6200 train_loss:4.1373 train_time:1991743ms step_avg:3286.70ms
step:617/6200 train_loss:3.8310 train_time:1995031ms step_avg:3286.71ms
step:618/6200 train_loss:3.8688 train_time:1998312ms step_avg:3286.70ms
step:619/6200 train_loss:4.0115 train_time:2001595ms step_avg:3286.69ms
step:620/6200 train_loss:4.0075 train_time:2004878ms step_avg:3286.69ms
step:621/6200 train_loss:3.8201 train_time:2008162ms step_avg:3286.68ms
step:622/6200 train_loss:3.9013 train_time:2011446ms step_avg:3286.68ms
step:623/6200 train_loss:3.8815 train_time:2014731ms step_avg:3286.67ms
step:624/6200 train_loss:3.9304 train_time:2018018ms step_avg:3286.67ms
step:625/6200 train_loss:3.8350 train_time:2021301ms step_avg:3286.67ms
step:625/6200 val_loss:3.9082 train_time:2021314ms step_avg:3286.69ms
step:626/6200 train_loss:3.8704 train_time:2024585ms step_avg:3286.66ms
step:627/6200 train_loss:3.8716 train_time:2027867ms step_avg:3286.66ms
step:628/6200 train_loss:3.8826 train_time:2031152ms step_avg:3286.65ms
step:629/6200 train_loss:4.1444 train_time:2034433ms step_avg:3286.64ms
step:630/6200 train_loss:3.8938 train_time:2037720ms step_avg:3286.64ms
step:631/6200 train_loss:3.8561 train_time:2041001ms step_avg:3286.64ms
step:632/6200 train_loss:3.7538 train_time:2044276ms step_avg:3286.62ms
step:633/6200 train_loss:3.9510 train_time:2047558ms step_avg:3286.61ms
step:634/6200 train_loss:4.0718 train_time:2050835ms step_avg:3286.59ms
step:635/6200 train_loss:4.1142 train_time:2054118ms step_avg:3286.59ms
step:636/6200 train_loss:3.9816 train_time:2057394ms step_avg:3286.57ms
step:637/6200 train_loss:3.8780 train_time:2060671ms step_avg:3286.56ms
step:638/6200 train_loss:3.7642 train_time:2063953ms step_avg:3286.55ms
step:639/6200 train_loss:3.8603 train_time:2067233ms step_avg:3286.54ms
step:640/6200 train_loss:4.0673 train_time:2070512ms step_avg:3286.53ms
step:641/6200 train_loss:3.8973 train_time:2073795ms step_avg:3286.52ms
step:642/6200 train_loss:4.0283 train_time:2077078ms step_avg:3286.52ms
step:643/6200 train_loss:4.2882 train_time:2080358ms step_avg:3286.51ms
step:644/6200 train_loss:3.9192 train_time:2083641ms step_avg:3286.50ms
step:645/6200 train_loss:4.1236 train_time:2086924ms step_avg:3286.49ms
step:646/6200 train_loss:3.9574 train_time:2090199ms step_avg:3286.48ms
step:647/6200 train_loss:3.9104 train_time:2093477ms step_avg:3286.46ms
step:648/6200 train_loss:3.9873 train_time:2096755ms step_avg:3286.45ms
step:649/6200 train_loss:3.9626 train_time:2100040ms step_avg:3286.45ms
step:650/6200 train_loss:4.0206 train_time:2103325ms step_avg:3286.45ms
step:651/6200 train_loss:3.9006 train_time:2106612ms step_avg:3286.45ms
step:652/6200 train_loss:4.0003 train_time:2109891ms step_avg:3286.43ms
step:653/6200 train_loss:3.9345 train_time:2113172ms step_avg:3286.43ms
step:654/6200 train_loss:3.9800 train_time:2116453ms step_avg:3286.42ms
step:655/6200 train_loss:3.7015 train_time:2119736ms step_avg:3286.41ms
step:656/6200 train_loss:4.1758 train_time:2123015ms step_avg:3286.40ms
step:657/6200 train_loss:3.8699 train_time:2126298ms step_avg:3286.40ms
step:658/6200 train_loss:3.9162 train_time:2129578ms step_avg:3286.39ms
step:659/6200 train_loss:3.8075 train_time:2132861ms step_avg:3286.38ms
step:660/6200 train_loss:3.8491 train_time:2136141ms step_avg:3286.37ms
step:661/6200 train_loss:3.9352 train_time:2139424ms step_avg:3286.37ms
step:662/6200 train_loss:3.8824 train_time:2142706ms step_avg:3286.36ms
step:663/6200 train_loss:3.8104 train_time:2145988ms step_avg:3286.35ms
step:664/6200 train_loss:3.9235 train_time:2149271ms step_avg:3286.35ms
step:665/6200 train_loss:3.8327 train_time:2152552ms step_avg:3286.34ms
step:666/6200 train_loss:3.6876 train_time:2155835ms step_avg:3286.33ms
step:667/6200 train_loss:3.7636 train_time:2159118ms step_avg:3286.33ms
step:668/6200 train_loss:3.9159 train_time:2162397ms step_avg:3286.32ms
step:669/6200 train_loss:3.8394 train_time:2165680ms step_avg:3286.31ms
step:670/6200 train_loss:3.7730 train_time:2168960ms step_avg:3286.30ms
step:671/6200 train_loss:4.0343 train_time:2172244ms step_avg:3286.30ms
step:672/6200 train_loss:3.9516 train_time:2175526ms step_avg:3286.29ms
step:673/6200 train_loss:4.2642 train_time:2178809ms step_avg:3286.29ms
step:674/6200 train_loss:3.8264 train_time:2182090ms step_avg:3286.28ms
step:675/6200 train_loss:3.8235 train_time:2185368ms step_avg:3286.27ms
step:676/6200 train_loss:3.7842 train_time:2188652ms step_avg:3286.26ms
step:677/6200 train_loss:4.2105 train_time:2191932ms step_avg:3286.25ms
step:678/6200 train_loss:3.8597 train_time:2195214ms step_avg:3286.25ms
step:679/6200 train_loss:3.8324 train_time:2198495ms step_avg:3286.24ms
step:680/6200 train_loss:4.0109 train_time:2201775ms step_avg:3286.23ms
step:681/6200 train_loss:4.1129 train_time:2205056ms step_avg:3286.22ms
step:682/6200 train_loss:3.8602 train_time:2208335ms step_avg:3286.21ms
step:683/6200 train_loss:3.7888 train_time:2211616ms step_avg:3286.21ms
step:684/6200 train_loss:3.6410 train_time:2214893ms step_avg:3286.19ms
step:685/6200 train_loss:3.9185 train_time:2218172ms step_avg:3286.18ms
step:686/6200 train_loss:3.7524 train_time:2221448ms step_avg:3286.17ms
step:687/6200 train_loss:3.8427 train_time:2224721ms step_avg:3286.15ms
step:688/6200 train_loss:3.8691 train_time:2228006ms step_avg:3286.14ms
step:689/6200 train_loss:3.8041 train_time:2231285ms step_avg:3286.13ms
step:690/6200 train_loss:4.0315 train_time:2234566ms step_avg:3286.13ms
step:691/6200 train_loss:3.9438 train_time:2237845ms step_avg:3286.12ms
step:692/6200 train_loss:3.7061 train_time:2241130ms step_avg:3286.11ms
step:693/6200 train_loss:3.9776 train_time:2244407ms step_avg:3286.10ms
step:694/6200 train_loss:3.8217 train_time:2247685ms step_avg:3286.09ms
step:695/6200 train_loss:3.6665 train_time:2250965ms step_avg:3286.08ms
step:696/6200 train_loss:3.9006 train_time:2254248ms step_avg:3286.08ms
step:697/6200 train_loss:3.9215 train_time:2257529ms step_avg:3286.07ms
step:698/6200 train_loss:3.7900 train_time:2260807ms step_avg:3286.06ms
step:699/6200 train_loss:3.8339 train_time:2264090ms step_avg:3286.05ms
step:700/6200 train_loss:4.3117 train_time:2267370ms step_avg:3286.04ms
step:701/6200 train_loss:3.8332 train_time:2270648ms step_avg:3286.03ms
step:702/6200 train_loss:3.9550 train_time:2273929ms step_avg:3286.02ms
step:703/6200 train_loss:3.9133 train_time:2277210ms step_avg:3286.02ms
step:704/6200 train_loss:4.0211 train_time:2280486ms step_avg:3286.00ms
step:705/6200 train_loss:3.9428 train_time:2283761ms step_avg:3285.99ms
step:706/6200 train_loss:3.7249 train_time:2287042ms step_avg:3285.98ms
step:707/6200 train_loss:3.8768 train_time:2290319ms step_avg:3285.97ms
step:708/6200 train_loss:3.9446 train_time:2293598ms step_avg:3285.96ms
step:709/6200 train_loss:3.7859 train_time:2296874ms step_avg:3285.94ms
step:710/6200 train_loss:3.9989 train_time:2300153ms step_avg:3285.93ms
step:711/6200 train_loss:3.6650 train_time:2303433ms step_avg:3285.92ms
step:712/6200 train_loss:3.8699 train_time:2306712ms step_avg:3285.91ms
step:713/6200 train_loss:3.8393 train_time:2309998ms step_avg:3285.91ms
step:714/6200 train_loss:3.7494 train_time:2313273ms step_avg:3285.90ms
step:715/6200 train_loss:3.9311 train_time:2316554ms step_avg:3285.89ms
step:716/6200 train_loss:3.6295 train_time:2319836ms step_avg:3285.89ms
step:717/6200 train_loss:3.8116 train_time:2323114ms step_avg:3285.88ms
step:718/6200 train_loss:3.8801 train_time:2326396ms step_avg:3285.87ms
step:719/6200 train_loss:3.7442 train_time:2329678ms step_avg:3285.86ms
step:720/6200 train_loss:3.7443 train_time:2332957ms step_avg:3285.86ms
step:721/6200 train_loss:3.8548 train_time:2336240ms step_avg:3285.85ms
step:722/6200 train_loss:3.7360 train_time:2339519ms step_avg:3285.84ms
step:723/6200 train_loss:3.8313 train_time:2342798ms step_avg:3285.83ms
step:724/6200 train_loss:3.9059 train_time:2346077ms step_avg:3285.82ms
step:725/6200 train_loss:3.9329 train_time:2349354ms step_avg:3285.81ms
step:726/6200 train_loss:4.0158 train_time:2352631ms step_avg:3285.80ms
step:727/6200 train_loss:3.8610 train_time:2355913ms step_avg:3285.79ms
step:728/6200 train_loss:3.7553 train_time:2359193ms step_avg:3285.78ms
step:729/6200 train_loss:3.9851 train_time:2362471ms step_avg:3285.77ms
step:730/6200 train_loss:3.7736 train_time:2365754ms step_avg:3285.77ms
step:731/6200 train_loss:4.0991 train_time:2369029ms step_avg:3285.76ms
step:732/6200 train_loss:4.2151 train_time:2372308ms step_avg:3285.74ms
step:733/6200 train_loss:3.8966 train_time:2375585ms step_avg:3285.73ms
step:734/6200 train_loss:4.1619 train_time:2378862ms step_avg:3285.72ms
step:735/6200 train_loss:3.7010 train_time:2382142ms step_avg:3285.71ms
step:736/6200 train_loss:3.8649 train_time:2385420ms step_avg:3285.70ms
step:737/6200 train_loss:3.9598 train_time:2388702ms step_avg:3285.70ms
step:738/6200 train_loss:4.4150 train_time:2391981ms step_avg:3285.69ms
step:739/6200 train_loss:3.9193 train_time:2395264ms step_avg:3285.69ms
step:740/6200 train_loss:3.7717 train_time:2398546ms step_avg:3285.68ms
step:741/6200 train_loss:3.9442 train_time:2401822ms step_avg:3285.67ms
step:742/6200 train_loss:3.8664 train_time:2405102ms step_avg:3285.66ms
step:743/6200 train_loss:3.8172 train_time:2408383ms step_avg:3285.65ms
step:744/6200 train_loss:3.5755 train_time:2411665ms step_avg:3285.65ms
step:745/6200 train_loss:3.8813 train_time:2414944ms step_avg:3285.64ms
step:746/6200 train_loss:3.8634 train_time:2418226ms step_avg:3285.63ms
step:747/6200 train_loss:3.8397 train_time:2421510ms step_avg:3285.63ms
step:748/6200 train_loss:3.7977 train_time:2424789ms step_avg:3285.62ms
step:749/6200 train_loss:3.7917 train_time:2428073ms step_avg:3285.62ms
step:750/6200 train_loss:3.6453 train_time:2431351ms step_avg:3285.61ms
step:750/6200 val_loss:3.8424 train_time:2431364ms step_avg:3285.63ms
step:751/6200 train_loss:3.6951 train_time:2434637ms step_avg:3285.61ms
step:752/6200 train_loss:3.9304 train_time:2437920ms step_avg:3285.61ms
step:753/6200 train_loss:3.7009 train_time:2441202ms step_avg:3285.60ms
step:754/6200 train_loss:3.8350 train_time:2444485ms step_avg:3285.60ms
step:755/6200 train_loss:3.7833 train_time:2447766ms step_avg:3285.59ms
step:756/6200 train_loss:4.3338 train_time:2451048ms step_avg:3285.59ms
step:757/6200 train_loss:3.9112 train_time:2454328ms step_avg:3285.58ms
step:758/6200 train_loss:3.7680 train_time:2457608ms step_avg:3285.57ms
step:759/6200 train_loss:3.8786 train_time:2460890ms step_avg:3285.57ms
step:760/6200 train_loss:3.8274 train_time:2464173ms step_avg:3285.56ms
step:761/6200 train_loss:3.6814 train_time:2467457ms step_avg:3285.56ms
step:762/6200 train_loss:3.6871 train_time:2470739ms step_avg:3285.56ms
step:763/6200 train_loss:3.7772 train_time:2474237ms step_avg:3285.84ms
step:764/6200 train_loss:4.0130 train_time:2477525ms step_avg:3285.84ms
step:765/6200 train_loss:3.9977 train_time:2480806ms step_avg:3285.84ms
step:766/6200 train_loss:3.8269 train_time:2484090ms step_avg:3285.83ms
step:767/6200 train_loss:3.7239 train_time:2487376ms step_avg:3285.83ms
step:768/6200 train_loss:3.8986 train_time:2490658ms step_avg:3285.83ms
step:769/6200 train_loss:3.8569 train_time:2493943ms step_avg:3285.83ms
step:770/6200 train_loss:3.7969 train_time:2497222ms step_avg:3285.82ms
step:771/6200 train_loss:3.9510 train_time:2500502ms step_avg:3285.81ms
step:772/6200 train_loss:3.6860 train_time:2503788ms step_avg:3285.81ms
step:773/6200 train_loss:3.8742 train_time:2507068ms step_avg:3285.80ms
step:774/6200 train_loss:3.6595 train_time:2510351ms step_avg:3285.80ms
step:775/6200 train_loss:3.8783 train_time:2513634ms step_avg:3285.80ms
step:776/6200 train_loss:4.3551 train_time:2516919ms step_avg:3285.80ms
step:777/6200 train_loss:3.7817 train_time:2520199ms step_avg:3285.79ms
step:778/6200 train_loss:3.8932 train_time:2523479ms step_avg:3285.78ms
step:779/6200 train_loss:3.7908 train_time:2526764ms step_avg:3285.78ms
step:780/6200 train_loss:4.0040 train_time:2530049ms step_avg:3285.78ms
step:781/6200 train_loss:3.8231 train_time:2533334ms step_avg:3285.78ms
step:782/6200 train_loss:3.7121 train_time:2536616ms step_avg:3285.77ms
step:783/6200 train_loss:3.7903 train_time:2539897ms step_avg:3285.77ms
step:784/6200 train_loss:3.8645 train_time:2543177ms step_avg:3285.76ms
step:785/6200 train_loss:3.7569 train_time:2546457ms step_avg:3285.75ms
step:786/6200 train_loss:3.8177 train_time:2549747ms step_avg:3285.76ms
step:787/6200 train_loss:3.9572 train_time:2553033ms step_avg:3285.76ms
step:788/6200 train_loss:3.8973 train_time:2556321ms step_avg:3285.76ms
step:789/6200 train_loss:3.9191 train_time:2559604ms step_avg:3285.76ms
step:790/6200 train_loss:3.7522 train_time:2562888ms step_avg:3285.75ms
step:791/6200 train_loss:3.9229 train_time:2566177ms step_avg:3285.76ms
step:792/6200 train_loss:3.7418 train_time:2569459ms step_avg:3285.75ms
step:793/6200 train_loss:4.2139 train_time:2572747ms step_avg:3285.76ms
step:794/6200 train_loss:3.9598 train_time:2576037ms step_avg:3285.76ms
step:795/6200 train_loss:3.7665 train_time:2579322ms step_avg:3285.76ms
step:796/6200 train_loss:3.7961 train_time:2582609ms step_avg:3285.76ms
step:797/6200 train_loss:3.8332 train_time:2585898ms step_avg:3285.77ms
step:798/6200 train_loss:4.3221 train_time:2589186ms step_avg:3285.77ms
step:799/6200 train_loss:3.8950 train_time:2592473ms step_avg:3285.77ms
step:800/6200 train_loss:4.0806 train_time:2595762ms step_avg:3285.77ms
step:801/6200 train_loss:4.0495 train_time:2599047ms step_avg:3285.77ms
step:802/6200 train_loss:3.9091 train_time:2602328ms step_avg:3285.77ms
step:803/6200 train_loss:4.1564 train_time:2605614ms step_avg:3285.77ms
step:804/6200 train_loss:3.7812 train_time:2608903ms step_avg:3285.77ms
step:805/6200 train_loss:3.8257 train_time:2612192ms step_avg:3285.78ms
step:806/6200 train_loss:3.7753 train_time:2615483ms step_avg:3285.78ms
step:807/6200 train_loss:3.6934 train_time:2618769ms step_avg:3285.78ms
step:808/6200 train_loss:3.8265 train_time:2622056ms step_avg:3285.79ms
step:809/6200 train_loss:3.6621 train_time:2625343ms step_avg:3285.79ms
step:810/6200 train_loss:3.8491 train_time:2628628ms step_avg:3285.78ms
step:811/6200 train_loss:4.6567 train_time:2631917ms step_avg:3285.79ms
step:812/6200 train_loss:3.7493 train_time:2635208ms step_avg:3285.79ms
step:813/6200 train_loss:3.8837 train_time:2638496ms step_avg:3285.80ms
step:814/6200 train_loss:3.7770 train_time:2641782ms step_avg:3285.80ms
step:815/6200 train_loss:3.8214 train_time:2645068ms step_avg:3285.80ms
step:816/6200 train_loss:3.9518 train_time:2648359ms step_avg:3285.81ms
step:817/6200 train_loss:3.8367 train_time:2651652ms step_avg:3285.81ms
step:818/6200 train_loss:3.7497 train_time:2654936ms step_avg:3285.81ms
step:819/6200 train_loss:3.7814 train_time:2658223ms step_avg:3285.81ms
step:820/6200 train_loss:3.8367 train_time:2661513ms step_avg:3285.82ms
step:821/6200 train_loss:3.8010 train_time:2664801ms step_avg:3285.82ms
step:822/6200 train_loss:3.9929 train_time:2668091ms step_avg:3285.83ms
step:823/6200 train_loss:3.8720 train_time:2671376ms step_avg:3285.83ms
step:824/6200 train_loss:3.8201 train_time:2674666ms step_avg:3285.83ms
step:825/6200 train_loss:3.7964 train_time:2677949ms step_avg:3285.83ms
step:826/6200 train_loss:3.8247 train_time:2681239ms step_avg:3285.83ms
step:827/6200 train_loss:3.7693 train_time:2684521ms step_avg:3285.83ms
step:828/6200 train_loss:3.8333 train_time:2687807ms step_avg:3285.83ms
step:829/6200 train_loss:3.7512 train_time:2691090ms step_avg:3285.82ms
step:830/6200 train_loss:3.8366 train_time:2694374ms step_avg:3285.82ms
step:831/6200 train_loss:3.7942 train_time:2697664ms step_avg:3285.83ms
step:832/6200 train_loss:3.8266 train_time:2700953ms step_avg:3285.83ms
step:833/6200 train_loss:4.1037 train_time:2704244ms step_avg:3285.84ms
step:834/6200 train_loss:3.9415 train_time:2707531ms step_avg:3285.84ms
step:835/6200 train_loss:3.7671 train_time:2710819ms step_avg:3285.84ms
step:836/6200 train_loss:3.8259 train_time:2714109ms step_avg:3285.85ms
step:837/6200 train_loss:3.7588 train_time:2717397ms step_avg:3285.85ms
step:838/6200 train_loss:3.7258 train_time:2720688ms step_avg:3285.86ms
step:839/6200 train_loss:3.8168 train_time:2723981ms step_avg:3285.86ms
step:840/6200 train_loss:3.7647 train_time:2727272ms step_avg:3285.87ms
step:841/6200 train_loss:3.8470 train_time:2730562ms step_avg:3285.88ms
step:842/6200 train_loss:3.8083 train_time:2733853ms step_avg:3285.88ms
step:843/6200 train_loss:3.7375 train_time:2737143ms step_avg:3285.89ms
step:844/6200 train_loss:3.6906 train_time:2740430ms step_avg:3285.89ms
step:845/6200 train_loss:3.9068 train_time:2743719ms step_avg:3285.89ms
step:846/6200 train_loss:3.8239 train_time:2747008ms step_avg:3285.89ms
step:847/6200 train_loss:3.5773 train_time:2750298ms step_avg:3285.90ms
step:848/6200 train_loss:3.8266 train_time:2753586ms step_avg:3285.90ms
step:849/6200 train_loss:3.8417 train_time:2756870ms step_avg:3285.90ms
step:850/6200 train_loss:3.9610 train_time:2760157ms step_avg:3285.90ms
step:851/6200 train_loss:3.8289 train_time:2763446ms step_avg:3285.90ms
step:852/6200 train_loss:4.4096 train_time:2766735ms step_avg:3285.91ms
step:853/6200 train_loss:3.7725 train_time:2770025ms step_avg:3285.91ms
step:854/6200 train_loss:3.6738 train_time:2773313ms step_avg:3285.92ms
step:855/6200 train_loss:3.6770 train_time:2776606ms step_avg:3285.92ms
step:856/6200 train_loss:3.8469 train_time:2779897ms step_avg:3285.93ms
step:857/6200 train_loss:3.7585 train_time:2783186ms step_avg:3285.93ms
step:858/6200 train_loss:3.8283 train_time:2786476ms step_avg:3285.94ms
step:859/6200 train_loss:3.7670 train_time:2789764ms step_avg:3285.94ms
step:860/6200 train_loss:3.6945 train_time:2793057ms step_avg:3285.95ms
step:861/6200 train_loss:3.6832 train_time:2796345ms step_avg:3285.95ms
step:862/6200 train_loss:3.8004 train_time:2799636ms step_avg:3285.96ms
step:863/6200 train_loss:3.6616 train_time:2802927ms step_avg:3285.96ms
step:864/6200 train_loss:3.5646 train_time:2806214ms step_avg:3285.96ms
step:865/6200 train_loss:3.8750 train_time:2809502ms step_avg:3285.97ms
step:866/6200 train_loss:4.0781 train_time:2812791ms step_avg:3285.97ms
step:867/6200 train_loss:3.6908 train_time:2816077ms step_avg:3285.97ms
step:868/6200 train_loss:3.7630 train_time:2819361ms step_avg:3285.97ms
step:869/6200 train_loss:3.8936 train_time:2822647ms step_avg:3285.97ms
step:870/6200 train_loss:3.7587 train_time:2825934ms step_avg:3285.97ms
step:871/6200 train_loss:3.9375 train_time:2829223ms step_avg:3285.97ms
step:872/6200 train_loss:3.8937 train_time:2832510ms step_avg:3285.97ms
step:873/6200 train_loss:3.8004 train_time:2835796ms step_avg:3285.97ms
step:874/6200 train_loss:3.8812 train_time:2839086ms step_avg:3285.98ms
step:875/6200 train_loss:3.8266 train_time:2842378ms step_avg:3285.99ms
step:875/6200 val_loss:3.7897 train_time:2842390ms step_avg:3286.00ms
step:876/6200 train_loss:3.8529 train_time:2845663ms step_avg:3285.99ms
step:877/6200 train_loss:3.9590 train_time:2848943ms step_avg:3285.98ms
step:878/6200 train_loss:3.7061 train_time:2852226ms step_avg:3285.97ms
step:879/6200 train_loss:3.6784 train_time:2855510ms step_avg:3285.97ms
step:880/6200 train_loss:3.8300 train_time:2858789ms step_avg:3285.96ms
step:881/6200 train_loss:3.5989 train_time:2862066ms step_avg:3285.95ms
step:882/6200 train_loss:3.7648 train_time:2865348ms step_avg:3285.95ms
step:883/6200 train_loss:3.9452 train_time:2868626ms step_avg:3285.94ms
step:884/6200 train_loss:3.8767 train_time:2871910ms step_avg:3285.94ms
step:885/6200 train_loss:3.6783 train_time:2875187ms step_avg:3285.93ms
step:886/6200 train_loss:3.8551 train_time:2878468ms step_avg:3285.92ms
step:887/6200 train_loss:3.5805 train_time:2881750ms step_avg:3285.92ms
step:888/6200 train_loss:3.8225 train_time:2885027ms step_avg:3285.91ms
step:889/6200 train_loss:3.7446 train_time:2888309ms step_avg:3285.90ms
step:890/6200 train_loss:3.8461 train_time:2891592ms step_avg:3285.90ms
step:891/6200 train_loss:3.6890 train_time:2894872ms step_avg:3285.89ms
step:892/6200 train_loss:3.3669 train_time:2898156ms step_avg:3285.89ms
step:893/6200 train_loss:3.6079 train_time:2901439ms step_avg:3285.89ms
step:894/6200 train_loss:4.0178 train_time:2904722ms step_avg:3285.88ms
step:895/6200 train_loss:3.7203 train_time:2908007ms step_avg:3285.88ms
step:896/6200 train_loss:3.6308 train_time:2911282ms step_avg:3285.87ms
step:897/6200 train_loss:3.8082 train_time:2914559ms step_avg:3285.86ms
step:898/6200 train_loss:3.7847 train_time:2917837ms step_avg:3285.85ms
step:899/6200 train_loss:3.7776 train_time:2921120ms step_avg:3285.85ms
step:900/6200 train_loss:3.8273 train_time:2924399ms step_avg:3285.84ms
step:901/6200 train_loss:3.7386 train_time:2927680ms step_avg:3285.84ms
step:902/6200 train_loss:3.7062 train_time:2930965ms step_avg:3285.84ms
step:903/6200 train_loss:3.6091 train_time:2934251ms step_avg:3285.84ms
step:904/6200 train_loss:4.6648 train_time:2937534ms step_avg:3285.83ms
step:905/6200 train_loss:3.6618 train_time:2940816ms step_avg:3285.83ms
step:906/6200 train_loss:3.7279 train_time:2944100ms step_avg:3285.83ms
step:907/6200 train_loss:3.7284 train_time:2947383ms step_avg:3285.82ms
step:908/6200 train_loss:3.7223 train_time:2950663ms step_avg:3285.82ms
step:909/6200 train_loss:3.9220 train_time:2953946ms step_avg:3285.81ms
step:910/6200 train_loss:3.7271 train_time:2957233ms step_avg:3285.81ms
step:911/6200 train_loss:3.8352 train_time:2960516ms step_avg:3285.81ms
step:912/6200 train_loss:3.8311 train_time:2963798ms step_avg:3285.81ms
step:913/6200 train_loss:3.7917 train_time:2967080ms step_avg:3285.80ms
step:914/6200 train_loss:3.7093 train_time:2970364ms step_avg:3285.80ms
step:915/6200 train_loss:3.8077 train_time:2973644ms step_avg:3285.79ms
step:916/6200 train_loss:3.8708 train_time:2976926ms step_avg:3285.79ms
step:917/6200 train_loss:3.6973 train_time:2980211ms step_avg:3285.79ms
step:918/6200 train_loss:3.7785 train_time:2983491ms step_avg:3285.78ms
step:919/6200 train_loss:3.7795 train_time:2986777ms step_avg:3285.78ms
step:920/6200 train_loss:3.6237 train_time:2990060ms step_avg:3285.78ms
step:921/6200 train_loss:3.7511 train_time:2993344ms step_avg:3285.78ms
step:922/6200 train_loss:3.9024 train_time:2996631ms step_avg:3285.78ms
step:923/6200 train_loss:3.7326 train_time:2999913ms step_avg:3285.78ms
step:924/6200 train_loss:3.7937 train_time:3003194ms step_avg:3285.77ms
step:925/6200 train_loss:3.6706 train_time:3006477ms step_avg:3285.77ms
step:926/6200 train_loss:3.6939 train_time:3009759ms step_avg:3285.76ms
step:927/6200 train_loss:3.8087 train_time:3013042ms step_avg:3285.76ms
step:928/6200 train_loss:3.7984 train_time:3016324ms step_avg:3285.76ms
step:929/6200 train_loss:3.7445 train_time:3019607ms step_avg:3285.75ms
step:930/6200 train_loss:3.8198 train_time:3022886ms step_avg:3285.75ms
step:931/6200 train_loss:3.9007 train_time:3026167ms step_avg:3285.74ms
step:932/6200 train_loss:4.0662 train_time:3029449ms step_avg:3285.74ms
step:933/6200 train_loss:3.9609 train_time:3032731ms step_avg:3285.73ms
step:934/6200 train_loss:4.3280 train_time:3036013ms step_avg:3285.73ms
step:935/6200 train_loss:3.6554 train_time:3039296ms step_avg:3285.73ms
step:936/6200 train_loss:3.9343 train_time:3042576ms step_avg:3285.72ms
step:937/6200 train_loss:3.6979 train_time:3045859ms step_avg:3285.72ms
step:938/6200 train_loss:4.0410 train_time:3049146ms step_avg:3285.72ms
step:939/6200 train_loss:3.8193 train_time:3052431ms step_avg:3285.72ms
step:940/6200 train_loss:3.5941 train_time:3055715ms step_avg:3285.71ms
step:941/6200 train_loss:3.7875 train_time:3058998ms step_avg:3285.71ms
step:942/6200 train_loss:3.6861 train_time:3062283ms step_avg:3285.71ms
step:943/6200 train_loss:3.8129 train_time:3065568ms step_avg:3285.71ms
step:944/6200 train_loss:3.8138 train_time:3068853ms step_avg:3285.71ms
step:945/6200 train_loss:4.0254 train_time:3072135ms step_avg:3285.71ms
step:946/6200 train_loss:3.7889 train_time:3075422ms step_avg:3285.71ms
step:947/6200 train_loss:4.0392 train_time:3078705ms step_avg:3285.70ms
step:948/6200 train_loss:3.6285 train_time:3081985ms step_avg:3285.70ms
step:949/6200 train_loss:4.1600 train_time:3085270ms step_avg:3285.70ms
step:950/6200 train_loss:3.7125 train_time:3088551ms step_avg:3285.69ms
step:951/6200 train_loss:3.7104 train_time:3091836ms step_avg:3285.69ms
step:952/6200 train_loss:3.5589 train_time:3095116ms step_avg:3285.69ms
step:953/6200 train_loss:3.7081 train_time:3098396ms step_avg:3285.68ms
step:954/6200 train_loss:3.7589 train_time:3102009ms step_avg:3286.03ms
step:955/6200 train_loss:3.7609 train_time:3105291ms step_avg:3286.02ms
step:956/6200 train_loss:3.9248 train_time:3108575ms step_avg:3286.02ms
step:957/6200 train_loss:3.7556 train_time:3111854ms step_avg:3286.01ms
step:958/6200 train_loss:4.1425 train_time:3115134ms step_avg:3286.01ms
step:959/6200 train_loss:3.6865 train_time:3118417ms step_avg:3286.00ms
step:960/6200 train_loss:4.2003 train_time:3121702ms step_avg:3286.00ms
step:961/6200 train_loss:3.7372 train_time:3124987ms step_avg:3286.00ms
step:962/6200 train_loss:3.8767 train_time:3128277ms step_avg:3286.01ms
step:963/6200 train_loss:3.6180 train_time:3131564ms step_avg:3286.01ms
step:964/6200 train_loss:3.6503 train_time:3134850ms step_avg:3286.01ms
step:965/6200 train_loss:3.6392 train_time:3138133ms step_avg:3286.00ms
step:966/6200 train_loss:3.7352 train_time:3141414ms step_avg:3286.00ms
step:967/6200 train_loss:3.8047 train_time:3144695ms step_avg:3285.99ms
step:968/6200 train_loss:3.9576 train_time:3147981ms step_avg:3285.99ms
step:969/6200 train_loss:3.9346 train_time:3151262ms step_avg:3285.99ms
step:970/6200 train_loss:3.7866 train_time:3154542ms step_avg:3285.98ms
step:971/6200 train_loss:3.8815 train_time:3157828ms step_avg:3285.98ms
step:972/6200 train_loss:3.7402 train_time:3161110ms step_avg:3285.98ms
step:973/6200 train_loss:4.1128 train_time:3164391ms step_avg:3285.97ms
step:974/6200 train_loss:3.6630 train_time:3167673ms step_avg:3285.97ms
step:975/6200 train_loss:3.7847 train_time:3170955ms step_avg:3285.96ms
step:976/6200 train_loss:3.7183 train_time:3174241ms step_avg:3285.96ms
step:977/6200 train_loss:3.5750 train_time:3177528ms step_avg:3285.96ms
step:978/6200 train_loss:3.7781 train_time:3180810ms step_avg:3285.96ms
step:979/6200 train_loss:3.7715 train_time:3184090ms step_avg:3285.95ms
step:980/6200 train_loss:3.7271 train_time:3187372ms step_avg:3285.95ms
step:981/6200 train_loss:3.7612 train_time:3190654ms step_avg:3285.95ms
step:982/6200 train_loss:3.8820 train_time:3193937ms step_avg:3285.94ms
step:983/6200 train_loss:3.8169 train_time:3197221ms step_avg:3285.94ms
step:984/6200 train_loss:3.6524 train_time:3200504ms step_avg:3285.94ms
step:985/6200 train_loss:3.8141 train_time:3203789ms step_avg:3285.94ms
step:986/6200 train_loss:3.7862 train_time:3207073ms step_avg:3285.94ms
step:987/6200 train_loss:4.0050 train_time:3210357ms step_avg:3285.93ms
step:988/6200 train_loss:3.6138 train_time:3213642ms step_avg:3285.93ms
step:989/6200 train_loss:3.7972 train_time:3216924ms step_avg:3285.93ms
step:990/6200 train_loss:3.7169 train_time:3220210ms step_avg:3285.93ms
step:991/6200 train_loss:3.5854 train_time:3223488ms step_avg:3285.92ms
step:992/6200 train_loss:3.7771 train_time:3226775ms step_avg:3285.92ms
step:993/6200 train_loss:3.6821 train_time:3230056ms step_avg:3285.92ms
step:994/6200 train_loss:3.7312 train_time:3233339ms step_avg:3285.91ms
step:995/6200 train_loss:3.7017 train_time:3236621ms step_avg:3285.91ms
step:996/6200 train_loss:3.6888 train_time:3239905ms step_avg:3285.91ms
step:997/6200 train_loss:3.6122 train_time:3243185ms step_avg:3285.90ms
step:998/6200 train_loss:3.9453 train_time:3246474ms step_avg:3285.90ms
step:999/6200 train_loss:3.6690 train_time:3249753ms step_avg:3285.90ms
step:1000/6200 train_loss:3.8703 train_time:3253036ms step_avg:3285.89ms
step:1000/6200 val_loss:3.7443 train_time:3253048ms step_avg:3285.91ms
step:1001/6200 train_loss:3.7392 train_time:3256323ms step_avg:3285.90ms
step:1002/6200 train_loss:3.7095 train_time:3259602ms step_avg:3285.89ms
step:1003/6200 train_loss:3.6742 train_time:3262880ms step_avg:3285.88ms
step:1004/6200 train_loss:3.7726 train_time:3266157ms step_avg:3285.87ms
step:1005/6200 train_loss:3.8931 train_time:3269431ms step_avg:3285.86ms
step:1006/6200 train_loss:3.8196 train_time:3272706ms step_avg:3285.85ms
step:1007/6200 train_loss:3.8328 train_time:3275988ms step_avg:3285.85ms
step:1008/6200 train_loss:3.8234 train_time:3279267ms step_avg:3285.84ms
step:1009/6200 train_loss:3.7054 train_time:3282547ms step_avg:3285.83ms
step:1010/6200 train_loss:3.6440 train_time:3285822ms step_avg:3285.82ms
step:1011/6200 train_loss:3.7996 train_time:3289099ms step_avg:3285.81ms
step:1012/6200 train_loss:3.7197 train_time:3292380ms step_avg:3285.81ms
step:1013/6200 train_loss:3.7928 train_time:3295661ms step_avg:3285.80ms
step:1014/6200 train_loss:3.8039 train_time:3298942ms step_avg:3285.80ms
step:1015/6200 train_loss:3.8551 train_time:3302225ms step_avg:3285.80ms
step:1016/6200 train_loss:3.7295 train_time:3305511ms step_avg:3285.80ms
step:1017/6200 train_loss:4.0682 train_time:3308791ms step_avg:3285.79ms
step:1018/6200 train_loss:4.0585 train_time:3312075ms step_avg:3285.79ms
step:1019/6200 train_loss:3.5901 train_time:3315357ms step_avg:3285.78ms
step:1020/6200 train_loss:3.8694 train_time:3318637ms step_avg:3285.78ms
step:1021/6200 train_loss:3.7193 train_time:3321918ms step_avg:3285.77ms
step:1022/6200 train_loss:3.5683 train_time:3325199ms step_avg:3285.77ms
step:1023/6200 train_loss:3.6840 train_time:3328479ms step_avg:3285.76ms
step:1024/6200 train_loss:3.7204 train_time:3331760ms step_avg:3285.76ms
step:1025/6200 train_loss:3.3341 train_time:3335042ms step_avg:3285.76ms
step:1026/6200 train_loss:3.7115 train_time:3338320ms step_avg:3285.75ms
step:1027/6200 train_loss:3.7248 train_time:3341599ms step_avg:3285.74ms
step:1028/6200 train_loss:3.8141 train_time:3344882ms step_avg:3285.74ms
step:1029/6200 train_loss:3.6254 train_time:3348160ms step_avg:3285.73ms
step:1030/6200 train_loss:3.8932 train_time:3351443ms step_avg:3285.73ms
step:1031/6200 train_loss:3.5996 train_time:3354725ms step_avg:3285.72ms
step:1032/6200 train_loss:3.6664 train_time:3358006ms step_avg:3285.72ms
step:1033/6200 train_loss:3.8363 train_time:3361290ms step_avg:3285.72ms
step:1034/6200 train_loss:3.7968 train_time:3364571ms step_avg:3285.71ms
step:1035/6200 train_loss:3.8554 train_time:3367853ms step_avg:3285.71ms
step:1036/6200 train_loss:3.7203 train_time:3371136ms step_avg:3285.71ms
step:1037/6200 train_loss:3.7233 train_time:3374414ms step_avg:3285.70ms
step:1038/6200 train_loss:3.7547 train_time:3377695ms step_avg:3285.70ms
step:1039/6200 train_loss:4.1445 train_time:3380978ms step_avg:3285.69ms
step:1040/6200 train_loss:3.7468 train_time:3384264ms step_avg:3285.69ms
step:1041/6200 train_loss:3.8857 train_time:3387549ms step_avg:3285.69ms
step:1042/6200 train_loss:3.6764 train_time:3390834ms step_avg:3285.69ms
step:1043/6200 train_loss:3.8683 train_time:3394119ms step_avg:3285.69ms
step:1044/6200 train_loss:3.6799 train_time:3397401ms step_avg:3285.69ms
step:1045/6200 train_loss:3.8233 train_time:3400686ms step_avg:3285.69ms
step:1046/6200 train_loss:3.7296 train_time:3403970ms step_avg:3285.68ms
step:1047/6200 train_loss:3.5875 train_time:3407251ms step_avg:3285.68ms
step:1048/6200 train_loss:3.6690 train_time:3410536ms step_avg:3285.68ms
step:1049/6200 train_loss:3.7887 train_time:3413822ms step_avg:3285.68ms
step:1050/6200 train_loss:3.6343 train_time:3417108ms step_avg:3285.68ms
step:1051/6200 train_loss:3.7956 train_time:3420391ms step_avg:3285.68ms
step:1052/6200 train_loss:3.7377 train_time:3423672ms step_avg:3285.67ms
step:1053/6200 train_loss:3.7009 train_time:3426958ms step_avg:3285.67ms
step:1054/6200 train_loss:3.5476 train_time:3430245ms step_avg:3285.68ms
step:1055/6200 train_loss:3.7819 train_time:3433530ms step_avg:3285.68ms
step:1056/6200 train_loss:3.7682 train_time:3436813ms step_avg:3285.67ms
step:1057/6200 train_loss:3.6332 train_time:3440100ms step_avg:3285.67ms
step:1058/6200 train_loss:3.6986 train_time:3443383ms step_avg:3285.67ms
step:1059/6200 train_loss:3.7015 train_time:3446674ms step_avg:3285.68ms
step:1060/6200 train_loss:3.7921 train_time:3449962ms step_avg:3285.68ms
step:1061/6200 train_loss:3.7959 train_time:3453253ms step_avg:3285.68ms
step:1062/6200 train_loss:3.8035 train_time:3456538ms step_avg:3285.68ms
step:1063/6200 train_loss:3.7616 train_time:3459828ms step_avg:3285.69ms
step:1064/6200 train_loss:3.7663 train_time:3463116ms step_avg:3285.69ms
step:1065/6200 train_loss:3.7138 train_time:3466405ms step_avg:3285.69ms
step:1066/6200 train_loss:3.6038 train_time:3469693ms step_avg:3285.69ms
step:1067/6200 train_loss:3.7028 train_time:3472986ms step_avg:3285.70ms
step:1068/6200 train_loss:3.7675 train_time:3476275ms step_avg:3285.70ms
step:1069/6200 train_loss:3.7324 train_time:3479560ms step_avg:3285.70ms
step:1070/6200 train_loss:3.8816 train_time:3482847ms step_avg:3285.71ms
step:1071/6200 train_loss:3.8687 train_time:3486134ms step_avg:3285.71ms
step:1072/6200 train_loss:3.8351 train_time:3489423ms step_avg:3285.71ms
step:1073/6200 train_loss:3.6284 train_time:3492715ms step_avg:3285.71ms
step:1074/6200 train_loss:3.6436 train_time:3496004ms step_avg:3285.72ms
step:1075/6200 train_loss:3.6483 train_time:3499294ms step_avg:3285.72ms
step:1076/6200 train_loss:3.9169 train_time:3502591ms step_avg:3285.73ms
step:1077/6200 train_loss:3.8817 train_time:3505879ms step_avg:3285.74ms
step:1078/6200 train_loss:3.6980 train_time:3509164ms step_avg:3285.73ms
step:1079/6200 train_loss:3.8939 train_time:3512455ms step_avg:3285.74ms
step:1080/6200 train_loss:3.5731 train_time:3515744ms step_avg:3285.74ms
step:1081/6200 train_loss:3.8490 train_time:3519038ms step_avg:3285.75ms
step:1082/6200 train_loss:3.7055 train_time:3522329ms step_avg:3285.75ms
step:1083/6200 train_loss:3.6257 train_time:3525622ms step_avg:3285.76ms
step:1084/6200 train_loss:3.8466 train_time:3528914ms step_avg:3285.77ms
step:1085/6200 train_loss:3.9801 train_time:3532205ms step_avg:3285.77ms
step:1086/6200 train_loss:3.6673 train_time:3535499ms step_avg:3285.78ms
step:1087/6200 train_loss:3.6319 train_time:3538789ms step_avg:3285.78ms
step:1088/6200 train_loss:3.6183 train_time:3542083ms step_avg:3285.79ms
step:1089/6200 train_loss:3.7478 train_time:3545377ms step_avg:3285.80ms
step:1090/6200 train_loss:4.1372 train_time:3548668ms step_avg:3285.80ms
step:1091/6200 train_loss:3.8024 train_time:3551959ms step_avg:3285.81ms
step:1092/6200 train_loss:3.6371 train_time:3555247ms step_avg:3285.81ms
step:1093/6200 train_loss:3.7749 train_time:3558542ms step_avg:3285.82ms
step:1094/6200 train_loss:3.8314 train_time:3561832ms step_avg:3285.82ms
step:1095/6200 train_loss:3.6924 train_time:3565124ms step_avg:3285.83ms
step:1096/6200 train_loss:3.5453 train_time:3568419ms step_avg:3285.84ms
step:1097/6200 train_loss:3.7563 train_time:3571708ms step_avg:3285.84ms
step:1098/6200 train_loss:3.4437 train_time:3574998ms step_avg:3285.84ms
step:1099/6200 train_loss:3.7873 train_time:3578286ms step_avg:3285.85ms
step:1100/6200 train_loss:4.1099 train_time:3581578ms step_avg:3285.85ms
step:1101/6200 train_loss:3.8464 train_time:3584868ms step_avg:3285.85ms
step:1102/6200 train_loss:3.7970 train_time:3588158ms step_avg:3285.86ms
step:1103/6200 train_loss:3.7694 train_time:3591448ms step_avg:3285.86ms
step:1104/6200 train_loss:3.8181 train_time:3594738ms step_avg:3285.87ms
step:1105/6200 train_loss:3.7695 train_time:3598032ms step_avg:3285.87ms
step:1106/6200 train_loss:3.6296 train_time:3601326ms step_avg:3285.88ms
step:1107/6200 train_loss:3.7811 train_time:3604621ms step_avg:3285.89ms
step:1108/6200 train_loss:3.6153 train_time:3607916ms step_avg:3285.90ms
step:1109/6200 train_loss:3.7564 train_time:3611207ms step_avg:3285.90ms
step:1110/6200 train_loss:3.7190 train_time:3614495ms step_avg:3285.90ms
step:1111/6200 train_loss:3.7541 train_time:3617786ms step_avg:3285.91ms
step:1112/6200 train_loss:3.6740 train_time:3621078ms step_avg:3285.91ms
step:1113/6200 train_loss:3.7740 train_time:3624368ms step_avg:3285.92ms
step:1114/6200 train_loss:3.6126 train_time:3627658ms step_avg:3285.92ms
step:1115/6200 train_loss:3.5381 train_time:3630949ms step_avg:3285.93ms
step:1116/6200 train_loss:3.9605 train_time:3634241ms step_avg:3285.93ms
step:1117/6200 train_loss:3.7220 train_time:3637531ms step_avg:3285.94ms
step:1118/6200 train_loss:3.7610 train_time:3640818ms step_avg:3285.94ms
step:1119/6200 train_loss:3.7096 train_time:3644108ms step_avg:3285.94ms
step:1120/6200 train_loss:3.6636 train_time:3647399ms step_avg:3285.95ms
step:1121/6200 train_loss:3.7945 train_time:3650690ms step_avg:3285.95ms
step:1122/6200 train_loss:3.6558 train_time:3653985ms step_avg:3285.96ms
step:1123/6200 train_loss:3.9283 train_time:3657277ms step_avg:3285.96ms
step:1124/6200 train_loss:3.7648 train_time:3660571ms step_avg:3285.97ms
step:1125/6200 train_loss:3.6170 train_time:3663861ms step_avg:3285.97ms
step:1125/6200 val_loss:3.7125 train_time:3663873ms step_avg:3285.98ms
step:1126/6200 train_loss:3.5007 train_time:3667137ms step_avg:3285.97ms
step:1127/6200 train_loss:3.6901 train_time:3670418ms step_avg:3285.96ms
step:1128/6200 train_loss:3.7229 train_time:3673695ms step_avg:3285.95ms
step:1129/6200 train_loss:3.6262 train_time:3676976ms step_avg:3285.95ms
step:1130/6200 train_loss:3.8839 train_time:3680261ms step_avg:3285.95ms
step:1131/6200 train_loss:3.7043 train_time:3683540ms step_avg:3285.94ms
step:1132/6200 train_loss:3.7079 train_time:3686820ms step_avg:3285.94ms
step:1133/6200 train_loss:3.8580 train_time:3690099ms step_avg:3285.93ms
step:1134/6200 train_loss:3.8479 train_time:3693376ms step_avg:3285.92ms
step:1135/6200 train_loss:3.6088 train_time:3696656ms step_avg:3285.92ms
step:1136/6200 train_loss:3.9863 train_time:3699937ms step_avg:3285.91ms
step:1137/6200 train_loss:3.6705 train_time:3703216ms step_avg:3285.91ms
step:1138/6200 train_loss:4.1998 train_time:3706492ms step_avg:3285.90ms
step:1139/6200 train_loss:3.7781 train_time:3709775ms step_avg:3285.89ms
step:1140/6200 train_loss:4.8633 train_time:3713055ms step_avg:3285.89ms
step:1141/6200 train_loss:3.6776 train_time:3716335ms step_avg:3285.88ms
step:1142/6200 train_loss:3.4811 train_time:3719614ms step_avg:3285.88ms
step:1143/6200 train_loss:3.8231 train_time:3722892ms step_avg:3285.87ms
step:1144/6200 train_loss:3.9388 train_time:3726470ms step_avg:3286.13ms
step:1145/6200 train_loss:3.8149 train_time:3729746ms step_avg:3286.12ms
step:1146/6200 train_loss:3.7450 train_time:3733026ms step_avg:3286.11ms
step:1147/6200 train_loss:3.6764 train_time:3736300ms step_avg:3286.10ms
step:1148/6200 train_loss:3.7440 train_time:3739579ms step_avg:3286.10ms
step:1149/6200 train_loss:4.0291 train_time:3742863ms step_avg:3286.10ms
step:1150/6200 train_loss:3.8457 train_time:3746142ms step_avg:3286.09ms
step:1151/6200 train_loss:3.7042 train_time:3749427ms step_avg:3286.09ms
step:1152/6200 train_loss:3.5620 train_time:3752707ms step_avg:3286.08ms
step:1153/6200 train_loss:3.5986 train_time:3755983ms step_avg:3286.07ms
step:1154/6200 train_loss:3.6490 train_time:3759263ms step_avg:3286.07ms
step:1155/6200 train_loss:4.0781 train_time:3762546ms step_avg:3286.07ms
step:1156/6200 train_loss:3.8465 train_time:3765826ms step_avg:3286.06ms
step:1157/6200 train_loss:3.8615 train_time:3769108ms step_avg:3286.06ms
step:1158/6200 train_loss:3.5341 train_time:3772388ms step_avg:3286.05ms
step:1159/6200 train_loss:3.9220 train_time:3775669ms step_avg:3286.05ms
step:1160/6200 train_loss:3.7775 train_time:3778951ms step_avg:3286.04ms
step:1161/6200 train_loss:3.5543 train_time:3782228ms step_avg:3286.04ms
step:1162/6200 train_loss:3.6356 train_time:3785507ms step_avg:3286.03ms
step:1163/6200 train_loss:3.5516 train_time:3788786ms step_avg:3286.02ms
step:1164/6200 train_loss:3.5459 train_time:3792068ms step_avg:3286.02ms
step:1165/6200 train_loss:3.6003 train_time:3795347ms step_avg:3286.01ms
step:1166/6200 train_loss:3.8033 train_time:3798630ms step_avg:3286.01ms
step:1167/6200 train_loss:3.6919 train_time:3801912ms step_avg:3286.01ms
step:1168/6200 train_loss:3.5762 train_time:3805192ms step_avg:3286.00ms
step:1169/6200 train_loss:3.6661 train_time:3808474ms step_avg:3286.00ms
step:1170/6200 train_loss:3.6642 train_time:3811757ms step_avg:3286.00ms
step:1171/6200 train_loss:3.8763 train_time:3815039ms step_avg:3285.99ms
step:1172/6200 train_loss:3.6103 train_time:3818322ms step_avg:3285.99ms
step:1173/6200 train_loss:3.6925 train_time:3821602ms step_avg:3285.99ms
step:1174/6200 train_loss:3.6620 train_time:3824882ms step_avg:3285.98ms
step:1175/6200 train_loss:3.6953 train_time:3828163ms step_avg:3285.98ms
step:1176/6200 train_loss:3.8794 train_time:3831445ms step_avg:3285.97ms
step:1177/6200 train_loss:3.5883 train_time:3834730ms step_avg:3285.97ms
step:1178/6200 train_loss:3.7137 train_time:3838012ms step_avg:3285.97ms
step:1179/6200 train_loss:3.8286 train_time:3841291ms step_avg:3285.96ms
step:1180/6200 train_loss:3.6353 train_time:3844571ms step_avg:3285.96ms
step:1181/6200 train_loss:3.7964 train_time:3847854ms step_avg:3285.96ms
step:1182/6200 train_loss:3.6432 train_time:3851135ms step_avg:3285.95ms
step:1183/6200 train_loss:3.6862 train_time:3854420ms step_avg:3285.95ms
step:1184/6200 train_loss:3.4593 train_time:3857704ms step_avg:3285.95ms
step:1185/6200 train_loss:3.7453 train_time:3860985ms step_avg:3285.94ms
step:1186/6200 train_loss:3.5511 train_time:3864267ms step_avg:3285.94ms
step:1187/6200 train_loss:3.9321 train_time:3867551ms step_avg:3285.94ms
step:1188/6200 train_loss:3.9201 train_time:3870833ms step_avg:3285.94ms
step:1189/6200 train_loss:3.6681 train_time:3874115ms step_avg:3285.93ms
step:1190/6200 train_loss:3.6689 train_time:3877395ms step_avg:3285.93ms
step:1191/6200 train_loss:3.7071 train_time:3880680ms step_avg:3285.93ms
step:1192/6200 train_loss:3.5043 train_time:3883965ms step_avg:3285.93ms
step:1193/6200 train_loss:3.7729 train_time:3887251ms step_avg:3285.93ms
step:1194/6200 train_loss:4.1540 train_time:3890534ms step_avg:3285.92ms
step:1195/6200 train_loss:3.6702 train_time:3893816ms step_avg:3285.92ms
step:1196/6200 train_loss:3.6014 train_time:3897099ms step_avg:3285.92ms
step:1197/6200 train_loss:3.8729 train_time:3900384ms step_avg:3285.92ms
step:1198/6200 train_loss:3.6563 train_time:3903669ms step_avg:3285.92ms
step:1199/6200 train_loss:3.5843 train_time:3906954ms step_avg:3285.92ms
step:1200/6200 train_loss:3.5524 train_time:3910238ms step_avg:3285.91ms
step:1201/6200 train_loss:3.5417 train_time:3913526ms step_avg:3285.92ms
step:1202/6200 train_loss:3.6826 train_time:3916810ms step_avg:3285.91ms
step:1203/6200 train_loss:3.7473 train_time:3920096ms step_avg:3285.91ms
step:1204/6200 train_loss:3.9183 train_time:3923378ms step_avg:3285.91ms
step:1205/6200 train_loss:3.8456 train_time:3926662ms step_avg:3285.91ms
step:1206/6200 train_loss:3.7346 train_time:3929942ms step_avg:3285.91ms
step:1207/6200 train_loss:3.6418 train_time:3933227ms step_avg:3285.90ms
step:1208/6200 train_loss:3.6810 train_time:3936513ms step_avg:3285.90ms
step:1209/6200 train_loss:3.7914 train_time:3939794ms step_avg:3285.90ms
step:1210/6200 train_loss:3.8676 train_time:3943079ms step_avg:3285.90ms
step:1211/6200 train_loss:3.6130 train_time:3946367ms step_avg:3285.90ms
step:1212/6200 train_loss:3.5108 train_time:3949649ms step_avg:3285.90ms
step:1213/6200 train_loss:3.4594 train_time:3952935ms step_avg:3285.90ms
step:1214/6200 train_loss:3.7584 train_time:3956220ms step_avg:3285.90ms
step:1215/6200 train_loss:3.8189 train_time:3959503ms step_avg:3285.89ms
step:1216/6200 train_loss:3.6816 train_time:3962785ms step_avg:3285.89ms
step:1217/6200 train_loss:3.5739 train_time:3966071ms step_avg:3285.89ms
step:1218/6200 train_loss:3.8903 train_time:3969356ms step_avg:3285.89ms
step:1219/6200 train_loss:3.6111 train_time:3972645ms step_avg:3285.89ms
step:1220/6200 train_loss:3.6978 train_time:3975930ms step_avg:3285.89ms
step:1221/6200 train_loss:3.7158 train_time:3979212ms step_avg:3285.89ms
step:1222/6200 train_loss:3.7363 train_time:3982492ms step_avg:3285.88ms
step:1223/6200 train_loss:3.6832 train_time:3985776ms step_avg:3285.88ms
step:1224/6200 train_loss:3.9282 train_time:3989062ms step_avg:3285.88ms
step:1225/6200 train_loss:3.6765 train_time:3992347ms step_avg:3285.88ms
step:1226/6200 train_loss:3.5799 train_time:3995628ms step_avg:3285.88ms
step:1227/6200 train_loss:3.4972 train_time:3998911ms step_avg:3285.88ms
step:1228/6200 train_loss:3.6076 train_time:4002194ms step_avg:3285.87ms
step:1229/6200 train_loss:3.5931 train_time:4005477ms step_avg:3285.87ms
step:1230/6200 train_loss:3.6385 train_time:4008759ms step_avg:3285.87ms
step:1231/6200 train_loss:3.7173 train_time:4012040ms step_avg:3285.86ms
step:1232/6200 train_loss:3.6476 train_time:4015327ms step_avg:3285.86ms
step:1233/6200 train_loss:3.9119 train_time:4018611ms step_avg:3285.86ms
step:1234/6200 train_loss:3.9623 train_time:4021897ms step_avg:3285.86ms
step:1235/6200 train_loss:3.8666 train_time:4025181ms step_avg:3285.86ms
step:1236/6200 train_loss:3.7816 train_time:4028461ms step_avg:3285.86ms
step:1237/6200 train_loss:3.9392 train_time:4031739ms step_avg:3285.85ms
step:1238/6200 train_loss:3.6585 train_time:4035024ms step_avg:3285.85ms
step:1239/6200 train_loss:3.6005 train_time:4038308ms step_avg:3285.85ms
step:1240/6200 train_loss:3.5359 train_time:4041591ms step_avg:3285.85ms
step:1241/6200 train_loss:3.5549 train_time:4044873ms step_avg:3285.84ms
step:1242/6200 train_loss:3.6254 train_time:4048155ms step_avg:3285.84ms
step:1243/6200 train_loss:3.5454 train_time:4051440ms step_avg:3285.84ms
step:1244/6200 train_loss:3.7685 train_time:4054724ms step_avg:3285.84ms
step:1245/6200 train_loss:3.6358 train_time:4058007ms step_avg:3285.84ms
step:1246/6200 train_loss:3.7239 train_time:4061288ms step_avg:3285.83ms
step:1247/6200 train_loss:3.7858 train_time:4064573ms step_avg:3285.83ms
step:1248/6200 train_loss:3.5490 train_time:4067854ms step_avg:3285.83ms
step:1249/6200 train_loss:3.6222 train_time:4071141ms step_avg:3285.83ms
step:1250/6200 train_loss:3.7454 train_time:4074424ms step_avg:3285.83ms
step:1250/6200 val_loss:3.6801 train_time:4074437ms step_avg:3285.84ms
step:1251/6200 train_loss:3.8740 train_time:4077707ms step_avg:3285.82ms
step:1252/6200 train_loss:3.7445 train_time:4080985ms step_avg:3285.82ms
step:1253/6200 train_loss:3.6427 train_time:4084263ms step_avg:3285.81ms
step:1254/6200 train_loss:3.7056 train_time:4087544ms step_avg:3285.81ms
step:1255/6200 train_loss:3.6913 train_time:4090828ms step_avg:3285.81ms
step:1256/6200 train_loss:3.6889 train_time:4094107ms step_avg:3285.80ms
step:1257/6200 train_loss:3.8629 train_time:4097390ms step_avg:3285.80ms
step:1258/6200 train_loss:3.7643 train_time:4100670ms step_avg:3285.79ms
step:1259/6200 train_loss:3.7926 train_time:4103948ms step_avg:3285.79ms
step:1260/6200 train_loss:3.7584 train_time:4107222ms step_avg:3285.78ms
step:1261/6200 train_loss:3.7299 train_time:4110503ms step_avg:3285.77ms
step:1262/6200 train_loss:3.6598 train_time:4113783ms step_avg:3285.77ms
step:1263/6200 train_loss:3.5266 train_time:4117062ms step_avg:3285.76ms
step:1264/6200 train_loss:3.4375 train_time:4120347ms step_avg:3285.76ms
step:1265/6200 train_loss:3.8386 train_time:4123631ms step_avg:3285.76ms
step:1266/6200 train_loss:3.4971 train_time:4126914ms step_avg:3285.76ms
step:1267/6200 train_loss:3.8392 train_time:4130198ms step_avg:3285.76ms
step:1268/6200 train_loss:3.7408 train_time:4133480ms step_avg:3285.76ms
step:1269/6200 train_loss:3.7310 train_time:4136759ms step_avg:3285.75ms
step:1270/6200 train_loss:3.8149 train_time:4140043ms step_avg:3285.75ms
step:1271/6200 train_loss:3.6186 train_time:4143326ms step_avg:3285.75ms
step:1272/6200 train_loss:3.6567 train_time:4146608ms step_avg:3285.74ms
step:1273/6200 train_loss:3.5759 train_time:4149892ms step_avg:3285.74ms
step:1274/6200 train_loss:3.5758 train_time:4153178ms step_avg:3285.74ms
step:1275/6200 train_loss:3.6149 train_time:4156462ms step_avg:3285.74ms
step:1276/6200 train_loss:3.6692 train_time:4159742ms step_avg:3285.74ms
step:1277/6200 train_loss:3.6562 train_time:4163021ms step_avg:3285.73ms
step:1278/6200 train_loss:3.7935 train_time:4166303ms step_avg:3285.73ms
step:1279/6200 train_loss:3.7904 train_time:4169582ms step_avg:3285.72ms
step:1280/6200 train_loss:3.7597 train_time:4172863ms step_avg:3285.72ms
step:1281/6200 train_loss:3.6502 train_time:4176146ms step_avg:3285.72ms
step:1282/6200 train_loss:3.4753 train_time:4179430ms step_avg:3285.72ms
step:1283/6200 train_loss:3.5704 train_time:4182714ms step_avg:3285.71ms
step:1284/6200 train_loss:3.7858 train_time:4185999ms step_avg:3285.71ms
step:1285/6200 train_loss:3.7065 train_time:4189278ms step_avg:3285.71ms
step:1286/6200 train_loss:3.7716 train_time:4192560ms step_avg:3285.70ms
step:1287/6200 train_loss:3.7310 train_time:4195841ms step_avg:3285.70ms
step:1288/6200 train_loss:3.6860 train_time:4199120ms step_avg:3285.70ms
step:1289/6200 train_loss:3.5476 train_time:4202405ms step_avg:3285.70ms
step:1290/6200 train_loss:3.6168 train_time:4205683ms step_avg:3285.69ms
step:1291/6200 train_loss:3.5907 train_time:4208962ms step_avg:3285.68ms
step:1292/6200 train_loss:3.5490 train_time:4212248ms step_avg:3285.68ms
step:1293/6200 train_loss:3.6951 train_time:4215525ms step_avg:3285.68ms
step:1294/6200 train_loss:3.7301 train_time:4218806ms step_avg:3285.67ms
step:1295/6200 train_loss:3.7577 train_time:4222088ms step_avg:3285.67ms
step:1296/6200 train_loss:3.7833 train_time:4225367ms step_avg:3285.67ms
step:1297/6200 train_loss:3.4481 train_time:4228645ms step_avg:3285.66ms
step:1298/6200 train_loss:3.5517 train_time:4231924ms step_avg:3285.66ms
step:1299/6200 train_loss:3.7638 train_time:4235206ms step_avg:3285.65ms
step:1300/6200 train_loss:3.5029 train_time:4238484ms step_avg:3285.65ms
step:1301/6200 train_loss:3.7643 train_time:4241761ms step_avg:3285.64ms
step:1302/6200 train_loss:3.6823 train_time:4245040ms step_avg:3285.63ms
step:1303/6200 train_loss:3.8120 train_time:4248321ms step_avg:3285.63ms
step:1304/6200 train_loss:3.7721 train_time:4251604ms step_avg:3285.63ms
step:1305/6200 train_loss:3.9175 train_time:4254885ms step_avg:3285.63ms
step:1306/6200 train_loss:3.5568 train_time:4258166ms step_avg:3285.62ms
step:1307/6200 train_loss:4.0537 train_time:4261449ms step_avg:3285.62ms
step:1308/6200 train_loss:3.6478 train_time:4264727ms step_avg:3285.61ms
step:1309/6200 train_loss:3.8249 train_time:4268006ms step_avg:3285.61ms
step:1310/6200 train_loss:3.9965 train_time:4271284ms step_avg:3285.60ms
step:1311/6200 train_loss:3.6110 train_time:4274563ms step_avg:3285.60ms
step:1312/6200 train_loss:3.5490 train_time:4277845ms step_avg:3285.60ms
step:1313/6200 train_loss:3.7342 train_time:4281125ms step_avg:3285.59ms
step:1314/6200 train_loss:3.6648 train_time:4284407ms step_avg:3285.59ms
step:1315/6200 train_loss:3.6617 train_time:4287690ms step_avg:3285.59ms
step:1316/6200 train_loss:3.7466 train_time:4290969ms step_avg:3285.58ms
step:1317/6200 train_loss:3.3846 train_time:4294246ms step_avg:3285.57ms
step:1318/6200 train_loss:3.5828 train_time:4297523ms step_avg:3285.57ms
step:1319/6200 train_loss:3.6828 train_time:4300800ms step_avg:3285.56ms
step:1320/6200 train_loss:3.7925 train_time:4304082ms step_avg:3285.56ms
step:1321/6200 train_loss:3.5022 train_time:4307365ms step_avg:3285.56ms
step:1322/6200 train_loss:3.6606 train_time:4310645ms step_avg:3285.55ms
step:1323/6200 train_loss:3.8089 train_time:4313928ms step_avg:3285.55ms
step:1324/6200 train_loss:3.7654 train_time:4317209ms step_avg:3285.55ms
step:1325/6200 train_loss:3.6518 train_time:4320495ms step_avg:3285.55ms
step:1326/6200 train_loss:3.6878 train_time:4323779ms step_avg:3285.55ms
step:1327/6200 train_loss:3.9224 train_time:4327061ms step_avg:3285.54ms
step:1328/6200 train_loss:3.9836 train_time:4330343ms step_avg:3285.54ms
step:1329/6200 train_loss:3.7171 train_time:4333630ms step_avg:3285.54ms
step:1330/6200 train_loss:3.5419 train_time:4336910ms step_avg:3285.54ms
step:1331/6200 train_loss:3.9419 train_time:4340193ms step_avg:3285.54ms
step:1332/6200 train_loss:3.7225 train_time:4343474ms step_avg:3285.53ms
step:1333/6200 train_loss:3.9190 train_time:4346755ms step_avg:3285.53ms
step:1334/6200 train_loss:3.5772 train_time:4350037ms step_avg:3285.53ms
step:1335/6200 train_loss:3.6565 train_time:4353691ms step_avg:3285.80ms
step:1336/6200 train_loss:3.7195 train_time:4356975ms step_avg:3285.80ms
step:1337/6200 train_loss:3.6987 train_time:4360256ms step_avg:3285.80ms
step:1338/6200 train_loss:3.5861 train_time:4363539ms step_avg:3285.80ms
step:1339/6200 train_loss:3.6430 train_time:4366819ms step_avg:3285.79ms
step:1340/6200 train_loss:3.6470 train_time:4370099ms step_avg:3285.79ms
step:1341/6200 train_loss:3.7595 train_time:4373382ms step_avg:3285.79ms
step:1342/6200 train_loss:3.5919 train_time:4376660ms step_avg:3285.78ms
step:1343/6200 train_loss:3.8123 train_time:4379942ms step_avg:3285.78ms
step:1344/6200 train_loss:3.4543 train_time:4383221ms step_avg:3285.77ms
step:1345/6200 train_loss:3.7051 train_time:4386501ms step_avg:3285.77ms
step:1346/6200 train_loss:3.9482 train_time:4389785ms step_avg:3285.77ms
step:1347/6200 train_loss:3.6502 train_time:4393067ms step_avg:3285.76ms
step:1348/6200 train_loss:3.7307 train_time:4396351ms step_avg:3285.76ms
step:1349/6200 train_loss:3.6663 train_time:4399635ms step_avg:3285.76ms
step:1350/6200 train_loss:3.9504 train_time:4402915ms step_avg:3285.76ms
step:1351/6200 train_loss:3.7597 train_time:4406196ms step_avg:3285.75ms
step:1352/6200 train_loss:3.5556 train_time:4409481ms step_avg:3285.75ms
step:1353/6200 train_loss:3.6089 train_time:4412765ms step_avg:3285.75ms
step:1354/6200 train_loss:3.5812 train_time:4416050ms step_avg:3285.75ms
step:1355/6200 train_loss:3.7429 train_time:4419336ms step_avg:3285.75ms
step:1356/6200 train_loss:4.0344 train_time:4422621ms step_avg:3285.75ms
step:1357/6200 train_loss:3.6933 train_time:4425904ms step_avg:3285.75ms
step:1358/6200 train_loss:3.7391 train_time:4429191ms step_avg:3285.75ms
step:1359/6200 train_loss:3.5467 train_time:4432476ms step_avg:3285.75ms
step:1360/6200 train_loss:3.7787 train_time:4435764ms step_avg:3285.75ms
step:1361/6200 train_loss:4.6668 train_time:4439047ms step_avg:3285.75ms
step:1362/6200 train_loss:3.6057 train_time:4442334ms step_avg:3285.75ms
step:1363/6200 train_loss:3.5309 train_time:4445612ms step_avg:3285.74ms
step:1364/6200 train_loss:3.5957 train_time:4448893ms step_avg:3285.74ms
step:1365/6200 train_loss:3.3626 train_time:4452175ms step_avg:3285.74ms
step:1366/6200 train_loss:3.6687 train_time:4455455ms step_avg:3285.73ms
step:1367/6200 train_loss:3.2719 train_time:4458737ms step_avg:3285.73ms
step:1368/6200 train_loss:3.6362 train_time:4462024ms step_avg:3285.73ms
step:1369/6200 train_loss:3.7613 train_time:4465308ms step_avg:3285.73ms
step:1370/6200 train_loss:3.5596 train_time:4468591ms step_avg:3285.73ms
step:1371/6200 train_loss:4.0137 train_time:4471878ms step_avg:3285.73ms
step:1372/6200 train_loss:4.0179 train_time:4475166ms step_avg:3285.73ms
step:1373/6200 train_loss:3.6135 train_time:4478455ms step_avg:3285.73ms
step:1374/6200 train_loss:3.9351 train_time:4481741ms step_avg:3285.73ms
step:1375/6200 train_loss:4.0447 train_time:4485028ms step_avg:3285.73ms
step:1375/6200 val_loss:3.6543 train_time:4485040ms step_avg:3285.74ms
step:1376/6200 train_loss:3.7023 train_time:4488314ms step_avg:3285.74ms
step:1377/6200 train_loss:3.6370 train_time:4491596ms step_avg:3285.73ms
step:1378/6200 train_loss:3.5610 train_time:4494875ms step_avg:3285.73ms
step:1379/6200 train_loss:3.7619 train_time:4498154ms step_avg:3285.72ms
step:1380/6200 train_loss:3.6543 train_time:4501433ms step_avg:3285.72ms
step:1381/6200 train_loss:3.6189 train_time:4504711ms step_avg:3285.71ms
step:1382/6200 train_loss:3.5834 train_time:4507995ms step_avg:3285.71ms
step:1383/6200 train_loss:3.5192 train_time:4511275ms step_avg:3285.71ms
step:1384/6200 train_loss:3.8992 train_time:4514561ms step_avg:3285.71ms
step:1385/6200 train_loss:3.6078 train_time:4517842ms step_avg:3285.70ms
step:1386/6200 train_loss:3.9418 train_time:4521125ms step_avg:3285.70ms
step:1387/6200 train_loss:3.3974 train_time:4524404ms step_avg:3285.70ms
step:1388/6200 train_loss:3.7103 train_time:4527686ms step_avg:3285.69ms
step:1389/6200 train_loss:3.5753 train_time:4530972ms step_avg:3285.69ms
step:1390/6200 train_loss:3.7495 train_time:4534259ms step_avg:3285.69ms
step:1391/6200 train_loss:3.8649 train_time:4537542ms step_avg:3285.69ms
step:1392/6200 train_loss:3.4627 train_time:4540821ms step_avg:3285.69ms
step:1393/6200 train_loss:3.7396 train_time:4544106ms step_avg:3285.69ms
step:1394/6200 train_loss:3.8581 train_time:4547385ms step_avg:3285.68ms
step:1395/6200 train_loss:3.4554 train_time:4550668ms step_avg:3285.68ms
step:1396/6200 train_loss:3.4337 train_time:4553958ms step_avg:3285.68ms
step:1397/6200 train_loss:3.6482 train_time:4557243ms step_avg:3285.68ms
step:1398/6200 train_loss:3.7677 train_time:4560526ms step_avg:3285.68ms
step:1399/6200 train_loss:3.5910 train_time:4563811ms step_avg:3285.68ms
step:1400/6200 train_loss:3.8028 train_time:4567093ms step_avg:3285.68ms
step:1401/6200 train_loss:3.4638 train_time:4570382ms step_avg:3285.68ms
step:1402/6200 train_loss:3.5910 train_time:4573663ms step_avg:3285.68ms
step:1403/6200 train_loss:3.6252 train_time:4576942ms step_avg:3285.67ms
step:1404/6200 train_loss:4.0553 train_time:4580222ms step_avg:3285.67ms
step:1405/6200 train_loss:3.5240 train_time:4583505ms step_avg:3285.67ms
step:1406/6200 train_loss:3.4667 train_time:4586789ms step_avg:3285.67ms
step:1407/6200 train_loss:3.7374 train_time:4590074ms step_avg:3285.66ms
step:1408/6200 train_loss:3.8688 train_time:4593357ms step_avg:3285.66ms
step:1409/6200 train_loss:3.5159 train_time:4596642ms step_avg:3285.66ms
step:1410/6200 train_loss:3.5963 train_time:4599927ms step_avg:3285.66ms
step:1411/6200 train_loss:3.8204 train_time:4603207ms step_avg:3285.66ms
step:1412/6200 train_loss:3.8516 train_time:4606491ms step_avg:3285.66ms
step:1413/6200 train_loss:3.9207 train_time:4609775ms step_avg:3285.66ms
step:1414/6200 train_loss:3.5198 train_time:4613060ms step_avg:3285.66ms
step:1415/6200 train_loss:3.5795 train_time:4616343ms step_avg:3285.65ms
step:1416/6200 train_loss:3.6522 train_time:4619621ms step_avg:3285.65ms
step:1417/6200 train_loss:3.6217 train_time:4622907ms step_avg:3285.65ms
step:1418/6200 train_loss:3.5576 train_time:4626196ms step_avg:3285.65ms
step:1419/6200 train_loss:3.8481 train_time:4629480ms step_avg:3285.65ms
step:1420/6200 train_loss:3.5360 train_time:4632770ms step_avg:3285.65ms
step:1421/6200 train_loss:3.5763 train_time:4636056ms step_avg:3285.65ms
step:1422/6200 train_loss:3.5518 train_time:4639341ms step_avg:3285.65ms
step:1423/6200 train_loss:4.1551 train_time:4642626ms step_avg:3285.65ms
step:1424/6200 train_loss:3.7613 train_time:4645905ms step_avg:3285.65ms
step:1425/6200 train_loss:3.5474 train_time:4649191ms step_avg:3285.65ms
step:1426/6200 train_loss:3.5378 train_time:4652479ms step_avg:3285.65ms
step:1427/6200 train_loss:3.4425 train_time:4655767ms step_avg:3285.65ms
step:1428/6200 train_loss:3.6444 train_time:4659055ms step_avg:3285.65ms
step:1429/6200 train_loss:3.7663 train_time:4662342ms step_avg:3285.65ms
step:1430/6200 train_loss:3.5519 train_time:4665633ms step_avg:3285.66ms
step:1431/6200 train_loss:3.6242 train_time:4668920ms step_avg:3285.66ms
step:1432/6200 train_loss:3.4229 train_time:4672204ms step_avg:3285.66ms
step:1433/6200 train_loss:3.5354 train_time:4675490ms step_avg:3285.66ms
step:1434/6200 train_loss:3.5172 train_time:4678778ms step_avg:3285.66ms
step:1435/6200 train_loss:3.5821 train_time:4682066ms step_avg:3285.66ms
step:1436/6200 train_loss:3.5709 train_time:4685355ms step_avg:3285.66ms
step:1437/6200 train_loss:3.6230 train_time:4688640ms step_avg:3285.66ms
step:1438/6200 train_loss:3.6111 train_time:4691924ms step_avg:3285.66ms
step:1439/6200 train_loss:3.7156 train_time:4695209ms step_avg:3285.66ms
step:1440/6200 train_loss:3.8060 train_time:4698503ms step_avg:3285.67ms
step:1441/6200 train_loss:3.7971 train_time:4701790ms step_avg:3285.67ms
step:1442/6200 train_loss:3.6406 train_time:4705080ms step_avg:3285.67ms
step:1443/6200 train_loss:3.6298 train_time:4708365ms step_avg:3285.67ms
step:1444/6200 train_loss:3.5156 train_time:4711657ms step_avg:3285.67ms
step:1445/6200 train_loss:3.6024 train_time:4714943ms step_avg:3285.67ms
step:1446/6200 train_loss:3.4293 train_time:4718231ms step_avg:3285.68ms
step:1447/6200 train_loss:3.7306 train_time:4721521ms step_avg:3285.68ms
step:1448/6200 train_loss:3.5548 train_time:4724812ms step_avg:3285.68ms
step:1449/6200 train_loss:3.7063 train_time:4728099ms step_avg:3285.68ms
step:1450/6200 train_loss:3.6626 train_time:4731389ms step_avg:3285.69ms
step:1451/6200 train_loss:3.6157 train_time:4734680ms step_avg:3285.69ms
step:1452/6200 train_loss:3.6296 train_time:4737967ms step_avg:3285.69ms
step:1453/6200 train_loss:3.7807 train_time:4741253ms step_avg:3285.69ms
step:1454/6200 train_loss:3.6017 train_time:4744546ms step_avg:3285.70ms
step:1455/6200 train_loss:3.3681 train_time:4747833ms step_avg:3285.70ms
step:1456/6200 train_loss:3.6565 train_time:4751117ms step_avg:3285.70ms
step:1457/6200 train_loss:3.5450 train_time:4754400ms step_avg:3285.69ms
step:1458/6200 train_loss:3.8103 train_time:4757689ms step_avg:3285.70ms
step:1459/6200 train_loss:3.6878 train_time:4760975ms step_avg:3285.70ms
step:1460/6200 train_loss:3.7846 train_time:4764261ms step_avg:3285.70ms
step:1461/6200 train_loss:3.7641 train_time:4767546ms step_avg:3285.70ms
step:1462/6200 train_loss:3.3842 train_time:4770835ms step_avg:3285.70ms
step:1463/6200 train_loss:3.5513 train_time:4774122ms step_avg:3285.70ms
step:1464/6200 train_loss:3.5959 train_time:4777411ms step_avg:3285.70ms
step:1465/6200 train_loss:3.7602 train_time:4780696ms step_avg:3285.70ms
step:1466/6200 train_loss:3.7513 train_time:4783985ms step_avg:3285.70ms
step:1467/6200 train_loss:3.6969 train_time:4787271ms step_avg:3285.70ms
step:1468/6200 train_loss:3.7023 train_time:4790559ms step_avg:3285.71ms
step:1469/6200 train_loss:3.6553 train_time:4793847ms step_avg:3285.71ms
step:1470/6200 train_loss:3.6613 train_time:4797135ms step_avg:3285.71ms
step:1471/6200 train_loss:3.5866 train_time:4800423ms step_avg:3285.71ms
step:1472/6200 train_loss:3.6544 train_time:4803710ms step_avg:3285.71ms
step:1473/6200 train_loss:3.7614 train_time:4806995ms step_avg:3285.71ms
step:1474/6200 train_loss:3.5712 train_time:4810282ms step_avg:3285.71ms
step:1475/6200 train_loss:3.6313 train_time:4813567ms step_avg:3285.71ms
step:1476/6200 train_loss:3.9285 train_time:4816854ms step_avg:3285.71ms
step:1477/6200 train_loss:3.6947 train_time:4820139ms step_avg:3285.71ms
step:1478/6200 train_loss:3.5538 train_time:4823425ms step_avg:3285.71ms
step:1479/6200 train_loss:3.6114 train_time:4826712ms step_avg:3285.71ms
step:1480/6200 train_loss:3.6858 train_time:4829998ms step_avg:3285.71ms
step:1481/6200 train_loss:3.5826 train_time:4833281ms step_avg:3285.71ms
step:1482/6200 train_loss:3.4978 train_time:4836571ms step_avg:3285.71ms
step:1483/6200 train_loss:3.6680 train_time:4839855ms step_avg:3285.71ms
step:1484/6200 train_loss:3.4538 train_time:4843139ms step_avg:3285.71ms
step:1485/6200 train_loss:3.7067 train_time:4846425ms step_avg:3285.71ms
step:1486/6200 train_loss:3.6722 train_time:4849714ms step_avg:3285.71ms
step:1487/6200 train_loss:3.6148 train_time:4853002ms step_avg:3285.72ms
step:1488/6200 train_loss:3.5005 train_time:4856287ms step_avg:3285.72ms
step:1489/6200 train_loss:3.5879 train_time:4859575ms step_avg:3285.72ms
step:1490/6200 train_loss:3.4401 train_time:4862861ms step_avg:3285.72ms
step:1491/6200 train_loss:3.6093 train_time:4866149ms step_avg:3285.72ms
step:1492/6200 train_loss:3.5431 train_time:4869433ms step_avg:3285.72ms
step:1493/6200 train_loss:3.3770 train_time:4872721ms step_avg:3285.72ms
step:1494/6200 train_loss:3.6131 train_time:4876008ms step_avg:3285.72ms
step:1495/6200 train_loss:3.5928 train_time:4879294ms step_avg:3285.72ms
step:1496/6200 train_loss:3.5606 train_time:4882578ms step_avg:3285.72ms
step:1497/6200 train_loss:3.5583 train_time:4885866ms step_avg:3285.72ms
step:1498/6200 train_loss:3.6534 train_time:4889151ms step_avg:3285.72ms
step:1499/6200 train_loss:3.4384 train_time:4892435ms step_avg:3285.72ms
step:1500/6200 train_loss:3.5606 train_time:4895721ms step_avg:3285.72ms
step:1500/6200 val_loss:3.6273 train_time:4895734ms step_avg:3285.73ms
step:1501/6200 train_loss:3.8282 train_time:4899001ms step_avg:3285.71ms
step:1502/6200 train_loss:3.6802 train_time:4902277ms step_avg:3285.71ms
step:1503/6200 train_loss:3.6578 train_time:4905557ms step_avg:3285.70ms
step:1504/6200 train_loss:3.6552 train_time:4908832ms step_avg:3285.70ms
step:1505/6200 train_loss:3.6071 train_time:4912112ms step_avg:3285.69ms
step:1506/6200 train_loss:3.5777 train_time:4915391ms step_avg:3285.69ms
step:1507/6200 train_loss:3.5639 train_time:4918668ms step_avg:3285.68ms
step:1508/6200 train_loss:3.6350 train_time:4921946ms step_avg:3285.68ms
step:1509/6200 train_loss:3.5805 train_time:4925227ms step_avg:3285.68ms
step:1510/6200 train_loss:3.6626 train_time:4928506ms step_avg:3285.67ms
step:1511/6200 train_loss:3.7085 train_time:4931784ms step_avg:3285.67ms
step:1512/6200 train_loss:3.6255 train_time:4935063ms step_avg:3285.66ms
step:1513/6200 train_loss:3.7084 train_time:4938340ms step_avg:3285.66ms
step:1514/6200 train_loss:3.5247 train_time:4941622ms step_avg:3285.65ms
step:1515/6200 train_loss:3.6233 train_time:4944901ms step_avg:3285.65ms
step:1516/6200 train_loss:3.5469 train_time:4948180ms step_avg:3285.64ms
step:1517/6200 train_loss:3.5327 train_time:4951462ms step_avg:3285.64ms
step:1518/6200 train_loss:3.8612 train_time:4954743ms step_avg:3285.64ms
step:1519/6200 train_loss:3.8923 train_time:4958026ms step_avg:3285.64ms
step:1520/6200 train_loss:3.6545 train_time:4961306ms step_avg:3285.63ms
step:1521/6200 train_loss:3.6628 train_time:4964584ms step_avg:3285.63ms
step:1522/6200 train_loss:3.6163 train_time:4967867ms step_avg:3285.63ms
step:1523/6200 train_loss:3.5862 train_time:4971150ms step_avg:3285.62ms
step:1524/6200 train_loss:3.6274 train_time:4974429ms step_avg:3285.62ms
step:1525/6200 train_loss:3.6265 train_time:4977795ms step_avg:3285.67ms
step:1526/6200 train_loss:3.6100 train_time:4981076ms step_avg:3285.67ms
step:1527/6200 train_loss:3.4857 train_time:4984359ms step_avg:3285.67ms
step:1528/6200 train_loss:3.6814 train_time:4987642ms step_avg:3285.67ms
step:1529/6200 train_loss:3.8615 train_time:4990923ms step_avg:3285.66ms
step:1530/6200 train_loss:3.6689 train_time:4994207ms step_avg:3285.66ms
step:1531/6200 train_loss:3.5362 train_time:4997493ms step_avg:3285.66ms
step:1532/6200 train_loss:3.5969 train_time:5000780ms step_avg:3285.66ms
step:1533/6200 train_loss:3.7364 train_time:5004064ms step_avg:3285.66ms
step:1534/6200 train_loss:3.5202 train_time:5007351ms step_avg:3285.66ms
step:1535/6200 train_loss:3.5866 train_time:5010635ms step_avg:3285.66ms
step:1536/6200 train_loss:3.6697 train_time:5013913ms step_avg:3285.66ms
step:1537/6200 train_loss:3.7868 train_time:5017193ms step_avg:3285.65ms
step:1538/6200 train_loss:3.7867 train_time:5020473ms step_avg:3285.65ms
step:1539/6200 train_loss:3.5999 train_time:5023756ms step_avg:3285.65ms
step:1540/6200 train_loss:3.7798 train_time:5027042ms step_avg:3285.65ms
step:1541/6200 train_loss:3.8642 train_time:5030323ms step_avg:3285.65ms
step:1542/6200 train_loss:3.4768 train_time:5033611ms step_avg:3285.65ms
step:1543/6200 train_loss:3.6068 train_time:5036895ms step_avg:3285.65ms
step:1544/6200 train_loss:3.5238 train_time:5040178ms step_avg:3285.64ms
step:1545/6200 train_loss:3.6235 train_time:5043461ms step_avg:3285.64ms
step:1546/6200 train_loss:3.9395 train_time:5046751ms step_avg:3285.64ms
step:1547/6200 train_loss:3.7115 train_time:5050034ms step_avg:3285.64ms
step:1548/6200 train_loss:3.6483 train_time:5053321ms step_avg:3285.64ms
step:1549/6200 train_loss:3.5396 train_time:5056604ms step_avg:3285.64ms
step:1550/6200 train_loss:3.7239 train_time:5059893ms step_avg:3285.64ms
step:1551/6200 train_loss:3.6407 train_time:5063178ms step_avg:3285.64ms
step:1552/6200 train_loss:3.6735 train_time:5066460ms step_avg:3285.64ms
step:1553/6200 train_loss:3.6303 train_time:5069747ms step_avg:3285.64ms
step:1554/6200 train_loss:3.7571 train_time:5073036ms step_avg:3285.64ms
step:1555/6200 train_loss:3.7211 train_time:5076322ms step_avg:3285.65ms
step:1556/6200 train_loss:3.5725 train_time:5079609ms step_avg:3285.65ms
step:1557/6200 train_loss:3.8495 train_time:5082896ms step_avg:3285.65ms
step:1558/6200 train_loss:3.7858 train_time:5086181ms step_avg:3285.65ms
step:1559/6200 train_loss:3.6164 train_time:5089465ms step_avg:3285.65ms
step:1560/6200 train_loss:3.6773 train_time:5092752ms step_avg:3285.65ms
step:1561/6200 train_loss:3.6368 train_time:5096038ms step_avg:3285.65ms
step:1562/6200 train_loss:3.6480 train_time:5099324ms step_avg:3285.65ms
step:1563/6200 train_loss:3.4796 train_time:5102610ms step_avg:3285.65ms
step:1564/6200 train_loss:3.7517 train_time:5105894ms step_avg:3285.65ms
step:1565/6200 train_loss:3.6432 train_time:5109182ms step_avg:3285.65ms
step:1566/6200 train_loss:3.6649 train_time:5112465ms step_avg:3285.65ms
step:1567/6200 train_loss:3.5411 train_time:5115754ms step_avg:3285.65ms
step:1568/6200 train_loss:3.7172 train_time:5119037ms step_avg:3285.65ms
step:1569/6200 train_loss:3.5584 train_time:5122322ms step_avg:3285.65ms
step:1570/6200 train_loss:3.6281 train_time:5125606ms step_avg:3285.64ms
step:1571/6200 train_loss:3.7687 train_time:5128892ms step_avg:3285.65ms
step:1572/6200 train_loss:3.6460 train_time:5132174ms step_avg:3285.64ms
step:1573/6200 train_loss:3.6437 train_time:5135457ms step_avg:3285.64ms
step:1574/6200 train_loss:3.5368 train_time:5138748ms step_avg:3285.64ms
step:1575/6200 train_loss:3.7389 train_time:5142037ms step_avg:3285.65ms
step:1576/6200 train_loss:3.5645 train_time:5145329ms step_avg:3285.65ms
step:1577/6200 train_loss:3.6157 train_time:5148612ms step_avg:3285.65ms
step:1578/6200 train_loss:3.6459 train_time:5151895ms step_avg:3285.65ms
step:1579/6200 train_loss:3.6006 train_time:5155177ms step_avg:3285.65ms
step:1580/6200 train_loss:3.6294 train_time:5158458ms step_avg:3285.64ms
step:1581/6200 train_loss:3.7017 train_time:5161741ms step_avg:3285.64ms
step:1582/6200 train_loss:3.6571 train_time:5165026ms step_avg:3285.64ms
step:1583/6200 train_loss:3.3407 train_time:5168313ms step_avg:3285.64ms
step:1584/6200 train_loss:3.6996 train_time:5171599ms step_avg:3285.64ms
step:1585/6200 train_loss:3.6390 train_time:5174882ms step_avg:3285.64ms
step:1586/6200 train_loss:3.3009 train_time:5178161ms step_avg:3285.64ms
step:1587/6200 train_loss:3.9262 train_time:5181445ms step_avg:3285.63ms
step:1588/6200 train_loss:3.5423 train_time:5184730ms step_avg:3285.63ms
step:1589/6200 train_loss:3.8600 train_time:5188011ms step_avg:3285.63ms
step:1590/6200 train_loss:3.6976 train_time:5191296ms step_avg:3285.63ms
step:1591/6200 train_loss:3.7987 train_time:5194583ms step_avg:3285.63ms
step:1592/6200 train_loss:3.4204 train_time:5197866ms step_avg:3285.63ms
step:1593/6200 train_loss:3.5714 train_time:5201149ms step_avg:3285.63ms
step:1594/6200 train_loss:3.5347 train_time:5204428ms step_avg:3285.62ms
step:1595/6200 train_loss:3.5737 train_time:5207711ms step_avg:3285.62ms
step:1596/6200 train_loss:3.5755 train_time:5210991ms step_avg:3285.62ms
step:1597/6200 train_loss:3.5375 train_time:5214278ms step_avg:3285.62ms
step:1598/6200 train_loss:3.5111 train_time:5217562ms step_avg:3285.62ms
step:1599/6200 train_loss:3.8509 train_time:5220844ms step_avg:3285.62ms
step:1600/6200 train_loss:3.5889 train_time:5224130ms step_avg:3285.62ms
step:1601/6200 train_loss:3.5735 train_time:5227406ms step_avg:3285.61ms
step:1602/6200 train_loss:3.6076 train_time:5230684ms step_avg:3285.61ms
step:1603/6200 train_loss:3.5985 train_time:5233969ms step_avg:3285.61ms
step:1604/6200 train_loss:3.6961 train_time:5237250ms step_avg:3285.60ms
step:1605/6200 train_loss:3.6669 train_time:5240532ms step_avg:3285.60ms
step:1606/6200 train_loss:3.6403 train_time:5243812ms step_avg:3285.60ms
step:1607/6200 train_loss:4.6190 train_time:5247092ms step_avg:3285.59ms
step:1608/6200 train_loss:3.6027 train_time:5250376ms step_avg:3285.59ms
step:1609/6200 train_loss:3.7674 train_time:5253660ms step_avg:3285.59ms
step:1610/6200 train_loss:3.6799 train_time:5256941ms step_avg:3285.59ms
step:1611/6200 train_loss:3.9108 train_time:5260225ms step_avg:3285.59ms
step:1612/6200 train_loss:3.5660 train_time:5263504ms step_avg:3285.58ms
step:1613/6200 train_loss:3.7499 train_time:5266781ms step_avg:3285.58ms
step:1614/6200 train_loss:3.6846 train_time:5270062ms step_avg:3285.57ms
step:1615/6200 train_loss:3.5761 train_time:5273345ms step_avg:3285.57ms
step:1616/6200 train_loss:3.4953 train_time:5276628ms step_avg:3285.57ms
step:1617/6200 train_loss:3.7960 train_time:5279910ms step_avg:3285.57ms
step:1618/6200 train_loss:3.5655 train_time:5283195ms step_avg:3285.57ms
step:1619/6200 train_loss:3.5424 train_time:5286474ms step_avg:3285.57ms
step:1620/6200 train_loss:3.5722 train_time:5289757ms step_avg:3285.56ms
step:1621/6200 train_loss:3.5942 train_time:5293038ms step_avg:3285.56ms
step:1622/6200 train_loss:3.6472 train_time:5296322ms step_avg:3285.56ms
step:1623/6200 train_loss:3.4999 train_time:5299607ms step_avg:3285.56ms
step:1624/6200 train_loss:3.7556 train_time:5302885ms step_avg:3285.55ms
step:1625/6200 train_loss:3.4854 train_time:5306164ms step_avg:3285.55ms
step:1625/6200 val_loss:3.6090 train_time:5306177ms step_avg:3285.56ms
step:1626/6200 train_loss:3.7975 train_time:5309448ms step_avg:3285.55ms
step:1627/6200 train_loss:3.7299 train_time:5312727ms step_avg:3285.55ms
step:1628/6200 train_loss:3.7414 train_time:5316009ms step_avg:3285.54ms
step:1629/6200 train_loss:3.7593 train_time:5319289ms step_avg:3285.54ms
step:1630/6200 train_loss:3.8487 train_time:5322569ms step_avg:3285.54ms
step:1631/6200 train_loss:3.7630 train_time:5325848ms step_avg:3285.53ms
step:1632/6200 train_loss:3.7478 train_time:5329125ms step_avg:3285.53ms
step:1633/6200 train_loss:3.5969 train_time:5332401ms step_avg:3285.52ms
step:1634/6200 train_loss:3.5690 train_time:5335681ms step_avg:3285.52ms
step:1635/6200 train_loss:3.8794 train_time:5338962ms step_avg:3285.52ms
step:1636/6200 train_loss:3.6051 train_time:5342241ms step_avg:3285.51ms
step:1637/6200 train_loss:3.5041 train_time:5345520ms step_avg:3285.51ms
step:1638/6200 train_loss:3.9878 train_time:5348801ms step_avg:3285.50ms
step:1639/6200 train_loss:3.5891 train_time:5352082ms step_avg:3285.50ms
step:1640/6200 train_loss:3.6318 train_time:5355362ms step_avg:3285.50ms
step:1641/6200 train_loss:3.6648 train_time:5358639ms step_avg:3285.49ms
step:1642/6200 train_loss:3.5146 train_time:5361924ms step_avg:3285.49ms
step:1643/6200 train_loss:3.6369 train_time:5365207ms step_avg:3285.49ms
step:1644/6200 train_loss:3.5200 train_time:5368486ms step_avg:3285.49ms
step:1645/6200 train_loss:3.7171 train_time:5371762ms step_avg:3285.48ms
step:1646/6200 train_loss:3.7595 train_time:5375042ms step_avg:3285.48ms
step:1647/6200 train_loss:3.5646 train_time:5378322ms step_avg:3285.47ms
step:1648/6200 train_loss:3.2914 train_time:5381602ms step_avg:3285.47ms
step:1649/6200 train_loss:3.6212 train_time:5384890ms step_avg:3285.47ms
step:1650/6200 train_loss:3.7178 train_time:5388174ms step_avg:3285.47ms
step:1651/6200 train_loss:3.5973 train_time:5391457ms step_avg:3285.47ms
step:1652/6200 train_loss:3.8743 train_time:5394740ms step_avg:3285.47ms
step:1653/6200 train_loss:3.7009 train_time:5398023ms step_avg:3285.47ms
step:1654/6200 train_loss:3.6478 train_time:5401307ms step_avg:3285.47ms
step:1655/6200 train_loss:3.5095 train_time:5404594ms step_avg:3285.47ms
step:1656/6200 train_loss:3.5502 train_time:5407879ms step_avg:3285.47ms
step:1657/6200 train_loss:3.6665 train_time:5411163ms step_avg:3285.47ms
step:1658/6200 train_loss:3.6553 train_time:5414444ms step_avg:3285.46ms
step:1659/6200 train_loss:3.4454 train_time:5417729ms step_avg:3285.46ms
step:1660/6200 train_loss:3.6403 train_time:5421017ms step_avg:3285.46ms
step:1661/6200 train_loss:3.6888 train_time:5424302ms step_avg:3285.46ms
step:1662/6200 train_loss:3.4985 train_time:5427585ms step_avg:3285.46ms
step:1663/6200 train_loss:3.6448 train_time:5430868ms step_avg:3285.46ms
step:1664/6200 train_loss:3.6283 train_time:5434153ms step_avg:3285.46ms
step:1665/6200 train_loss:3.6322 train_time:5437443ms step_avg:3285.46ms
step:1666/6200 train_loss:3.6935 train_time:5440730ms step_avg:3285.46ms
step:1667/6200 train_loss:3.6733 train_time:5444014ms step_avg:3285.46ms
step:1668/6200 train_loss:3.4962 train_time:5447297ms step_avg:3285.46ms
step:1669/6200 train_loss:3.5945 train_time:5450582ms step_avg:3285.46ms
step:1670/6200 train_loss:3.4448 train_time:5453870ms step_avg:3285.46ms
step:1671/6200 train_loss:3.6761 train_time:5457150ms step_avg:3285.46ms
step:1672/6200 train_loss:3.5953 train_time:5460432ms step_avg:3285.46ms
step:1673/6200 train_loss:3.5378 train_time:5463717ms step_avg:3285.46ms
step:1674/6200 train_loss:3.7801 train_time:5467003ms step_avg:3285.46ms
step:1675/6200 train_loss:3.7004 train_time:5470289ms step_avg:3285.46ms
step:1676/6200 train_loss:3.5620 train_time:5473574ms step_avg:3285.46ms
step:1677/6200 train_loss:3.3443 train_time:5476858ms step_avg:3285.46ms
step:1678/6200 train_loss:3.3286 train_time:5480145ms step_avg:3285.46ms
step:1679/6200 train_loss:3.6169 train_time:5483434ms step_avg:3285.46ms
step:1680/6200 train_loss:3.6976 train_time:5486720ms step_avg:3285.46ms
step:1681/6200 train_loss:3.6385 train_time:5490008ms step_avg:3285.46ms
step:1682/6200 train_loss:3.5512 train_time:5493296ms step_avg:3285.46ms
step:1683/6200 train_loss:3.5121 train_time:5496582ms step_avg:3285.46ms
step:1684/6200 train_loss:3.7283 train_time:5499868ms step_avg:3285.47ms
step:1685/6200 train_loss:3.6154 train_time:5503155ms step_avg:3285.47ms
step:1686/6200 train_loss:3.5494 train_time:5506443ms step_avg:3285.47ms
step:1687/6200 train_loss:3.5196 train_time:5509731ms step_avg:3285.47ms
step:1688/6200 train_loss:3.3742 train_time:5513020ms step_avg:3285.47ms
step:1689/6200 train_loss:3.5758 train_time:5516308ms step_avg:3285.47ms
step:1690/6200 train_loss:3.5071 train_time:5519600ms step_avg:3285.48ms
step:1691/6200 train_loss:3.6333 train_time:5522891ms step_avg:3285.48ms
step:1692/6200 train_loss:3.3915 train_time:5526179ms step_avg:3285.48ms
step:1693/6200 train_loss:3.5709 train_time:5529469ms step_avg:3285.48ms
step:1694/6200 train_loss:3.5861 train_time:5532757ms step_avg:3285.49ms
step:1695/6200 train_loss:3.5461 train_time:5536047ms step_avg:3285.49ms
step:1696/6200 train_loss:3.6573 train_time:5539331ms step_avg:3285.49ms
step:1697/6200 train_loss:3.9324 train_time:5542621ms step_avg:3285.49ms
step:1698/6200 train_loss:3.5803 train_time:5545910ms step_avg:3285.49ms
step:1699/6200 train_loss:3.4888 train_time:5549198ms step_avg:3285.49ms
step:1700/6200 train_loss:3.6691 train_time:5552487ms step_avg:3285.50ms
step:1701/6200 train_loss:3.6207 train_time:5555774ms step_avg:3285.50ms
step:1702/6200 train_loss:3.6718 train_time:5559058ms step_avg:3285.50ms
step:1703/6200 train_loss:3.6684 train_time:5562349ms step_avg:3285.50ms
step:1704/6200 train_loss:3.5787 train_time:5565637ms step_avg:3285.50ms
step:1705/6200 train_loss:3.6678 train_time:5568927ms step_avg:3285.50ms
step:1706/6200 train_loss:3.6687 train_time:5572216ms step_avg:3285.50ms
step:1707/6200 train_loss:3.6202 train_time:5575507ms step_avg:3285.51ms
step:1708/6200 train_loss:3.6554 train_time:5578795ms step_avg:3285.51ms
step:1709/6200 train_loss:3.5290 train_time:5582087ms step_avg:3285.51ms
step:1710/6200 train_loss:3.6836 train_time:5585374ms step_avg:3285.51ms
step:1711/6200 train_loss:3.6052 train_time:5588664ms step_avg:3285.52ms
step:1712/6200 train_loss:3.6956 train_time:5591950ms step_avg:3285.52ms
step:1713/6200 train_loss:3.5134 train_time:5595237ms step_avg:3285.52ms
step:1714/6200 train_loss:3.6277 train_time:5598527ms step_avg:3285.52ms
step:1715/6200 train_loss:3.4724 train_time:5601817ms step_avg:3285.52ms
step:1716/6200 train_loss:3.5476 train_time:5605378ms step_avg:3285.68ms
step:1717/6200 train_loss:3.6443 train_time:5608668ms step_avg:3285.69ms
step:1718/6200 train_loss:3.5111 train_time:5611953ms step_avg:3285.69ms
step:1719/6200 train_loss:3.7775 train_time:5615242ms step_avg:3285.69ms
step:1720/6200 train_loss:3.5631 train_time:5618531ms step_avg:3285.69ms
step:1721/6200 train_loss:3.5082 train_time:5621816ms step_avg:3285.69ms
step:1722/6200 train_loss:3.6156 train_time:5625106ms step_avg:3285.69ms
step:1723/6200 train_loss:3.6399 train_time:5628395ms step_avg:3285.69ms
step:1724/6200 train_loss:3.5754 train_time:5631683ms step_avg:3285.70ms
step:1725/6200 train_loss:3.5937 train_time:5634972ms step_avg:3285.70ms
step:1726/6200 train_loss:3.6385 train_time:5638260ms step_avg:3285.70ms
step:1727/6200 train_loss:3.6723 train_time:5641545ms step_avg:3285.70ms
step:1728/6200 train_loss:3.7383 train_time:5644830ms step_avg:3285.70ms
step:1729/6200 train_loss:3.8463 train_time:5648122ms step_avg:3285.70ms
step:1730/6200 train_loss:3.9349 train_time:5651408ms step_avg:3285.70ms
step:1731/6200 train_loss:3.3491 train_time:5654695ms step_avg:3285.70ms
step:1732/6200 train_loss:3.6335 train_time:5657980ms step_avg:3285.70ms
step:1733/6200 train_loss:3.7643 train_time:5661271ms step_avg:3285.71ms
step:1734/6200 train_loss:3.5761 train_time:5664559ms step_avg:3285.71ms
step:1735/6200 train_loss:3.5879 train_time:5667843ms step_avg:3285.71ms
step:1736/6200 train_loss:3.5213 train_time:5671132ms step_avg:3285.71ms
step:1737/6200 train_loss:3.5461 train_time:5674421ms step_avg:3285.71ms
step:1738/6200 train_loss:3.5675 train_time:5677712ms step_avg:3285.71ms
step:1739/6200 train_loss:3.6340 train_time:5681002ms step_avg:3285.72ms
step:1740/6200 train_loss:3.6000 train_time:5684293ms step_avg:3285.72ms
step:1741/6200 train_loss:3.5649 train_time:5687581ms step_avg:3285.72ms
step:1742/6200 train_loss:3.6324 train_time:5690873ms step_avg:3285.72ms
step:1743/6200 train_loss:3.7854 train_time:5694163ms step_avg:3285.73ms
step:1744/6200 train_loss:3.5969 train_time:5697452ms step_avg:3285.73ms
step:1745/6200 train_loss:3.5454 train_time:5700740ms step_avg:3285.73ms
step:1746/6200 train_loss:3.6172 train_time:5704031ms step_avg:3285.73ms
step:1747/6200 train_loss:3.5513 train_time:5707322ms step_avg:3285.74ms
step:1748/6200 train_loss:3.9081 train_time:5710615ms step_avg:3285.74ms
step:1749/6200 train_loss:3.6321 train_time:5713899ms step_avg:3285.74ms
step:1750/6200 train_loss:3.5923 train_time:5717191ms step_avg:3285.74ms
step:1750/6200 val_loss:3.5897 train_time:5717203ms step_avg:3285.75ms
step:1751/6200 train_loss:3.5076 train_time:5720473ms step_avg:3285.74ms
step:1752/6200 train_loss:3.5965 train_time:5723755ms step_avg:3285.74ms
step:1753/6200 train_loss:3.6392 train_time:5727035ms step_avg:3285.73ms
step:1754/6200 train_loss:3.7157 train_time:5730314ms step_avg:3285.73ms
step:1755/6200 train_loss:3.5904 train_time:5733591ms step_avg:3285.73ms
step:1756/6200 train_loss:3.6100 train_time:5736867ms step_avg:3285.72ms
step:1757/6200 train_loss:3.5792 train_time:5740147ms step_avg:3285.72ms
step:1758/6200 train_loss:3.5744 train_time:5743426ms step_avg:3285.71ms
step:1759/6200 train_loss:3.7310 train_time:5746707ms step_avg:3285.71ms
step:1760/6200 train_loss:3.5756 train_time:5749988ms step_avg:3285.71ms
step:1761/6200 train_loss:3.6432 train_time:5753266ms step_avg:3285.70ms
step:1762/6200 train_loss:3.3672 train_time:5756545ms step_avg:3285.70ms
step:1763/6200 train_loss:3.8675 train_time:5759834ms step_avg:3285.70ms
step:1764/6200 train_loss:3.5672 train_time:5763115ms step_avg:3285.70ms
step:1765/6200 train_loss:3.4224 train_time:5766398ms step_avg:3285.70ms
step:1766/6200 train_loss:3.6794 train_time:5769681ms step_avg:3285.70ms
step:1767/6200 train_loss:3.5242 train_time:5772959ms step_avg:3285.69ms
step:1768/6200 train_loss:3.6438 train_time:5776240ms step_avg:3285.69ms
step:1769/6200 train_loss:3.8911 train_time:5779517ms step_avg:3285.68ms
step:1770/6200 train_loss:3.4823 train_time:5782793ms step_avg:3285.68ms
step:1771/6200 train_loss:3.4654 train_time:5786069ms step_avg:3285.67ms
step:1772/6200 train_loss:3.5617 train_time:5789352ms step_avg:3285.67ms
step:1773/6200 train_loss:3.6444 train_time:5792634ms step_avg:3285.67ms
step:1774/6200 train_loss:3.4624 train_time:5795912ms step_avg:3285.66ms
step:1775/6200 train_loss:3.7675 train_time:5799195ms step_avg:3285.66ms
step:1776/6200 train_loss:3.6418 train_time:5802478ms step_avg:3285.66ms
step:1777/6200 train_loss:3.6895 train_time:5805758ms step_avg:3285.66ms
step:1778/6200 train_loss:3.4596 train_time:5809034ms step_avg:3285.65ms
step:1779/6200 train_loss:3.5671 train_time:5812317ms step_avg:3285.65ms
step:1780/6200 train_loss:3.6057 train_time:5815599ms step_avg:3285.65ms
step:1781/6200 train_loss:3.6274 train_time:5818880ms step_avg:3285.65ms
step:1782/6200 train_loss:3.5758 train_time:5822162ms step_avg:3285.64ms
step:1783/6200 train_loss:3.7082 train_time:5825444ms step_avg:3285.64ms
step:1784/6200 train_loss:3.4795 train_time:5828728ms step_avg:3285.64ms
step:1785/6200 train_loss:3.3815 train_time:5832009ms step_avg:3285.64ms
step:1786/6200 train_loss:3.7467 train_time:5835288ms step_avg:3285.63ms
step:1787/6200 train_loss:3.5742 train_time:5838565ms step_avg:3285.63ms
step:1788/6200 train_loss:3.6644 train_time:5841843ms step_avg:3285.63ms
step:1789/6200 train_loss:3.5948 train_time:5845120ms step_avg:3285.62ms
step:1790/6200 train_loss:3.5075 train_time:5848403ms step_avg:3285.62ms
step:1791/6200 train_loss:3.7378 train_time:5851683ms step_avg:3285.62ms
step:1792/6200 train_loss:3.4805 train_time:5854965ms step_avg:3285.61ms
step:1793/6200 train_loss:3.5735 train_time:5858251ms step_avg:3285.61ms
step:1794/6200 train_loss:3.5657 train_time:5861532ms step_avg:3285.61ms
step:1795/6200 train_loss:3.5100 train_time:5864814ms step_avg:3285.61ms
step:1796/6200 train_loss:3.5127 train_time:5868099ms step_avg:3285.61ms
step:1797/6200 train_loss:3.6693 train_time:5871380ms step_avg:3285.61ms
step:1798/6200 train_loss:3.5575 train_time:5874658ms step_avg:3285.60ms
step:1799/6200 train_loss:3.3776 train_time:5877941ms step_avg:3285.60ms
step:1800/6200 train_loss:3.5677 train_time:5881223ms step_avg:3285.60ms
step:1801/6200 train_loss:3.8055 train_time:5884505ms step_avg:3285.60ms
step:1802/6200 train_loss:3.4403 train_time:5887788ms step_avg:3285.60ms
step:1803/6200 train_loss:3.5103 train_time:5891069ms step_avg:3285.59ms
step:1804/6200 train_loss:3.4968 train_time:5894353ms step_avg:3285.59ms
step:1805/6200 train_loss:3.7049 train_time:5897637ms step_avg:3285.59ms
step:1806/6200 train_loss:3.7654 train_time:5900923ms step_avg:3285.59ms
step:1807/6200 train_loss:3.9006 train_time:5904208ms step_avg:3285.59ms
step:1808/6200 train_loss:3.6123 train_time:5907490ms step_avg:3285.59ms
step:1809/6200 train_loss:3.3468 train_time:5910772ms step_avg:3285.59ms
step:1810/6200 train_loss:3.5643 train_time:5914054ms step_avg:3285.59ms
step:1811/6200 train_loss:3.7601 train_time:5917341ms step_avg:3285.59ms
step:1812/6200 train_loss:3.5978 train_time:5920625ms step_avg:3285.59ms
step:1813/6200 train_loss:3.6571 train_time:5923906ms step_avg:3285.58ms
step:1814/6200 train_loss:3.4964 train_time:5927188ms step_avg:3285.58ms
step:1815/6200 train_loss:3.5033 train_time:5930473ms step_avg:3285.58ms
step:1816/6200 train_loss:3.7285 train_time:5933751ms step_avg:3285.58ms
step:1817/6200 train_loss:3.6055 train_time:5937031ms step_avg:3285.57ms
step:1818/6200 train_loss:3.7361 train_time:5940316ms step_avg:3285.57ms
step:1819/6200 train_loss:3.4133 train_time:5943598ms step_avg:3285.57ms
step:1820/6200 train_loss:3.7579 train_time:5946877ms step_avg:3285.57ms
step:1821/6200 train_loss:3.6225 train_time:5950163ms step_avg:3285.57ms
step:1822/6200 train_loss:3.8276 train_time:5953447ms step_avg:3285.57ms
step:1823/6200 train_loss:3.6712 train_time:5956729ms step_avg:3285.56ms
step:1824/6200 train_loss:3.7168 train_time:5960017ms step_avg:3285.57ms
step:1825/6200 train_loss:3.5360 train_time:5963298ms step_avg:3285.56ms
step:1826/6200 train_loss:3.6240 train_time:5966583ms step_avg:3285.56ms
step:1827/6200 train_loss:3.5576 train_time:5969865ms step_avg:3285.56ms
step:1828/6200 train_loss:3.6965 train_time:5973152ms step_avg:3285.56ms
step:1829/6200 train_loss:3.4098 train_time:5976436ms step_avg:3285.56ms
step:1830/6200 train_loss:3.3971 train_time:5979718ms step_avg:3285.56ms
step:1831/6200 train_loss:3.5614 train_time:5983000ms step_avg:3285.56ms
step:1832/6200 train_loss:3.6384 train_time:5986281ms step_avg:3285.55ms
step:1833/6200 train_loss:3.6533 train_time:5989566ms step_avg:3285.55ms
step:1834/6200 train_loss:3.5167 train_time:5992851ms step_avg:3285.55ms
step:1835/6200 train_loss:3.7069 train_time:5996136ms step_avg:3285.55ms
step:1836/6200 train_loss:3.5273 train_time:5999419ms step_avg:3285.55ms
step:1837/6200 train_loss:3.6016 train_time:6002697ms step_avg:3285.55ms
step:1838/6200 train_loss:3.5500 train_time:6005984ms step_avg:3285.55ms
step:1839/6200 train_loss:3.5956 train_time:6009264ms step_avg:3285.55ms
step:1840/6200 train_loss:3.5320 train_time:6012543ms step_avg:3285.54ms
step:1841/6200 train_loss:3.4252 train_time:6015824ms step_avg:3285.54ms
step:1842/6200 train_loss:3.5762 train_time:6019108ms step_avg:3285.54ms
step:1843/6200 train_loss:3.6455 train_time:6022391ms step_avg:3285.54ms
step:1844/6200 train_loss:3.5242 train_time:6025673ms step_avg:3285.54ms
step:1845/6200 train_loss:3.7303 train_time:6028960ms step_avg:3285.54ms
step:1846/6200 train_loss:3.5520 train_time:6032246ms step_avg:3285.54ms
step:1847/6200 train_loss:3.4908 train_time:6035534ms step_avg:3285.54ms
step:1848/6200 train_loss:3.6604 train_time:6038817ms step_avg:3285.54ms
step:1849/6200 train_loss:3.7917 train_time:6042101ms step_avg:3285.54ms
step:1850/6200 train_loss:3.5397 train_time:6045386ms step_avg:3285.54ms
step:1851/6200 train_loss:3.7426 train_time:6048673ms step_avg:3285.54ms
step:1852/6200 train_loss:3.6988 train_time:6051955ms step_avg:3285.53ms
step:1853/6200 train_loss:3.7863 train_time:6055240ms step_avg:3285.53ms
step:1854/6200 train_loss:3.6105 train_time:6058525ms step_avg:3285.53ms
step:1855/6200 train_loss:3.5128 train_time:6061814ms step_avg:3285.54ms
step:1856/6200 train_loss:3.6479 train_time:6065098ms step_avg:3285.54ms
step:1857/6200 train_loss:3.6394 train_time:6068381ms step_avg:3285.53ms
step:1858/6200 train_loss:3.4884 train_time:6071665ms step_avg:3285.53ms
step:1859/6200 train_loss:3.5134 train_time:6074949ms step_avg:3285.53ms
step:1860/6200 train_loss:3.3863 train_time:6078231ms step_avg:3285.53ms
step:1861/6200 train_loss:3.6669 train_time:6081514ms step_avg:3285.53ms
step:1862/6200 train_loss:3.4736 train_time:6084799ms step_avg:3285.53ms
step:1863/6200 train_loss:3.5453 train_time:6088079ms step_avg:3285.53ms
step:1864/6200 train_loss:3.7471 train_time:6091361ms step_avg:3285.52ms
step:1865/6200 train_loss:3.5530 train_time:6094642ms step_avg:3285.52ms
step:1866/6200 train_loss:3.6761 train_time:6097925ms step_avg:3285.52ms
step:1867/6200 train_loss:3.6852 train_time:6101213ms step_avg:3285.52ms
step:1868/6200 train_loss:4.2793 train_time:6104496ms step_avg:3285.52ms
step:1869/6200 train_loss:3.5653 train_time:6107780ms step_avg:3285.52ms
step:1870/6200 train_loss:3.4685 train_time:6111068ms step_avg:3285.52ms
step:1871/6200 train_loss:3.3832 train_time:6114351ms step_avg:3285.52ms
step:1872/6200 train_loss:3.6825 train_time:6117634ms step_avg:3285.52ms
step:1873/6200 train_loss:3.5456 train_time:6120919ms step_avg:3285.52ms
step:1874/6200 train_loss:3.6395 train_time:6124203ms step_avg:3285.52ms
step:1875/6200 train_loss:3.4726 train_time:6127487ms step_avg:3285.52ms
step:1875/6200 val_loss:3.5748 train_time:6127499ms step_avg:3285.52ms
step:1876/6200 train_loss:3.4753 train_time:6130768ms step_avg:3285.51ms
step:1877/6200 train_loss:3.9164 train_time:6134049ms step_avg:3285.51ms
step:1878/6200 train_loss:3.4835 train_time:6137331ms step_avg:3285.51ms
step:1879/6200 train_loss:3.6815 train_time:6140607ms step_avg:3285.50ms
step:1880/6200 train_loss:3.6552 train_time:6143889ms step_avg:3285.50ms
step:1881/6200 train_loss:3.4606 train_time:6147167ms step_avg:3285.50ms
step:1882/6200 train_loss:3.3969 train_time:6150445ms step_avg:3285.49ms
step:1883/6200 train_loss:3.7665 train_time:6153724ms step_avg:3285.49ms
step:1884/6200 train_loss:3.5181 train_time:6157001ms step_avg:3285.49ms
step:1885/6200 train_loss:3.5280 train_time:6160280ms step_avg:3285.48ms
step:1886/6200 train_loss:3.5879 train_time:6163562ms step_avg:3285.48ms
step:1887/6200 train_loss:3.4271 train_time:6166840ms step_avg:3285.48ms
step:1888/6200 train_loss:3.6287 train_time:6170120ms step_avg:3285.47ms
step:1889/6200 train_loss:3.4753 train_time:6173400ms step_avg:3285.47ms
step:1890/6200 train_loss:3.5514 train_time:6176682ms step_avg:3285.47ms
step:1891/6200 train_loss:3.6572 train_time:6179959ms step_avg:3285.46ms
step:1892/6200 train_loss:3.4808 train_time:6183241ms step_avg:3285.46ms
step:1893/6200 train_loss:3.6502 train_time:6186520ms step_avg:3285.46ms
step:1894/6200 train_loss:3.5655 train_time:6189802ms step_avg:3285.46ms
step:1895/6200 train_loss:3.4505 train_time:6193078ms step_avg:3285.45ms
step:1896/6200 train_loss:3.5529 train_time:6196358ms step_avg:3285.45ms
step:1897/6200 train_loss:3.5035 train_time:6199640ms step_avg:3285.45ms
step:1898/6200 train_loss:3.6383 train_time:6202919ms step_avg:3285.44ms
step:1899/6200 train_loss:3.5338 train_time:6206200ms step_avg:3285.44ms
step:1900/6200 train_loss:3.5114 train_time:6209485ms step_avg:3285.44ms
step:1901/6200 train_loss:3.8302 train_time:6212765ms step_avg:3285.44ms
step:1902/6200 train_loss:3.3464 train_time:6216045ms step_avg:3285.44ms
step:1903/6200 train_loss:3.6331 train_time:6219328ms step_avg:3285.44ms
step:1904/6200 train_loss:3.5724 train_time:6222607ms step_avg:3285.43ms
step:1905/6200 train_loss:3.5487 train_time:6225888ms step_avg:3285.43ms
step:1906/6200 train_loss:3.4903 train_time:6229170ms step_avg:3285.43ms
step:1907/6200 train_loss:3.4915 train_time:6232620ms step_avg:3285.51ms
step:1908/6200 train_loss:3.4477 train_time:6235897ms step_avg:3285.51ms
step:1909/6200 train_loss:3.5421 train_time:6239175ms step_avg:3285.51ms
step:1910/6200 train_loss:3.3473 train_time:6242455ms step_avg:3285.50ms
step:1911/6200 train_loss:3.6605 train_time:6245737ms step_avg:3285.50ms
step:1912/6200 train_loss:3.5307 train_time:6249014ms step_avg:3285.50ms
step:1913/6200 train_loss:3.5948 train_time:6252290ms step_avg:3285.49ms
step:1914/6200 train_loss:3.6722 train_time:6255567ms step_avg:3285.49ms
step:1915/6200 train_loss:3.6257 train_time:6258842ms step_avg:3285.48ms
step:1916/6200 train_loss:3.3867 train_time:6262118ms step_avg:3285.48ms
step:1917/6200 train_loss:3.0912 train_time:6265396ms step_avg:3285.47ms
step:1918/6200 train_loss:3.4299 train_time:6268680ms step_avg:3285.47ms
step:1919/6200 train_loss:3.6667 train_time:6271960ms step_avg:3285.47ms
step:1920/6200 train_loss:3.5479 train_time:6275389ms step_avg:3285.54ms
step:1921/6200 train_loss:3.5728 train_time:6278672ms step_avg:3285.54ms
step:1922/6200 train_loss:3.4042 train_time:6281954ms step_avg:3285.54ms
step:1923/6200 train_loss:3.6042 train_time:6285267ms step_avg:3285.55ms
step:1924/6200 train_loss:3.5379 train_time:6288548ms step_avg:3285.55ms
step:1925/6200 train_loss:3.5115 train_time:6291830ms step_avg:3285.55ms
step:1926/6200 train_loss:3.4807 train_time:6295108ms step_avg:3285.55ms
step:1927/6200 train_loss:3.4482 train_time:6298391ms step_avg:3285.55ms
step:1928/6200 train_loss:3.7102 train_time:6301670ms step_avg:3285.54ms
step:1929/6200 train_loss:3.6496 train_time:6304946ms step_avg:3285.54ms
step:1930/6200 train_loss:3.6248 train_time:6308222ms step_avg:3285.53ms
step:1931/6200 train_loss:3.5830 train_time:6311496ms step_avg:3285.53ms
step:1932/6200 train_loss:3.5588 train_time:6314770ms step_avg:3285.52ms
step:1933/6200 train_loss:3.4726 train_time:6318048ms step_avg:3285.52ms
step:1934/6200 train_loss:3.5141 train_time:6321331ms step_avg:3285.52ms
step:1935/6200 train_loss:3.4284 train_time:6324610ms step_avg:3285.51ms
step:1936/6200 train_loss:3.5519 train_time:6327887ms step_avg:3285.51ms
step:1937/6200 train_loss:3.5720 train_time:6331169ms step_avg:3285.51ms
step:1938/6200 train_loss:3.5044 train_time:6334451ms step_avg:3285.50ms
step:1939/6200 train_loss:3.4749 train_time:6337730ms step_avg:3285.50ms
step:1940/6200 train_loss:3.3879 train_time:6341013ms step_avg:3285.50ms
step:1941/6200 train_loss:3.6187 train_time:6344296ms step_avg:3285.50ms
step:1942/6200 train_loss:3.7825 train_time:6347575ms step_avg:3285.49ms
step:1943/6200 train_loss:3.4858 train_time:6350854ms step_avg:3285.49ms
step:1944/6200 train_loss:3.5674 train_time:6354133ms step_avg:3285.49ms
step:1945/6200 train_loss:3.8686 train_time:6357410ms step_avg:3285.48ms
step:1946/6200 train_loss:3.5320 train_time:6360695ms step_avg:3285.48ms
step:1947/6200 train_loss:3.6972 train_time:6363974ms step_avg:3285.48ms
step:1948/6200 train_loss:3.4273 train_time:6367251ms step_avg:3285.48ms
step:1949/6200 train_loss:3.4980 train_time:6370525ms step_avg:3285.47ms
step:1950/6200 train_loss:3.3644 train_time:6373804ms step_avg:3285.47ms
step:1951/6200 train_loss:3.6589 train_time:6377081ms step_avg:3285.46ms
step:1952/6200 train_loss:3.6219 train_time:6380363ms step_avg:3285.46ms
step:1953/6200 train_loss:3.7266 train_time:6383645ms step_avg:3285.46ms
step:1954/6200 train_loss:3.6511 train_time:6386923ms step_avg:3285.45ms
step:1955/6200 train_loss:3.4365 train_time:6390197ms step_avg:3285.45ms
step:1956/6200 train_loss:3.3288 train_time:6393475ms step_avg:3285.44ms
step:1957/6200 train_loss:3.7417 train_time:6396756ms step_avg:3285.44ms
step:1958/6200 train_loss:3.6599 train_time:6400038ms step_avg:3285.44ms
step:1959/6200 train_loss:3.5647 train_time:6403321ms step_avg:3285.44ms
step:1960/6200 train_loss:3.3620 train_time:6406601ms step_avg:3285.44ms
step:1961/6200 train_loss:3.6743 train_time:6409887ms step_avg:3285.44ms
step:1962/6200 train_loss:3.6004 train_time:6413168ms step_avg:3285.43ms
step:1963/6200 train_loss:3.5637 train_time:6416451ms step_avg:3285.43ms
step:1964/6200 train_loss:3.5773 train_time:6419733ms step_avg:3285.43ms
step:1965/6200 train_loss:3.4947 train_time:6423015ms step_avg:3285.43ms
step:1966/6200 train_loss:3.5213 train_time:6426300ms step_avg:3285.43ms
step:1967/6200 train_loss:3.6347 train_time:6429582ms step_avg:3285.43ms
step:1968/6200 train_loss:3.3859 train_time:6432866ms step_avg:3285.43ms
step:1969/6200 train_loss:3.4854 train_time:6436149ms step_avg:3285.43ms
step:1970/6200 train_loss:3.8533 train_time:6439433ms step_avg:3285.43ms
step:1971/6200 train_loss:3.4905 train_time:6442719ms step_avg:3285.43ms
step:1972/6200 train_loss:3.6950 train_time:6446004ms step_avg:3285.43ms
step:1973/6200 train_loss:3.7926 train_time:6449289ms step_avg:3285.43ms
step:1974/6200 train_loss:3.5969 train_time:6452575ms step_avg:3285.42ms
step:1975/6200 train_loss:3.6253 train_time:6455858ms step_avg:3285.42ms
step:1976/6200 train_loss:3.5209 train_time:6459139ms step_avg:3285.42ms
step:1977/6200 train_loss:3.5655 train_time:6462421ms step_avg:3285.42ms
step:1978/6200 train_loss:3.9763 train_time:6465703ms step_avg:3285.42ms
step:1979/6200 train_loss:3.4054 train_time:6468991ms step_avg:3285.42ms
step:1980/6200 train_loss:3.5618 train_time:6472281ms step_avg:3285.42ms
step:1981/6200 train_loss:3.6428 train_time:6475569ms step_avg:3285.42ms
step:1982/6200 train_loss:3.5234 train_time:6478857ms step_avg:3285.42ms
step:1983/6200 train_loss:3.6396 train_time:6482144ms step_avg:3285.43ms
step:1984/6200 train_loss:3.7006 train_time:6485428ms step_avg:3285.42ms
step:1985/6200 train_loss:3.3179 train_time:6488719ms step_avg:3285.43ms
step:1986/6200 train_loss:3.5494 train_time:6492007ms step_avg:3285.43ms
step:1987/6200 train_loss:3.6240 train_time:6495291ms step_avg:3285.43ms
step:1988/6200 train_loss:3.4467 train_time:6498579ms step_avg:3285.43ms
step:1989/6200 train_loss:3.5048 train_time:6501866ms step_avg:3285.43ms
step:1990/6200 train_loss:3.7431 train_time:6505151ms step_avg:3285.43ms
step:1991/6200 train_loss:3.5224 train_time:6508436ms step_avg:3285.43ms
step:1992/6200 train_loss:3.4348 train_time:6511722ms step_avg:3285.43ms
step:1993/6200 train_loss:3.4315 train_time:6515009ms step_avg:3285.43ms
step:1994/6200 train_loss:3.8300 train_time:6518297ms step_avg:3285.43ms
step:1995/6200 train_loss:3.5879 train_time:6521588ms step_avg:3285.43ms
step:1996/6200 train_loss:3.3926 train_time:6524874ms step_avg:3285.43ms
step:1997/6200 train_loss:3.6578 train_time:6528162ms step_avg:3285.44ms
step:1998/6200 train_loss:3.4579 train_time:6531445ms step_avg:3285.43ms
step:1999/6200 train_loss:3.6641 train_time:6534730ms step_avg:3285.43ms
step:2000/6200 train_loss:3.6911 train_time:6538025ms step_avg:3285.44ms
step:2000/6200 val_loss:3.5595 train_time:6538038ms step_avg:3285.45ms
step:2001/6200 train_loss:3.5725 train_time:6541314ms step_avg:3285.44ms
step:2002/6200 train_loss:3.7790 train_time:6544596ms step_avg:3285.44ms
step:2003/6200 train_loss:3.5971 train_time:6547876ms step_avg:3285.44ms
step:2004/6200 train_loss:3.7958 train_time:6551150ms step_avg:3285.43ms
step:2005/6200 train_loss:3.4712 train_time:6554428ms step_avg:3285.43ms
step:2006/6200 train_loss:3.5005 train_time:6557709ms step_avg:3285.43ms
step:2007/6200 train_loss:3.6643 train_time:6560989ms step_avg:3285.42ms
step:2008/6200 train_loss:3.5975 train_time:6564275ms step_avg:3285.42ms
step:2009/6200 train_loss:3.6773 train_time:6567557ms step_avg:3285.42ms
step:2010/6200 train_loss:3.5542 train_time:6570836ms step_avg:3285.42ms
step:2011/6200 train_loss:3.3625 train_time:6574119ms step_avg:3285.42ms
step:2012/6200 train_loss:3.5052 train_time:6577400ms step_avg:3285.41ms
step:2013/6200 train_loss:3.6233 train_time:6580681ms step_avg:3285.41ms
step:2014/6200 train_loss:3.6268 train_time:6583962ms step_avg:3285.41ms
step:2015/6200 train_loss:3.9063 train_time:6587239ms step_avg:3285.41ms
step:2016/6200 train_loss:3.4452 train_time:6590519ms step_avg:3285.40ms
step:2017/6200 train_loss:3.4528 train_time:6593798ms step_avg:3285.40ms
step:2018/6200 train_loss:3.5856 train_time:6597080ms step_avg:3285.40ms
step:2019/6200 train_loss:3.3708 train_time:6600364ms step_avg:3285.40ms
step:2020/6200 train_loss:3.6775 train_time:6603645ms step_avg:3285.40ms
step:2021/6200 train_loss:3.8174 train_time:6606926ms step_avg:3285.39ms
step:2022/6200 train_loss:3.5972 train_time:6610210ms step_avg:3285.39ms
step:2023/6200 train_loss:3.5452 train_time:6613491ms step_avg:3285.39ms
step:2024/6200 train_loss:3.5622 train_time:6616776ms step_avg:3285.39ms
step:2025/6200 train_loss:3.3927 train_time:6620058ms step_avg:3285.39ms
step:2026/6200 train_loss:3.4852 train_time:6623341ms step_avg:3285.39ms
step:2027/6200 train_loss:3.4990 train_time:6626626ms step_avg:3285.39ms
step:2028/6200 train_loss:3.6765 train_time:6629909ms step_avg:3285.39ms
step:2029/6200 train_loss:3.4016 train_time:6633189ms step_avg:3285.38ms
step:2030/6200 train_loss:3.7973 train_time:6636471ms step_avg:3285.38ms
step:2031/6200 train_loss:3.4836 train_time:6639750ms step_avg:3285.38ms
step:2032/6200 train_loss:3.7739 train_time:6643028ms step_avg:3285.37ms
step:2033/6200 train_loss:3.8725 train_time:6646313ms step_avg:3285.37ms
step:2034/6200 train_loss:3.3877 train_time:6649599ms step_avg:3285.37ms
step:2035/6200 train_loss:3.6957 train_time:6652884ms step_avg:3285.37ms
step:2036/6200 train_loss:3.4956 train_time:6656168ms step_avg:3285.37ms
step:2037/6200 train_loss:3.5271 train_time:6659451ms step_avg:3285.37ms
step:2038/6200 train_loss:3.2905 train_time:6662735ms step_avg:3285.37ms
step:2039/6200 train_loss:3.4632 train_time:6666020ms step_avg:3285.37ms
step:2040/6200 train_loss:4.0797 train_time:6669306ms step_avg:3285.37ms
step:2041/6200 train_loss:3.6406 train_time:6672588ms step_avg:3285.37ms
step:2042/6200 train_loss:3.5396 train_time:6675869ms step_avg:3285.37ms
step:2043/6200 train_loss:3.5327 train_time:6679156ms step_avg:3285.37ms
step:2044/6200 train_loss:3.4645 train_time:6682438ms step_avg:3285.37ms
step:2045/6200 train_loss:3.8666 train_time:6685720ms step_avg:3285.37ms
step:2046/6200 train_loss:3.5431 train_time:6689006ms step_avg:3285.37ms
step:2047/6200 train_loss:3.4220 train_time:6692289ms step_avg:3285.37ms
step:2048/6200 train_loss:3.7529 train_time:6695576ms step_avg:3285.37ms
step:2049/6200 train_loss:3.3897 train_time:6698854ms step_avg:3285.36ms
step:2050/6200 train_loss:3.5007 train_time:6702137ms step_avg:3285.36ms
step:2051/6200 train_loss:3.6833 train_time:6705424ms step_avg:3285.36ms
step:2052/6200 train_loss:3.6522 train_time:6708708ms step_avg:3285.36ms
step:2053/6200 train_loss:3.5237 train_time:6711992ms step_avg:3285.36ms
step:2054/6200 train_loss:3.6208 train_time:6715276ms step_avg:3285.36ms
step:2055/6200 train_loss:3.5111 train_time:6718560ms step_avg:3285.36ms
step:2056/6200 train_loss:3.5415 train_time:6721844ms step_avg:3285.36ms
step:2057/6200 train_loss:3.6081 train_time:6725126ms step_avg:3285.36ms
step:2058/6200 train_loss:3.6019 train_time:6728407ms step_avg:3285.36ms
step:2059/6200 train_loss:3.6040 train_time:6731695ms step_avg:3285.36ms
step:2060/6200 train_loss:3.5715 train_time:6734980ms step_avg:3285.36ms
step:2061/6200 train_loss:3.5415 train_time:6738265ms step_avg:3285.36ms
step:2062/6200 train_loss:3.6773 train_time:6741547ms step_avg:3285.35ms
step:2063/6200 train_loss:3.4813 train_time:6744830ms step_avg:3285.35ms
step:2064/6200 train_loss:3.6206 train_time:6748115ms step_avg:3285.35ms
step:2065/6200 train_loss:3.6277 train_time:6751400ms step_avg:3285.35ms
step:2066/6200 train_loss:3.5411 train_time:6754685ms step_avg:3285.35ms
step:2067/6200 train_loss:3.6295 train_time:6757969ms step_avg:3285.35ms
step:2068/6200 train_loss:3.5841 train_time:6761253ms step_avg:3285.35ms
step:2069/6200 train_loss:3.5255 train_time:6764538ms step_avg:3285.35ms
step:2070/6200 train_loss:3.6152 train_time:6767822ms step_avg:3285.35ms
step:2071/6200 train_loss:3.7069 train_time:6771101ms step_avg:3285.35ms
step:2072/6200 train_loss:3.5503 train_time:6774381ms step_avg:3285.34ms
step:2073/6200 train_loss:3.8876 train_time:6777664ms step_avg:3285.34ms
step:2074/6200 train_loss:3.1775 train_time:6780949ms step_avg:3285.34ms
step:2075/6200 train_loss:3.6434 train_time:6784233ms step_avg:3285.34ms
step:2076/6200 train_loss:3.6676 train_time:6787516ms step_avg:3285.34ms
step:2077/6200 train_loss:3.4899 train_time:6790799ms step_avg:3285.34ms
step:2078/6200 train_loss:3.6404 train_time:6794081ms step_avg:3285.34ms
step:2079/6200 train_loss:3.4682 train_time:6797361ms step_avg:3285.34ms
step:2080/6200 train_loss:3.5436 train_time:6800643ms step_avg:3285.33ms
step:2081/6200 train_loss:3.8450 train_time:6803928ms step_avg:3285.33ms
step:2082/6200 train_loss:3.5384 train_time:6807216ms step_avg:3285.34ms
step:2083/6200 train_loss:3.5273 train_time:6810501ms step_avg:3285.34ms
step:2084/6200 train_loss:3.4954 train_time:6813788ms step_avg:3285.34ms
step:2085/6200 train_loss:3.5311 train_time:6817068ms step_avg:3285.33ms
step:2086/6200 train_loss:3.5023 train_time:6820356ms step_avg:3285.34ms
step:2087/6200 train_loss:3.4597 train_time:6823640ms step_avg:3285.33ms
step:2088/6200 train_loss:3.3217 train_time:6826927ms step_avg:3285.34ms
step:2089/6200 train_loss:3.7056 train_time:6830210ms step_avg:3285.33ms
step:2090/6200 train_loss:3.4317 train_time:6833495ms step_avg:3285.33ms
step:2091/6200 train_loss:3.6084 train_time:6836779ms step_avg:3285.33ms
step:2092/6200 train_loss:3.8171 train_time:6840063ms step_avg:3285.33ms
step:2093/6200 train_loss:3.5753 train_time:6843343ms step_avg:3285.33ms
step:2094/6200 train_loss:4.2833 train_time:6846625ms step_avg:3285.33ms
step:2095/6200 train_loss:3.5551 train_time:6849907ms step_avg:3285.33ms
step:2096/6200 train_loss:3.5174 train_time:6853190ms step_avg:3285.33ms
step:2097/6200 train_loss:3.5076 train_time:6856789ms step_avg:3285.48ms
step:2098/6200 train_loss:3.2935 train_time:6860072ms step_avg:3285.47ms
step:2099/6200 train_loss:3.5136 train_time:6863356ms step_avg:3285.47ms
step:2100/6200 train_loss:3.5656 train_time:6866638ms step_avg:3285.47ms
step:2101/6200 train_loss:3.4608 train_time:6869924ms step_avg:3285.47ms
step:2102/6200 train_loss:3.5563 train_time:6873206ms step_avg:3285.47ms
step:2103/6200 train_loss:3.6088 train_time:6876494ms step_avg:3285.47ms
step:2104/6200 train_loss:3.6411 train_time:6879778ms step_avg:3285.47ms
step:2105/6200 train_loss:3.9652 train_time:6883065ms step_avg:3285.47ms
step:2106/6200 train_loss:3.5290 train_time:6886351ms step_avg:3285.47ms
step:2107/6200 train_loss:3.6035 train_time:6889634ms step_avg:3285.47ms
step:2108/6200 train_loss:3.4968 train_time:6892916ms step_avg:3285.47ms
step:2109/6200 train_loss:3.6025 train_time:6896201ms step_avg:3285.47ms
step:2110/6200 train_loss:3.5445 train_time:6899483ms step_avg:3285.47ms
step:2111/6200 train_loss:3.3165 train_time:6902768ms step_avg:3285.47ms
step:2112/6200 train_loss:3.5022 train_time:6906055ms step_avg:3285.47ms
step:2113/6200 train_loss:3.7380 train_time:6909334ms step_avg:3285.47ms
step:2114/6200 train_loss:3.5352 train_time:6912616ms step_avg:3285.46ms
step:2115/6200 train_loss:3.4429 train_time:6915901ms step_avg:3285.46ms
step:2116/6200 train_loss:3.4657 train_time:6919184ms step_avg:3285.46ms
step:2117/6200 train_loss:3.5828 train_time:6922469ms step_avg:3285.46ms
step:2118/6200 train_loss:3.4179 train_time:6925751ms step_avg:3285.46ms
step:2119/6200 train_loss:3.6229 train_time:6929032ms step_avg:3285.46ms
step:2120/6200 train_loss:3.3408 train_time:6932322ms step_avg:3285.46ms
step:2121/6200 train_loss:3.7301 train_time:6935605ms step_avg:3285.46ms
step:2122/6200 train_loss:3.6497 train_time:6938893ms step_avg:3285.46ms
step:2123/6200 train_loss:3.4776 train_time:6942175ms step_avg:3285.46ms
step:2124/6200 train_loss:3.4975 train_time:6945461ms step_avg:3285.46ms
step:2125/6200 train_loss:3.4907 train_time:6948747ms step_avg:3285.46ms
step:2125/6200 val_loss:3.5479 train_time:6948760ms step_avg:3285.47ms
step:2126/6200 train_loss:3.5582 train_time:6952033ms step_avg:3285.46ms
step:2127/6200 train_loss:3.5246 train_time:6955318ms step_avg:3285.46ms
step:2128/6200 train_loss:3.5982 train_time:6958601ms step_avg:3285.46ms
step:2129/6200 train_loss:4.0292 train_time:6961888ms step_avg:3285.46ms
step:2130/6200 train_loss:3.4051 train_time:6965170ms step_avg:3285.46ms
step:2131/6200 train_loss:3.4846 train_time:6968453ms step_avg:3285.46ms
step:2132/6200 train_loss:3.4599 train_time:6971735ms step_avg:3285.45ms
step:2133/6200 train_loss:3.6958 train_time:6975017ms step_avg:3285.45ms
step:2134/6200 train_loss:3.4990 train_time:6978297ms step_avg:3285.45ms
step:2135/6200 train_loss:3.6204 train_time:6981579ms step_avg:3285.45ms
step:2136/6200 train_loss:3.4292 train_time:6984863ms step_avg:3285.45ms
step:2137/6200 train_loss:3.6890 train_time:6988145ms step_avg:3285.45ms
step:2138/6200 train_loss:3.5191 train_time:6991425ms step_avg:3285.44ms
step:2139/6200 train_loss:3.6128 train_time:6994707ms step_avg:3285.44ms
step:2140/6200 train_loss:3.5199 train_time:6997987ms step_avg:3285.44ms
step:2141/6200 train_loss:3.7240 train_time:7001269ms step_avg:3285.44ms
step:2142/6200 train_loss:3.4572 train_time:7004551ms step_avg:3285.44ms
step:2143/6200 train_loss:3.4661 train_time:7007833ms step_avg:3285.44ms
step:2144/6200 train_loss:3.6300 train_time:7011115ms step_avg:3285.43ms
step:2145/6200 train_loss:3.6321 train_time:7014397ms step_avg:3285.43ms
step:2146/6200 train_loss:3.4599 train_time:7017680ms step_avg:3285.43ms
step:2147/6200 train_loss:3.5156 train_time:7020966ms step_avg:3285.43ms
step:2148/6200 train_loss:3.5225 train_time:7024247ms step_avg:3285.43ms
step:2149/6200 train_loss:3.5709 train_time:7027535ms step_avg:3285.43ms
step:2150/6200 train_loss:3.4540 train_time:7030817ms step_avg:3285.43ms
step:2151/6200 train_loss:3.5118 train_time:7034100ms step_avg:3285.43ms
step:2152/6200 train_loss:3.4636 train_time:7037384ms step_avg:3285.43ms
step:2153/6200 train_loss:3.5494 train_time:7040661ms step_avg:3285.42ms
step:2154/6200 train_loss:3.7749 train_time:7043944ms step_avg:3285.42ms
step:2155/6200 train_loss:3.5312 train_time:7047225ms step_avg:3285.42ms
step:2156/6200 train_loss:3.4840 train_time:7050504ms step_avg:3285.42ms
step:2157/6200 train_loss:3.4002 train_time:7053783ms step_avg:3285.41ms
step:2158/6200 train_loss:3.5600 train_time:7057067ms step_avg:3285.41ms
step:2159/6200 train_loss:3.6993 train_time:7060349ms step_avg:3285.41ms
step:2160/6200 train_loss:3.7707 train_time:7063631ms step_avg:3285.41ms
step:2161/6200 train_loss:3.6289 train_time:7066913ms step_avg:3285.41ms
step:2162/6200 train_loss:3.4893 train_time:7070193ms step_avg:3285.41ms
step:2163/6200 train_loss:3.3395 train_time:7073475ms step_avg:3285.40ms
step:2164/6200 train_loss:3.5125 train_time:7076762ms step_avg:3285.40ms
step:2165/6200 train_loss:3.6612 train_time:7080043ms step_avg:3285.40ms
step:2166/6200 train_loss:3.5374 train_time:7083323ms step_avg:3285.40ms
step:2167/6200 train_loss:3.6671 train_time:7086605ms step_avg:3285.40ms
step:2168/6200 train_loss:3.9009 train_time:7089888ms step_avg:3285.40ms
step:2169/6200 train_loss:3.5497 train_time:7093175ms step_avg:3285.40ms
step:2170/6200 train_loss:3.7937 train_time:7096458ms step_avg:3285.40ms
step:2171/6200 train_loss:3.5973 train_time:7099737ms step_avg:3285.39ms
step:2172/6200 train_loss:3.5473 train_time:7103016ms step_avg:3285.39ms
step:2173/6200 train_loss:3.6372 train_time:7106297ms step_avg:3285.39ms
step:2174/6200 train_loss:3.5879 train_time:7109580ms step_avg:3285.39ms
step:2175/6200 train_loss:3.6612 train_time:7112861ms step_avg:3285.39ms
step:2176/6200 train_loss:3.5264 train_time:7116143ms step_avg:3285.38ms
step:2177/6200 train_loss:3.6508 train_time:7119424ms step_avg:3285.38ms
step:2178/6200 train_loss:3.5823 train_time:7122704ms step_avg:3285.38ms
step:2179/6200 train_loss:3.6215 train_time:7125982ms step_avg:3285.38ms
step:2180/6200 train_loss:3.3619 train_time:7129262ms step_avg:3285.37ms
step:2181/6200 train_loss:3.8141 train_time:7132543ms step_avg:3285.37ms
step:2182/6200 train_loss:3.5336 train_time:7135826ms step_avg:3285.37ms
step:2183/6200 train_loss:3.5552 train_time:7139107ms step_avg:3285.37ms
step:2184/6200 train_loss:3.4472 train_time:7142385ms step_avg:3285.37ms
step:2185/6200 train_loss:3.5065 train_time:7145666ms step_avg:3285.36ms
step:2186/6200 train_loss:3.6052 train_time:7148949ms step_avg:3285.36ms
step:2187/6200 train_loss:3.4735 train_time:7152231ms step_avg:3285.36ms
step:2188/6200 train_loss:3.4359 train_time:7155510ms step_avg:3285.36ms
step:2189/6200 train_loss:3.5800 train_time:7158795ms step_avg:3285.36ms
step:2190/6200 train_loss:3.4678 train_time:7162076ms step_avg:3285.36ms
step:2191/6200 train_loss:3.3330 train_time:7165355ms step_avg:3285.35ms
step:2192/6200 train_loss:3.4124 train_time:7168636ms step_avg:3285.35ms
step:2193/6200 train_loss:3.5578 train_time:7171917ms step_avg:3285.35ms
step:2194/6200 train_loss:3.4898 train_time:7175200ms step_avg:3285.35ms
step:2195/6200 train_loss:3.4217 train_time:7178481ms step_avg:3285.35ms
step:2196/6200 train_loss:3.6921 train_time:7181761ms step_avg:3285.34ms
step:2197/6200 train_loss:3.6096 train_time:7185042ms step_avg:3285.34ms
step:2198/6200 train_loss:3.8940 train_time:7188322ms step_avg:3285.34ms
step:2199/6200 train_loss:3.4828 train_time:7191603ms step_avg:3285.34ms
step:2200/6200 train_loss:3.4934 train_time:7194884ms step_avg:3285.34ms
step:2201/6200 train_loss:3.4484 train_time:7198165ms step_avg:3285.33ms
step:2202/6200 train_loss:3.8678 train_time:7201445ms step_avg:3285.33ms
step:2203/6200 train_loss:3.4950 train_time:7204723ms step_avg:3285.33ms
step:2204/6200 train_loss:3.5007 train_time:7208002ms step_avg:3285.32ms
step:2205/6200 train_loss:3.7032 train_time:7211283ms step_avg:3285.32ms
step:2206/6200 train_loss:3.7651 train_time:7214562ms step_avg:3285.32ms
step:2207/6200 train_loss:3.5275 train_time:7217845ms step_avg:3285.32ms
step:2208/6200 train_loss:3.4459 train_time:7221127ms step_avg:3285.32ms
step:2209/6200 train_loss:3.3308 train_time:7224410ms step_avg:3285.32ms
step:2210/6200 train_loss:3.5631 train_time:7227696ms step_avg:3285.32ms
step:2211/6200 train_loss:3.4551 train_time:7230976ms step_avg:3285.31ms
step:2212/6200 train_loss:3.4832 train_time:7234254ms step_avg:3285.31ms
step:2213/6200 train_loss:3.5406 train_time:7237532ms step_avg:3285.31ms
step:2214/6200 train_loss:3.4047 train_time:7240813ms step_avg:3285.31ms
step:2215/6200 train_loss:3.6724 train_time:7244096ms step_avg:3285.30ms
step:2216/6200 train_loss:3.5959 train_time:7247377ms step_avg:3285.30ms
step:2217/6200 train_loss:3.3625 train_time:7250656ms step_avg:3285.30ms
step:2218/6200 train_loss:3.6051 train_time:7253933ms step_avg:3285.30ms
step:2219/6200 train_loss:3.4450 train_time:7257216ms step_avg:3285.29ms
step:2220/6200 train_loss:3.2023 train_time:7260499ms step_avg:3285.29ms
step:2221/6200 train_loss:3.5710 train_time:7263775ms step_avg:3285.29ms
step:2222/6200 train_loss:3.5716 train_time:7267053ms step_avg:3285.29ms
step:2223/6200 train_loss:3.4962 train_time:7270332ms step_avg:3285.28ms
step:2224/6200 train_loss:3.5081 train_time:7273611ms step_avg:3285.28ms
step:2225/6200 train_loss:3.9507 train_time:7276892ms step_avg:3285.28ms
step:2226/6200 train_loss:3.5089 train_time:7280173ms step_avg:3285.28ms
step:2227/6200 train_loss:3.6134 train_time:7283447ms step_avg:3285.27ms
step:2228/6200 train_loss:3.5988 train_time:7286729ms step_avg:3285.27ms
step:2229/6200 train_loss:3.6981 train_time:7290006ms step_avg:3285.27ms
step:2230/6200 train_loss:3.6283 train_time:7293285ms step_avg:3285.26ms
step:2231/6200 train_loss:3.3800 train_time:7296571ms step_avg:3285.26ms
step:2232/6200 train_loss:3.5448 train_time:7299848ms step_avg:3285.26ms
step:2233/6200 train_loss:3.5967 train_time:7303123ms step_avg:3285.26ms
step:2234/6200 train_loss:3.4753 train_time:7306401ms step_avg:3285.25ms
step:2235/6200 train_loss:3.6480 train_time:7309680ms step_avg:3285.25ms
step:2236/6200 train_loss:3.3371 train_time:7312960ms step_avg:3285.25ms
step:2237/6200 train_loss:3.5472 train_time:7316240ms step_avg:3285.24ms
step:2238/6200 train_loss:3.4914 train_time:7319520ms step_avg:3285.24ms
step:2239/6200 train_loss:3.4184 train_time:7322803ms step_avg:3285.24ms
step:2240/6200 train_loss:3.6080 train_time:7326085ms step_avg:3285.24ms
step:2241/6200 train_loss:3.2717 train_time:7329367ms step_avg:3285.24ms
step:2242/6200 train_loss:3.4895 train_time:7332649ms step_avg:3285.24ms
step:2243/6200 train_loss:3.5446 train_time:7335930ms step_avg:3285.24ms
step:2244/6200 train_loss:3.4242 train_time:7339208ms step_avg:3285.23ms
step:2245/6200 train_loss:3.4390 train_time:7342484ms step_avg:3285.23ms
step:2246/6200 train_loss:3.5123 train_time:7345761ms step_avg:3285.22ms
step:2247/6200 train_loss:3.3865 train_time:7349038ms step_avg:3285.22ms
step:2248/6200 train_loss:3.4917 train_time:7352316ms step_avg:3285.22ms
step:2249/6200 train_loss:3.5900 train_time:7355597ms step_avg:3285.22ms
step:2250/6200 train_loss:3.6065 train_time:7358878ms step_avg:3285.21ms
step:2250/6200 val_loss:3.5374 train_time:7358891ms step_avg:3285.22ms
step:2251/6200 train_loss:3.6823 train_time:7362163ms step_avg:3285.21ms
step:2252/6200 train_loss:3.5307 train_time:7365445ms step_avg:3285.21ms
step:2253/6200 train_loss:3.4387 train_time:7368727ms step_avg:3285.21ms
step:2254/6200 train_loss:3.6330 train_time:7372008ms step_avg:3285.21ms
step:2255/6200 train_loss:3.4564 train_time:7375286ms step_avg:3285.21ms
step:2256/6200 train_loss:3.7574 train_time:7378569ms step_avg:3285.20ms
step:2257/6200 train_loss:3.8855 train_time:7381850ms step_avg:3285.20ms
step:2258/6200 train_loss:3.5669 train_time:7385129ms step_avg:3285.20ms
step:2259/6200 train_loss:3.8376 train_time:7388412ms step_avg:3285.20ms
step:2260/6200 train_loss:3.3520 train_time:7391693ms step_avg:3285.20ms
step:2261/6200 train_loss:3.5420 train_time:7394977ms step_avg:3285.20ms
step:2262/6200 train_loss:3.6247 train_time:7398265ms step_avg:3285.20ms
step:2263/6200 train_loss:4.0757 train_time:7401550ms step_avg:3285.20ms
step:2264/6200 train_loss:3.5898 train_time:7404833ms step_avg:3285.20ms
step:2265/6200 train_loss:3.4252 train_time:7408118ms step_avg:3285.20ms
step:2266/6200 train_loss:3.6379 train_time:7411402ms step_avg:3285.20ms
step:2267/6200 train_loss:3.5466 train_time:7414683ms step_avg:3285.19ms
step:2268/6200 train_loss:3.4630 train_time:7417968ms step_avg:3285.19ms
step:2269/6200 train_loss:3.3327 train_time:7421252ms step_avg:3285.19ms
step:2270/6200 train_loss:3.5478 train_time:7424536ms step_avg:3285.19ms
step:2271/6200 train_loss:3.5285 train_time:7427820ms step_avg:3285.19ms
step:2272/6200 train_loss:3.5169 train_time:7431104ms step_avg:3285.19ms
step:2273/6200 train_loss:3.4894 train_time:7434389ms step_avg:3285.19ms
step:2274/6200 train_loss:3.4747 train_time:7437674ms step_avg:3285.19ms
step:2275/6200 train_loss:3.3409 train_time:7440958ms step_avg:3285.19ms
step:2276/6200 train_loss:3.3586 train_time:7444244ms step_avg:3285.19ms
step:2277/6200 train_loss:3.6621 train_time:7447529ms step_avg:3285.19ms
step:2278/6200 train_loss:3.3962 train_time:7450815ms step_avg:3285.19ms
step:2279/6200 train_loss:3.4947 train_time:7454099ms step_avg:3285.19ms
step:2280/6200 train_loss:3.4420 train_time:7457382ms step_avg:3285.19ms
step:2281/6200 train_loss:3.9862 train_time:7460662ms step_avg:3285.19ms
step:2282/6200 train_loss:3.5947 train_time:7463945ms step_avg:3285.19ms
step:2283/6200 train_loss:3.4528 train_time:7467235ms step_avg:3285.19ms
step:2284/6200 train_loss:3.5504 train_time:7470516ms step_avg:3285.19ms
step:2285/6200 train_loss:3.5082 train_time:7473805ms step_avg:3285.19ms
step:2286/6200 train_loss:3.3979 train_time:7477093ms step_avg:3285.19ms
step:2287/6200 train_loss:3.4022 train_time:7480376ms step_avg:3285.19ms
step:2288/6200 train_loss:3.4563 train_time:7483998ms step_avg:3285.34ms
step:2289/6200 train_loss:3.6916 train_time:7487280ms step_avg:3285.34ms
step:2290/6200 train_loss:3.6727 train_time:7490566ms step_avg:3285.34ms
step:2291/6200 train_loss:3.5083 train_time:7493851ms step_avg:3285.34ms
step:2292/6200 train_loss:3.3888 train_time:7497136ms step_avg:3285.34ms
step:2293/6200 train_loss:3.5548 train_time:7500421ms step_avg:3285.34ms
step:2294/6200 train_loss:3.5273 train_time:7503709ms step_avg:3285.34ms
step:2295/6200 train_loss:3.4962 train_time:7506995ms step_avg:3285.34ms
step:2296/6200 train_loss:3.6456 train_time:7510282ms step_avg:3285.34ms
step:2297/6200 train_loss:3.3851 train_time:7513567ms step_avg:3285.34ms
step:2298/6200 train_loss:3.5502 train_time:7516851ms step_avg:3285.34ms
step:2299/6200 train_loss:3.3220 train_time:7520139ms step_avg:3285.34ms
step:2300/6200 train_loss:3.5817 train_time:7523427ms step_avg:3285.34ms
step:2301/6200 train_loss:4.0186 train_time:7526712ms step_avg:3285.34ms
step:2302/6200 train_loss:3.4733 train_time:7530001ms step_avg:3285.34ms
step:2303/6200 train_loss:3.5840 train_time:7533289ms step_avg:3285.34ms
step:2304/6200 train_loss:3.4936 train_time:7536579ms step_avg:3285.34ms
step:2305/6200 train_loss:3.6945 train_time:7539865ms step_avg:3285.34ms
step:2306/6200 train_loss:3.5136 train_time:7543143ms step_avg:3285.34ms
step:2307/6200 train_loss:3.3833 train_time:7546425ms step_avg:3285.34ms
step:2308/6200 train_loss:3.4932 train_time:7549710ms step_avg:3285.34ms
step:2309/6200 train_loss:3.5562 train_time:7553004ms step_avg:3285.34ms
step:2310/6200 train_loss:3.4401 train_time:7556292ms step_avg:3285.34ms
step:2311/6200 train_loss:3.5280 train_time:7559579ms step_avg:3285.35ms
step:2312/6200 train_loss:3.5700 train_time:7562866ms step_avg:3285.35ms
step:2313/6200 train_loss:3.5672 train_time:7566155ms step_avg:3285.35ms
step:2314/6200 train_loss:3.6214 train_time:7569440ms step_avg:3285.35ms
step:2315/6200 train_loss:3.4701 train_time:7572732ms step_avg:3285.35ms
step:2316/6200 train_loss:3.6154 train_time:7576021ms step_avg:3285.35ms
step:2317/6200 train_loss:3.4729 train_time:7579310ms step_avg:3285.35ms
step:2318/6200 train_loss:3.8922 train_time:7582597ms step_avg:3285.35ms
step:2319/6200 train_loss:3.6717 train_time:7585885ms step_avg:3285.35ms
step:2320/6200 train_loss:3.4870 train_time:7589173ms step_avg:3285.36ms
step:2321/6200 train_loss:3.4968 train_time:7592463ms step_avg:3285.36ms
step:2322/6200 train_loss:3.5697 train_time:7595750ms step_avg:3285.36ms
step:2323/6200 train_loss:4.0116 train_time:7599036ms step_avg:3285.36ms
step:2324/6200 train_loss:3.6055 train_time:7602320ms step_avg:3285.36ms
step:2325/6200 train_loss:3.8159 train_time:7605607ms step_avg:3285.36ms
step:2326/6200 train_loss:3.7391 train_time:7608895ms step_avg:3285.36ms
step:2327/6200 train_loss:3.6160 train_time:7612185ms step_avg:3285.36ms
step:2328/6200 train_loss:3.8498 train_time:7615475ms step_avg:3285.36ms
step:2329/6200 train_loss:3.4667 train_time:7618766ms step_avg:3285.37ms
step:2330/6200 train_loss:3.5188 train_time:7622055ms step_avg:3285.37ms
step:2331/6200 train_loss:3.4846 train_time:7625344ms step_avg:3285.37ms
step:2332/6200 train_loss:3.3487 train_time:7628632ms step_avg:3285.37ms
step:2333/6200 train_loss:3.5171 train_time:7631923ms step_avg:3285.37ms
step:2334/6200 train_loss:3.3499 train_time:7635213ms step_avg:3285.38ms
step:2335/6200 train_loss:3.5459 train_time:7638501ms step_avg:3285.38ms
step:2336/6200 train_loss:4.2593 train_time:7641790ms step_avg:3285.38ms
step:2337/6200 train_loss:3.4566 train_time:7645076ms step_avg:3285.38ms
step:2338/6200 train_loss:3.5675 train_time:7648367ms step_avg:3285.38ms
step:2339/6200 train_loss:3.4913 train_time:7651653ms step_avg:3285.38ms
step:2340/6200 train_loss:3.5073 train_time:7654943ms step_avg:3285.38ms
step:2341/6200 train_loss:3.6453 train_time:7658233ms step_avg:3285.39ms
step:2342/6200 train_loss:3.5544 train_time:7661524ms step_avg:3285.39ms
step:2343/6200 train_loss:3.4528 train_time:7664814ms step_avg:3285.39ms
step:2344/6200 train_loss:3.4808 train_time:7668107ms step_avg:3285.39ms
step:2345/6200 train_loss:3.5507 train_time:7671397ms step_avg:3285.40ms
step:2346/6200 train_loss:3.4981 train_time:7674685ms step_avg:3285.40ms
step:2347/6200 train_loss:3.7139 train_time:7677971ms step_avg:3285.40ms
step:2348/6200 train_loss:3.5809 train_time:7681262ms step_avg:3285.40ms
step:2349/6200 train_loss:3.5051 train_time:7684550ms step_avg:3285.40ms
step:2350/6200 train_loss:3.4925 train_time:7687839ms step_avg:3285.40ms
step:2351/6200 train_loss:3.5285 train_time:7691130ms step_avg:3285.40ms
step:2352/6200 train_loss:3.4960 train_time:7694420ms step_avg:3285.41ms
step:2353/6200 train_loss:3.5105 train_time:7697707ms step_avg:3285.41ms
step:2354/6200 train_loss:3.4630 train_time:7700994ms step_avg:3285.41ms
step:2355/6200 train_loss:3.5373 train_time:7704286ms step_avg:3285.41ms
step:2356/6200 train_loss:3.4762 train_time:7707575ms step_avg:3285.41ms
step:2357/6200 train_loss:3.5542 train_time:7710865ms step_avg:3285.41ms
step:2358/6200 train_loss:3.8362 train_time:7714154ms step_avg:3285.41ms
step:2359/6200 train_loss:3.6425 train_time:7717443ms step_avg:3285.42ms
step:2360/6200 train_loss:3.4790 train_time:7720730ms step_avg:3285.42ms
step:2361/6200 train_loss:3.5534 train_time:7724018ms step_avg:3285.42ms
step:2362/6200 train_loss:3.4579 train_time:7727306ms step_avg:3285.42ms
step:2363/6200 train_loss:3.4570 train_time:7730596ms step_avg:3285.42ms
step:2364/6200 train_loss:3.5375 train_time:7733881ms step_avg:3285.42ms
step:2365/6200 train_loss:3.4166 train_time:7737169ms step_avg:3285.42ms
step:2366/6200 train_loss:3.5856 train_time:7740456ms step_avg:3285.42ms
step:2367/6200 train_loss:3.4809 train_time:7743741ms step_avg:3285.42ms
step:2368/6200 train_loss:3.4272 train_time:7747033ms step_avg:3285.43ms
step:2369/6200 train_loss:3.4317 train_time:7750325ms step_avg:3285.43ms
step:2370/6200 train_loss:3.5982 train_time:7753616ms step_avg:3285.43ms
step:2371/6200 train_loss:3.5302 train_time:7756906ms step_avg:3285.43ms
step:2372/6200 train_loss:3.3031 train_time:7760196ms step_avg:3285.43ms
step:2373/6200 train_loss:3.5183 train_time:7763483ms step_avg:3285.44ms
step:2374/6200 train_loss:3.5408 train_time:7766772ms step_avg:3285.44ms
step:2375/6200 train_loss:3.7002 train_time:7770063ms step_avg:3285.44ms
step:2375/6200 val_loss:3.5341 train_time:7770075ms step_avg:3285.44ms
step:2376/6200 train_loss:3.5409 train_time:7773346ms step_avg:3285.44ms
step:2377/6200 train_loss:4.1066 train_time:7776623ms step_avg:3285.43ms
step:2378/6200 train_loss:3.4999 train_time:7779904ms step_avg:3285.43ms
step:2379/6200 train_loss:3.3710 train_time:7783183ms step_avg:3285.43ms
step:2380/6200 train_loss:3.3987 train_time:7786462ms step_avg:3285.43ms
step:2381/6200 train_loss:3.5706 train_time:7789746ms step_avg:3285.43ms
step:2382/6200 train_loss:3.4935 train_time:7793025ms step_avg:3285.42ms
step:2383/6200 train_loss:3.5477 train_time:7796302ms step_avg:3285.42ms
step:2384/6200 train_loss:3.4936 train_time:7799578ms step_avg:3285.42ms
step:2385/6200 train_loss:3.3860 train_time:7802858ms step_avg:3285.41ms
step:2386/6200 train_loss:3.4034 train_time:7806140ms step_avg:3285.41ms
step:2387/6200 train_loss:3.5280 train_time:7809418ms step_avg:3285.41ms
step:2388/6200 train_loss:3.3349 train_time:7812695ms step_avg:3285.41ms
step:2389/6200 train_loss:3.2425 train_time:7815972ms step_avg:3285.40ms
step:2390/6200 train_loss:3.5929 train_time:7819245ms step_avg:3285.40ms
step:2391/6200 train_loss:3.8003 train_time:7822518ms step_avg:3285.39ms
step:2392/6200 train_loss:3.4142 train_time:7825795ms step_avg:3285.39ms
step:2393/6200 train_loss:3.4870 train_time:7829072ms step_avg:3285.38ms
step:2394/6200 train_loss:3.6017 train_time:7832348ms step_avg:3285.38ms
step:2395/6200 train_loss:3.4755 train_time:7835627ms step_avg:3285.38ms
step:2396/6200 train_loss:3.6519 train_time:7838908ms step_avg:3285.38ms
step:2397/6200 train_loss:3.6281 train_time:7842193ms step_avg:3285.38ms
step:2398/6200 train_loss:3.5335 train_time:7845473ms step_avg:3285.37ms
step:2399/6200 train_loss:3.5881 train_time:7848750ms step_avg:3285.37ms
step:2400/6200 train_loss:3.5516 train_time:7852031ms step_avg:3285.37ms
step:2401/6200 train_loss:3.5619 train_time:7855308ms step_avg:3285.37ms
step:2402/6200 train_loss:3.6747 train_time:7858585ms step_avg:3285.36ms
step:2403/6200 train_loss:3.4515 train_time:7861863ms step_avg:3285.36ms
step:2404/6200 train_loss:3.3954 train_time:7865143ms step_avg:3285.36ms
step:2405/6200 train_loss:3.5516 train_time:7868419ms step_avg:3285.35ms
step:2406/6200 train_loss:3.3189 train_time:7871700ms step_avg:3285.35ms
step:2407/6200 train_loss:3.4908 train_time:7874976ms step_avg:3285.35ms
step:2408/6200 train_loss:3.6602 train_time:7878253ms step_avg:3285.34ms
step:2409/6200 train_loss:3.6125 train_time:7881533ms step_avg:3285.34ms
step:2410/6200 train_loss:3.4185 train_time:7884815ms step_avg:3285.34ms
step:2411/6200 train_loss:3.5807 train_time:7888099ms step_avg:3285.34ms
step:2412/6200 train_loss:3.3083 train_time:7891379ms step_avg:3285.34ms
step:2413/6200 train_loss:3.5475 train_time:7894660ms step_avg:3285.34ms
step:2414/6200 train_loss:3.4680 train_time:7897942ms step_avg:3285.33ms
step:2415/6200 train_loss:3.5773 train_time:7901222ms step_avg:3285.33ms
step:2416/6200 train_loss:3.4372 train_time:7904504ms step_avg:3285.33ms
step:2417/6200 train_loss:3.0915 train_time:7907785ms step_avg:3285.33ms
step:2418/6200 train_loss:3.3575 train_time:7911072ms step_avg:3285.33ms
step:2419/6200 train_loss:3.7392 train_time:7914357ms step_avg:3285.33ms
step:2420/6200 train_loss:3.4516 train_time:7917642ms step_avg:3285.33ms
step:2421/6200 train_loss:3.3579 train_time:7920924ms step_avg:3285.33ms
step:2422/6200 train_loss:3.5290 train_time:7924206ms step_avg:3285.33ms
step:2423/6200 train_loss:3.5263 train_time:7927488ms step_avg:3285.32ms
step:2424/6200 train_loss:3.4967 train_time:7930769ms step_avg:3285.32ms
step:2425/6200 train_loss:3.5687 train_time:7934050ms step_avg:3285.32ms
step:2426/6200 train_loss:3.4499 train_time:7937328ms step_avg:3285.32ms
step:2427/6200 train_loss:3.4456 train_time:7940608ms step_avg:3285.32ms
step:2428/6200 train_loss:3.3486 train_time:7943889ms step_avg:3285.31ms
step:2429/6200 train_loss:4.4400 train_time:7947171ms step_avg:3285.31ms
step:2430/6200 train_loss:3.3982 train_time:7950447ms step_avg:3285.31ms
step:2431/6200 train_loss:3.4697 train_time:7953726ms step_avg:3285.31ms
step:2432/6200 train_loss:3.4631 train_time:7957009ms step_avg:3285.31ms
step:2433/6200 train_loss:3.4491 train_time:7960288ms step_avg:3285.30ms
step:2434/6200 train_loss:3.6257 train_time:7963570ms step_avg:3285.30ms
step:2435/6200 train_loss:3.4563 train_time:7966852ms step_avg:3285.30ms
step:2436/6200 train_loss:3.5689 train_time:7970136ms step_avg:3285.30ms
step:2437/6200 train_loss:3.5650 train_time:7973417ms step_avg:3285.30ms
step:2438/6200 train_loss:3.5110 train_time:7976704ms step_avg:3285.30ms
step:2439/6200 train_loss:3.4396 train_time:7979985ms step_avg:3285.30ms
step:2440/6200 train_loss:3.5337 train_time:7983269ms step_avg:3285.30ms
step:2441/6200 train_loss:3.6139 train_time:7986554ms step_avg:3285.30ms
step:2442/6200 train_loss:3.4133 train_time:7989837ms step_avg:3285.29ms
step:2443/6200 train_loss:3.5066 train_time:7993117ms step_avg:3285.29ms
step:2444/6200 train_loss:3.4960 train_time:7996398ms step_avg:3285.29ms
step:2445/6200 train_loss:3.3764 train_time:7999680ms step_avg:3285.29ms
step:2446/6200 train_loss:3.4723 train_time:8002963ms step_avg:3285.29ms
step:2447/6200 train_loss:3.6356 train_time:8006243ms step_avg:3285.29ms
step:2448/6200 train_loss:3.4594 train_time:8009521ms step_avg:3285.28ms
step:2449/6200 train_loss:3.5195 train_time:8012805ms step_avg:3285.28ms
step:2450/6200 train_loss:3.4115 train_time:8016087ms step_avg:3285.28ms
step:2451/6200 train_loss:3.4243 train_time:8019368ms step_avg:3285.28ms
step:2452/6200 train_loss:3.5417 train_time:8022647ms step_avg:3285.28ms
step:2453/6200 train_loss:3.5129 train_time:8025931ms step_avg:3285.28ms
step:2454/6200 train_loss:3.5048 train_time:8029211ms step_avg:3285.27ms
step:2455/6200 train_loss:3.5427 train_time:8032491ms step_avg:3285.27ms
step:2456/6200 train_loss:3.6366 train_time:8035769ms step_avg:3285.27ms
step:2457/6200 train_loss:3.7878 train_time:8039048ms step_avg:3285.27ms
step:2458/6200 train_loss:3.7137 train_time:8042334ms step_avg:3285.27ms
step:2459/6200 train_loss:4.0584 train_time:8045618ms step_avg:3285.27ms
step:2460/6200 train_loss:3.3760 train_time:8048903ms step_avg:3285.27ms
step:2461/6200 train_loss:3.6848 train_time:8052193ms step_avg:3285.27ms
step:2462/6200 train_loss:3.4434 train_time:8055476ms step_avg:3285.27ms
step:2463/6200 train_loss:3.7568 train_time:8058759ms step_avg:3285.27ms
step:2464/6200 train_loss:3.5594 train_time:8062043ms step_avg:3285.27ms
step:2465/6200 train_loss:3.3137 train_time:8065328ms step_avg:3285.27ms
step:2466/6200 train_loss:3.5388 train_time:8068610ms step_avg:3285.26ms
step:2467/6200 train_loss:3.4395 train_time:8071896ms step_avg:3285.26ms
step:2468/6200 train_loss:3.5414 train_time:8075178ms step_avg:3285.26ms
step:2469/6200 train_loss:3.6019 train_time:8078463ms step_avg:3285.26ms
step:2470/6200 train_loss:3.7701 train_time:8081749ms step_avg:3285.26ms
step:2471/6200 train_loss:3.5179 train_time:8085031ms step_avg:3285.26ms
step:2472/6200 train_loss:3.7880 train_time:8088314ms step_avg:3285.26ms
step:2473/6200 train_loss:3.3794 train_time:8091598ms step_avg:3285.26ms
step:2474/6200 train_loss:3.8973 train_time:8094883ms step_avg:3285.26ms
step:2475/6200 train_loss:3.4507 train_time:8098165ms step_avg:3285.26ms
step:2476/6200 train_loss:3.4306 train_time:8101448ms step_avg:3285.26ms
step:2477/6200 train_loss:3.3186 train_time:8104735ms step_avg:3285.26ms
step:2478/6200 train_loss:3.4468 train_time:8108016ms step_avg:3285.26ms
step:2479/6200 train_loss:3.5122 train_time:8111818ms step_avg:3285.47ms
step:2480/6200 train_loss:3.5284 train_time:8115100ms step_avg:3285.47ms
step:2481/6200 train_loss:3.6907 train_time:8118378ms step_avg:3285.46ms
step:2482/6200 train_loss:3.4956 train_time:8121657ms step_avg:3285.46ms
step:2483/6200 train_loss:3.8678 train_time:8124936ms step_avg:3285.46ms
step:2484/6200 train_loss:3.4488 train_time:8128214ms step_avg:3285.45ms
step:2485/6200 train_loss:3.8113 train_time:8131499ms step_avg:3285.45ms
step:2486/6200 train_loss:3.4745 train_time:8134783ms step_avg:3285.45ms
step:2487/6200 train_loss:3.6500 train_time:8138068ms step_avg:3285.45ms
step:2488/6200 train_loss:3.3533 train_time:8141350ms step_avg:3285.45ms
step:2489/6200 train_loss:3.3817 train_time:8144633ms step_avg:3285.45ms
step:2490/6200 train_loss:3.4008 train_time:8147917ms step_avg:3285.45ms
step:2491/6200 train_loss:3.4926 train_time:8151200ms step_avg:3285.45ms
step:2492/6200 train_loss:3.5512 train_time:8154485ms step_avg:3285.45ms
step:2493/6200 train_loss:3.6896 train_time:8157772ms step_avg:3285.45ms
step:2494/6200 train_loss:3.6651 train_time:8161057ms step_avg:3285.45ms
step:2495/6200 train_loss:3.5133 train_time:8164338ms step_avg:3285.45ms
step:2496/6200 train_loss:3.6312 train_time:8167621ms step_avg:3285.45ms
step:2497/6200 train_loss:3.4831 train_time:8170899ms step_avg:3285.44ms
step:2498/6200 train_loss:3.8344 train_time:8174181ms step_avg:3285.44ms
step:2499/6200 train_loss:3.4164 train_time:8177467ms step_avg:3285.44ms
step:2500/6200 train_loss:3.5199 train_time:8180750ms step_avg:3285.44ms
step:2500/6200 val_loss:3.5194 train_time:8180763ms step_avg:3285.45ms
step:2501/6200 train_loss:3.4438 train_time:8184035ms step_avg:3285.44ms
step:2502/6200 train_loss:3.3389 train_time:8187319ms step_avg:3285.44ms
step:2503/6200 train_loss:3.5466 train_time:8190597ms step_avg:3285.44ms
step:2504/6200 train_loss:3.5105 train_time:8193873ms step_avg:3285.43ms
step:2505/6200 train_loss:3.4912 train_time:8197147ms step_avg:3285.43ms
step:2506/6200 train_loss:3.5280 train_time:8200420ms step_avg:3285.42ms
step:2507/6200 train_loss:3.6297 train_time:8203697ms step_avg:3285.42ms
step:2508/6200 train_loss:3.5752 train_time:8206975ms step_avg:3285.42ms
step:2509/6200 train_loss:3.4174 train_time:8210254ms step_avg:3285.42ms
step:2510/6200 train_loss:3.5748 train_time:8213532ms step_avg:3285.41ms
step:2511/6200 train_loss:3.5377 train_time:8216812ms step_avg:3285.41ms
step:2512/6200 train_loss:3.7799 train_time:8220095ms step_avg:3285.41ms
step:2513/6200 train_loss:3.3823 train_time:8223373ms step_avg:3285.41ms
step:2514/6200 train_loss:3.5517 train_time:8226653ms step_avg:3285.40ms
step:2515/6200 train_loss:3.4642 train_time:8229931ms step_avg:3285.40ms
step:2516/6200 train_loss:3.3295 train_time:8233214ms step_avg:3285.40ms
step:2517/6200 train_loss:3.5204 train_time:8236491ms step_avg:3285.40ms
step:2518/6200 train_loss:3.4433 train_time:8239766ms step_avg:3285.39ms
step:2519/6200 train_loss:3.4944 train_time:8243046ms step_avg:3285.39ms
step:2520/6200 train_loss:3.4607 train_time:8246324ms step_avg:3285.39ms
step:2521/6200 train_loss:3.4252 train_time:8249604ms step_avg:3285.39ms
step:2522/6200 train_loss:3.3729 train_time:8252883ms step_avg:3285.38ms
step:2523/6200 train_loss:3.6835 train_time:8256158ms step_avg:3285.38ms
step:2524/6200 train_loss:3.4267 train_time:8259432ms step_avg:3285.37ms
step:2525/6200 train_loss:3.6313 train_time:8262708ms step_avg:3285.37ms
step:2526/6200 train_loss:3.4759 train_time:8265986ms step_avg:3285.37ms
step:2527/6200 train_loss:3.4583 train_time:8269267ms step_avg:3285.37ms
step:2528/6200 train_loss:3.3978 train_time:8272547ms step_avg:3285.36ms
step:2529/6200 train_loss:3.5351 train_time:8275826ms step_avg:3285.36ms
step:2530/6200 train_loss:3.6402 train_time:8279106ms step_avg:3285.36ms
step:2531/6200 train_loss:3.5787 train_time:8282392ms step_avg:3285.36ms
step:2532/6200 train_loss:3.6070 train_time:8285672ms step_avg:3285.36ms
step:2533/6200 train_loss:3.5831 train_time:8288951ms step_avg:3285.36ms
step:2534/6200 train_loss:3.4543 train_time:8292234ms step_avg:3285.35ms
step:2535/6200 train_loss:3.4281 train_time:8295515ms step_avg:3285.35ms
step:2536/6200 train_loss:3.5576 train_time:8298793ms step_avg:3285.35ms
step:2537/6200 train_loss:3.4601 train_time:8302076ms step_avg:3285.35ms
step:2538/6200 train_loss:3.5553 train_time:8305361ms step_avg:3285.35ms
step:2539/6200 train_loss:3.5403 train_time:8308641ms step_avg:3285.35ms
step:2540/6200 train_loss:3.5931 train_time:8311919ms step_avg:3285.34ms
step:2541/6200 train_loss:3.5111 train_time:8315201ms step_avg:3285.34ms
step:2542/6200 train_loss:3.8394 train_time:8318480ms step_avg:3285.34ms
step:2543/6200 train_loss:3.8226 train_time:8321755ms step_avg:3285.34ms
step:2544/6200 train_loss:3.3520 train_time:8325032ms step_avg:3285.33ms
step:2545/6200 train_loss:3.6329 train_time:8328313ms step_avg:3285.33ms
step:2546/6200 train_loss:3.4615 train_time:8331593ms step_avg:3285.33ms
step:2547/6200 train_loss:3.3302 train_time:8334873ms step_avg:3285.33ms
step:2548/6200 train_loss:3.4363 train_time:8338149ms step_avg:3285.32ms
step:2549/6200 train_loss:3.4727 train_time:8341426ms step_avg:3285.32ms
step:2550/6200 train_loss:3.1089 train_time:8344704ms step_avg:3285.32ms
step:2551/6200 train_loss:3.4718 train_time:8347985ms step_avg:3285.31ms
step:2552/6200 train_loss:3.4723 train_time:8351267ms step_avg:3285.31ms
step:2553/6200 train_loss:3.5706 train_time:8354545ms step_avg:3285.31ms
step:2554/6200 train_loss:3.4015 train_time:8357828ms step_avg:3285.31ms
step:2555/6200 train_loss:3.6514 train_time:8361111ms step_avg:3285.31ms
step:2556/6200 train_loss:3.3753 train_time:8364390ms step_avg:3285.31ms
step:2557/6200 train_loss:3.4336 train_time:8367672ms step_avg:3285.31ms
step:2558/6200 train_loss:3.6048 train_time:8370954ms step_avg:3285.30ms
step:2559/6200 train_loss:3.5500 train_time:8374234ms step_avg:3285.30ms
step:2560/6200 train_loss:3.6323 train_time:8377518ms step_avg:3285.30ms
step:2561/6200 train_loss:3.4772 train_time:8380798ms step_avg:3285.30ms
step:2562/6200 train_loss:3.4847 train_time:8384076ms step_avg:3285.30ms
step:2563/6200 train_loss:3.5241 train_time:8387355ms step_avg:3285.29ms
step:2564/6200 train_loss:3.8955 train_time:8390639ms step_avg:3285.29ms
step:2565/6200 train_loss:3.5106 train_time:8393919ms step_avg:3285.29ms
step:2566/6200 train_loss:3.6379 train_time:8397199ms step_avg:3285.29ms
step:2567/6200 train_loss:3.4548 train_time:8400485ms step_avg:3285.29ms
step:2568/6200 train_loss:3.6108 train_time:8403763ms step_avg:3285.29ms
step:2569/6200 train_loss:3.4343 train_time:8407044ms step_avg:3285.28ms
step:2570/6200 train_loss:3.5809 train_time:8410331ms step_avg:3285.29ms
step:2571/6200 train_loss:3.4893 train_time:8413617ms step_avg:3285.29ms
step:2572/6200 train_loss:3.3388 train_time:8416906ms step_avg:3285.29ms
step:2573/6200 train_loss:3.4326 train_time:8420188ms step_avg:3285.29ms
step:2574/6200 train_loss:3.5457 train_time:8423474ms step_avg:3285.29ms
step:2575/6200 train_loss:3.4116 train_time:8426759ms step_avg:3285.29ms
step:2576/6200 train_loss:3.5572 train_time:8430042ms step_avg:3285.29ms
step:2577/6200 train_loss:3.5139 train_time:8433326ms step_avg:3285.28ms
step:2578/6200 train_loss:3.4726 train_time:8436611ms step_avg:3285.28ms
step:2579/6200 train_loss:3.3252 train_time:8439898ms step_avg:3285.29ms
step:2580/6200 train_loss:3.5366 train_time:8443187ms step_avg:3285.29ms
step:2581/6200 train_loss:3.5312 train_time:8446470ms step_avg:3285.29ms
step:2582/6200 train_loss:3.4065 train_time:8449758ms step_avg:3285.29ms
step:2583/6200 train_loss:3.4784 train_time:8453043ms step_avg:3285.29ms
step:2584/6200 train_loss:3.4605 train_time:8456330ms step_avg:3285.29ms
step:2585/6200 train_loss:3.5760 train_time:8459613ms step_avg:3285.29ms
step:2586/6200 train_loss:3.5814 train_time:8462896ms step_avg:3285.29ms
step:2587/6200 train_loss:3.5762 train_time:8466180ms step_avg:3285.29ms
step:2588/6200 train_loss:3.5301 train_time:8469469ms step_avg:3285.29ms
step:2589/6200 train_loss:3.5282 train_time:8472756ms step_avg:3285.29ms
step:2590/6200 train_loss:3.4820 train_time:8476042ms step_avg:3285.29ms
step:2591/6200 train_loss:3.3762 train_time:8479324ms step_avg:3285.29ms
step:2592/6200 train_loss:3.4835 train_time:8482610ms step_avg:3285.29ms
step:2593/6200 train_loss:3.5418 train_time:8485904ms step_avg:3285.29ms
step:2594/6200 train_loss:3.5134 train_time:8489190ms step_avg:3285.29ms
step:2595/6200 train_loss:3.6582 train_time:8492482ms step_avg:3285.29ms
step:2596/6200 train_loss:3.6487 train_time:8495763ms step_avg:3285.29ms
step:2597/6200 train_loss:3.6140 train_time:8499052ms step_avg:3285.29ms
step:2598/6200 train_loss:3.4165 train_time:8502343ms step_avg:3285.29ms
step:2599/6200 train_loss:3.4118 train_time:8505631ms step_avg:3285.30ms
step:2600/6200 train_loss:3.3994 train_time:8508917ms step_avg:3285.30ms
step:2601/6200 train_loss:3.6915 train_time:8512208ms step_avg:3285.30ms
step:2602/6200 train_loss:3.6588 train_time:8515496ms step_avg:3285.30ms
step:2603/6200 train_loss:3.4588 train_time:8518784ms step_avg:3285.30ms
step:2604/6200 train_loss:3.6528 train_time:8522069ms step_avg:3285.30ms
step:2605/6200 train_loss:3.3574 train_time:8525358ms step_avg:3285.30ms
step:2606/6200 train_loss:3.6224 train_time:8528650ms step_avg:3285.30ms
step:2607/6200 train_loss:3.4640 train_time:8531945ms step_avg:3285.31ms
step:2608/6200 train_loss:3.4014 train_time:8535233ms step_avg:3285.31ms
step:2609/6200 train_loss:3.6167 train_time:8538518ms step_avg:3285.31ms
step:2610/6200 train_loss:3.7362 train_time:8541804ms step_avg:3285.31ms
step:2611/6200 train_loss:3.4260 train_time:8545088ms step_avg:3285.31ms
step:2612/6200 train_loss:3.4087 train_time:8548377ms step_avg:3285.31ms
step:2613/6200 train_loss:3.3811 train_time:8551664ms step_avg:3285.31ms
step:2614/6200 train_loss:3.5126 train_time:8554956ms step_avg:3285.31ms
step:2615/6200 train_loss:3.9156 train_time:8558247ms step_avg:3285.32ms
step:2616/6200 train_loss:3.5476 train_time:8561535ms step_avg:3285.32ms
step:2617/6200 train_loss:3.4113 train_time:8564819ms step_avg:3285.32ms
step:2618/6200 train_loss:3.5521 train_time:8568109ms step_avg:3285.32ms
step:2619/6200 train_loss:3.6086 train_time:8571402ms step_avg:3285.32ms
step:2620/6200 train_loss:3.4789 train_time:8574691ms step_avg:3285.32ms
step:2621/6200 train_loss:3.3193 train_time:8577978ms step_avg:3285.32ms
step:2622/6200 train_loss:3.5375 train_time:8581264ms step_avg:3285.32ms
step:2623/6200 train_loss:3.2093 train_time:8584553ms step_avg:3285.32ms
step:2624/6200 train_loss:3.5653 train_time:8587840ms step_avg:3285.33ms
step:2625/6200 train_loss:3.8928 train_time:8591130ms step_avg:3285.33ms
step:2625/6200 val_loss:3.5093 train_time:8591142ms step_avg:3285.33ms
step:2626/6200 train_loss:3.6154 train_time:8594418ms step_avg:3285.33ms
step:2627/6200 train_loss:3.5787 train_time:8597700ms step_avg:3285.33ms
step:2628/6200 train_loss:3.5273 train_time:8600982ms step_avg:3285.33ms
step:2629/6200 train_loss:3.5768 train_time:8604261ms step_avg:3285.32ms
step:2630/6200 train_loss:3.5068 train_time:8607542ms step_avg:3285.32ms
step:2631/6200 train_loss:3.4083 train_time:8610822ms step_avg:3285.32ms
step:2632/6200 train_loss:3.5640 train_time:8614103ms step_avg:3285.32ms
step:2633/6200 train_loss:3.3844 train_time:8617383ms step_avg:3285.32ms
step:2634/6200 train_loss:3.5396 train_time:8620665ms step_avg:3285.31ms
step:2635/6200 train_loss:3.5002 train_time:8623942ms step_avg:3285.31ms
step:2636/6200 train_loss:3.5264 train_time:8627219ms step_avg:3285.31ms
step:2637/6200 train_loss:3.4570 train_time:8630496ms step_avg:3285.30ms
step:2638/6200 train_loss:3.5616 train_time:8633773ms step_avg:3285.30ms
step:2639/6200 train_loss:3.3903 train_time:8637048ms step_avg:3285.30ms
step:2640/6200 train_loss:3.3300 train_time:8640330ms step_avg:3285.30ms
step:2641/6200 train_loss:3.7215 train_time:8643610ms step_avg:3285.29ms
step:2642/6200 train_loss:3.4956 train_time:8646888ms step_avg:3285.29ms
step:2643/6200 train_loss:3.5221 train_time:8650169ms step_avg:3285.29ms
step:2644/6200 train_loss:3.4975 train_time:8653449ms step_avg:3285.29ms
step:2645/6200 train_loss:3.4483 train_time:8656732ms step_avg:3285.29ms
step:2646/6200 train_loss:3.5606 train_time:8660012ms step_avg:3285.29ms
step:2647/6200 train_loss:3.4461 train_time:8663299ms step_avg:3285.29ms
step:2648/6200 train_loss:3.6982 train_time:8666578ms step_avg:3285.28ms
step:2649/6200 train_loss:3.5335 train_time:8669855ms step_avg:3285.28ms
step:2650/6200 train_loss:3.3897 train_time:8673134ms step_avg:3285.28ms
step:2651/6200 train_loss:3.2889 train_time:8676418ms step_avg:3285.28ms
step:2652/6200 train_loss:3.4828 train_time:8679698ms step_avg:3285.28ms
step:2653/6200 train_loss:3.4934 train_time:8682979ms step_avg:3285.27ms
step:2654/6200 train_loss:3.4038 train_time:8686259ms step_avg:3285.27ms
step:2655/6200 train_loss:3.6672 train_time:8689535ms step_avg:3285.27ms
step:2656/6200 train_loss:3.4681 train_time:8692813ms step_avg:3285.27ms
step:2657/6200 train_loss:3.4951 train_time:8696095ms step_avg:3285.26ms
step:2658/6200 train_loss:3.6484 train_time:8699374ms step_avg:3285.26ms
step:2659/6200 train_loss:3.6257 train_time:8702652ms step_avg:3285.26ms
step:2660/6200 train_loss:3.3916 train_time:8705933ms step_avg:3285.26ms
step:2661/6200 train_loss:3.7613 train_time:8709212ms step_avg:3285.26ms
step:2662/6200 train_loss:3.4596 train_time:8712491ms step_avg:3285.25ms
step:2663/6200 train_loss:3.9197 train_time:8715769ms step_avg:3285.25ms
step:2664/6200 train_loss:3.5616 train_time:8719047ms step_avg:3285.25ms
step:2665/6200 train_loss:4.6323 train_time:8722328ms step_avg:3285.25ms
step:2666/6200 train_loss:3.4585 train_time:8725608ms step_avg:3285.24ms
step:2667/6200 train_loss:3.2813 train_time:8728888ms step_avg:3285.24ms
step:2668/6200 train_loss:3.6104 train_time:8732168ms step_avg:3285.24ms
step:2669/6200 train_loss:3.7163 train_time:8735676ms step_avg:3285.32ms
step:2670/6200 train_loss:3.5991 train_time:8738956ms step_avg:3285.32ms
step:2671/6200 train_loss:3.5265 train_time:8742237ms step_avg:3285.32ms
step:2672/6200 train_loss:3.4690 train_time:8745515ms step_avg:3285.32ms
step:2673/6200 train_loss:3.5273 train_time:8748795ms step_avg:3285.32ms
step:2674/6200 train_loss:3.8323 train_time:8752071ms step_avg:3285.31ms
step:2675/6200 train_loss:3.6328 train_time:8755350ms step_avg:3285.31ms
step:2676/6200 train_loss:3.4734 train_time:8758631ms step_avg:3285.31ms
step:2677/6200 train_loss:3.3348 train_time:8761905ms step_avg:3285.30ms
step:2678/6200 train_loss:3.4036 train_time:8765180ms step_avg:3285.30ms
step:2679/6200 train_loss:3.4366 train_time:8768457ms step_avg:3285.30ms
step:2680/6200 train_loss:3.8423 train_time:8771735ms step_avg:3285.29ms
step:2681/6200 train_loss:3.6336 train_time:8775016ms step_avg:3285.29ms
step:2682/6200 train_loss:3.6578 train_time:8778299ms step_avg:3285.29ms
step:2683/6200 train_loss:3.2926 train_time:8781574ms step_avg:3285.29ms
step:2684/6200 train_loss:3.7081 train_time:8784851ms step_avg:3285.28ms
step:2685/6200 train_loss:3.5562 train_time:8788129ms step_avg:3285.28ms
step:2686/6200 train_loss:3.3311 train_time:8791410ms step_avg:3285.28ms
step:2687/6200 train_loss:3.4329 train_time:8794691ms step_avg:3285.28ms
step:2688/6200 train_loss:3.3439 train_time:8797975ms step_avg:3285.28ms
step:2689/6200 train_loss:3.3299 train_time:8801259ms step_avg:3285.28ms
step:2690/6200 train_loss:3.3787 train_time:8804542ms step_avg:3285.28ms
step:2691/6200 train_loss:3.5981 train_time:8807827ms step_avg:3285.28ms
step:2692/6200 train_loss:3.4863 train_time:8811108ms step_avg:3285.28ms
step:2693/6200 train_loss:3.3448 train_time:8814390ms step_avg:3285.27ms
step:2694/6200 train_loss:3.4686 train_time:8817674ms step_avg:3285.27ms
step:2695/6200 train_loss:3.4764 train_time:8820955ms step_avg:3285.27ms
step:2696/6200 train_loss:3.6684 train_time:8824239ms step_avg:3285.27ms
step:2697/6200 train_loss:3.4042 train_time:8827520ms step_avg:3285.27ms
step:2698/6200 train_loss:3.4907 train_time:8830803ms step_avg:3285.27ms
step:2699/6200 train_loss:3.4645 train_time:8834087ms step_avg:3285.27ms
step:2700/6200 train_loss:3.4871 train_time:8837367ms step_avg:3285.27ms
step:2701/6200 train_loss:3.6670 train_time:8840653ms step_avg:3285.27ms
step:2702/6200 train_loss:3.3838 train_time:8843934ms step_avg:3285.27ms
step:2703/6200 train_loss:3.4963 train_time:8847218ms step_avg:3285.26ms
step:2704/6200 train_loss:3.6298 train_time:8850499ms step_avg:3285.26ms
step:2705/6200 train_loss:3.4184 train_time:8853779ms step_avg:3285.26ms
step:2706/6200 train_loss:3.5888 train_time:8857060ms step_avg:3285.26ms
step:2707/6200 train_loss:3.4109 train_time:8860342ms step_avg:3285.26ms
step:2708/6200 train_loss:3.3987 train_time:8863628ms step_avg:3285.26ms
step:2709/6200 train_loss:3.2373 train_time:8866911ms step_avg:3285.26ms
step:2710/6200 train_loss:3.5291 train_time:8870197ms step_avg:3285.26ms
step:2711/6200 train_loss:3.3392 train_time:8873478ms step_avg:3285.26ms
step:2712/6200 train_loss:3.7186 train_time:8876761ms step_avg:3285.26ms
step:2713/6200 train_loss:3.7057 train_time:8880048ms step_avg:3285.26ms
step:2714/6200 train_loss:3.4671 train_time:8883330ms step_avg:3285.26ms
step:2715/6200 train_loss:3.4775 train_time:8886608ms step_avg:3285.25ms
step:2716/6200 train_loss:3.5022 train_time:8889896ms step_avg:3285.25ms
step:2717/6200 train_loss:3.3007 train_time:8893178ms step_avg:3285.25ms
step:2718/6200 train_loss:3.5552 train_time:8896463ms step_avg:3285.25ms
step:2719/6200 train_loss:3.9455 train_time:8899741ms step_avg:3285.25ms
step:2720/6200 train_loss:3.4622 train_time:8903025ms step_avg:3285.25ms
step:2721/6200 train_loss:3.3924 train_time:8906309ms step_avg:3285.25ms
step:2722/6200 train_loss:3.6538 train_time:8909594ms step_avg:3285.25ms
step:2723/6200 train_loss:3.4548 train_time:8912879ms step_avg:3285.25ms
step:2724/6200 train_loss:3.3846 train_time:8916159ms step_avg:3285.25ms
step:2725/6200 train_loss:3.3516 train_time:8919437ms step_avg:3285.24ms
step:2726/6200 train_loss:3.3499 train_time:8922722ms step_avg:3285.24ms
step:2727/6200 train_loss:3.4786 train_time:8926010ms step_avg:3285.24ms
step:2728/6200 train_loss:3.5432 train_time:8929298ms step_avg:3285.25ms
step:2729/6200 train_loss:3.7000 train_time:8932586ms step_avg:3285.25ms
step:2730/6200 train_loss:3.6714 train_time:8935872ms step_avg:3285.25ms
step:2731/6200 train_loss:3.5068 train_time:8939160ms step_avg:3285.25ms
step:2732/6200 train_loss:3.4214 train_time:8942442ms step_avg:3285.25ms
step:2733/6200 train_loss:3.4824 train_time:8945729ms step_avg:3285.25ms
step:2734/6200 train_loss:3.5951 train_time:8949018ms step_avg:3285.25ms
step:2735/6200 train_loss:3.6604 train_time:8952303ms step_avg:3285.25ms
step:2736/6200 train_loss:3.4082 train_time:8955594ms step_avg:3285.25ms
step:2737/6200 train_loss:3.3219 train_time:8958884ms step_avg:3285.25ms
step:2738/6200 train_loss:3.2567 train_time:8962172ms step_avg:3285.25ms
step:2739/6200 train_loss:3.5551 train_time:8965461ms step_avg:3285.25ms
step:2740/6200 train_loss:3.6185 train_time:8968749ms step_avg:3285.26ms
step:2741/6200 train_loss:3.4729 train_time:8972040ms step_avg:3285.26ms
step:2742/6200 train_loss:3.3525 train_time:8975329ms step_avg:3285.26ms
step:2743/6200 train_loss:3.6742 train_time:8978617ms step_avg:3285.26ms
step:2744/6200 train_loss:3.4159 train_time:8981904ms step_avg:3285.26ms
step:2745/6200 train_loss:3.4813 train_time:8985191ms step_avg:3285.26ms
step:2746/6200 train_loss:3.5076 train_time:8988479ms step_avg:3285.26ms
step:2747/6200 train_loss:3.5210 train_time:8991764ms step_avg:3285.26ms
step:2748/6200 train_loss:3.4930 train_time:8995052ms step_avg:3285.26ms
step:2749/6200 train_loss:3.6944 train_time:8998345ms step_avg:3285.27ms
step:2750/6200 train_loss:3.4276 train_time:9001634ms step_avg:3285.27ms
step:2750/6200 val_loss:3.5022 train_time:9001646ms step_avg:3285.27ms
step:2751/6200 train_loss:3.3974 train_time:9004919ms step_avg:3285.27ms
step:2752/6200 train_loss:3.2846 train_time:9008200ms step_avg:3285.27ms
step:2753/6200 train_loss:3.3986 train_time:9011479ms step_avg:3285.26ms
step:2754/6200 train_loss:3.4082 train_time:9014760ms step_avg:3285.26ms
step:2755/6200 train_loss:3.4489 train_time:9018037ms step_avg:3285.26ms
step:2756/6200 train_loss:3.5192 train_time:9021314ms step_avg:3285.26ms
step:2757/6200 train_loss:3.4427 train_time:9024595ms step_avg:3285.25ms
step:2758/6200 train_loss:3.7117 train_time:9027881ms step_avg:3285.25ms
step:2759/6200 train_loss:3.7574 train_time:9031162ms step_avg:3285.25ms
step:2760/6200 train_loss:3.6505 train_time:9034442ms step_avg:3285.25ms
step:2761/6200 train_loss:3.5809 train_time:9037717ms step_avg:3285.25ms
step:2762/6200 train_loss:3.7364 train_time:9041001ms step_avg:3285.25ms
step:2763/6200 train_loss:3.4501 train_time:9044282ms step_avg:3285.25ms
step:2764/6200 train_loss:3.3864 train_time:9047566ms step_avg:3285.25ms
step:2765/6200 train_loss:3.3288 train_time:9050847ms step_avg:3285.24ms
step:2766/6200 train_loss:3.3409 train_time:9054125ms step_avg:3285.24ms
step:2767/6200 train_loss:3.4394 train_time:9057406ms step_avg:3285.24ms
step:2768/6200 train_loss:3.3445 train_time:9060687ms step_avg:3285.24ms
step:2769/6200 train_loss:3.5509 train_time:9063967ms step_avg:3285.24ms
step:2770/6200 train_loss:3.4364 train_time:9067244ms step_avg:3285.23ms
step:2771/6200 train_loss:3.5280 train_time:9070530ms step_avg:3285.23ms
step:2772/6200 train_loss:3.5841 train_time:9073810ms step_avg:3285.23ms
step:2773/6200 train_loss:3.3378 train_time:9077089ms step_avg:3285.23ms
step:2774/6200 train_loss:3.4240 train_time:9080369ms step_avg:3285.23ms
step:2775/6200 train_loss:3.5403 train_time:9083651ms step_avg:3285.23ms
step:2776/6200 train_loss:3.6369 train_time:9086931ms step_avg:3285.22ms
step:2777/6200 train_loss:3.5433 train_time:9090209ms step_avg:3285.22ms
step:2778/6200 train_loss:3.4059 train_time:9093488ms step_avg:3285.22ms
step:2779/6200 train_loss:3.5060 train_time:9096768ms step_avg:3285.22ms
step:2780/6200 train_loss:3.4715 train_time:9100054ms step_avg:3285.22ms
step:2781/6200 train_loss:3.4969 train_time:9103336ms step_avg:3285.22ms
step:2782/6200 train_loss:3.6489 train_time:9106625ms step_avg:3285.22ms
step:2783/6200 train_loss:3.5649 train_time:9109904ms step_avg:3285.22ms
step:2784/6200 train_loss:3.5997 train_time:9113184ms step_avg:3285.21ms
step:2785/6200 train_loss:3.5715 train_time:9116463ms step_avg:3285.21ms
step:2786/6200 train_loss:3.5304 train_time:9119746ms step_avg:3285.21ms
step:2787/6200 train_loss:3.4463 train_time:9123028ms step_avg:3285.21ms
step:2788/6200 train_loss:3.3287 train_time:9126311ms step_avg:3285.21ms
step:2789/6200 train_loss:3.2476 train_time:9129594ms step_avg:3285.21ms
step:2790/6200 train_loss:3.6248 train_time:9132878ms step_avg:3285.21ms
step:2791/6200 train_loss:3.3122 train_time:9136160ms step_avg:3285.21ms
step:2792/6200 train_loss:3.6277 train_time:9139439ms step_avg:3285.20ms
step:2793/6200 train_loss:3.5387 train_time:9142720ms step_avg:3285.20ms
step:2794/6200 train_loss:3.5275 train_time:9146000ms step_avg:3285.20ms
step:2795/6200 train_loss:3.6178 train_time:9149279ms step_avg:3285.20ms
step:2796/6200 train_loss:3.4267 train_time:9152561ms step_avg:3285.20ms
step:2797/6200 train_loss:3.4406 train_time:9155841ms step_avg:3285.20ms
step:2798/6200 train_loss:3.3904 train_time:9159122ms step_avg:3285.19ms
step:2799/6200 train_loss:3.3785 train_time:9162402ms step_avg:3285.19ms
step:2800/6200 train_loss:3.4174 train_time:9165682ms step_avg:3285.19ms
step:2801/6200 train_loss:3.4591 train_time:9168963ms step_avg:3285.19ms
step:2802/6200 train_loss:3.4754 train_time:9172249ms step_avg:3285.19ms
step:2803/6200 train_loss:3.5833 train_time:9175533ms step_avg:3285.19ms
step:2804/6200 train_loss:3.5979 train_time:9178813ms step_avg:3285.19ms
step:2805/6200 train_loss:3.5447 train_time:9182097ms step_avg:3285.19ms
step:2806/6200 train_loss:3.4492 train_time:9185381ms step_avg:3285.19ms
step:2807/6200 train_loss:3.2916 train_time:9188667ms step_avg:3285.19ms
step:2808/6200 train_loss:3.3759 train_time:9191949ms step_avg:3285.19ms
step:2809/6200 train_loss:3.5901 train_time:9195235ms step_avg:3285.19ms
step:2810/6200 train_loss:3.5159 train_time:9198517ms step_avg:3285.18ms
step:2811/6200 train_loss:3.5657 train_time:9201801ms step_avg:3285.18ms
step:2812/6200 train_loss:3.5310 train_time:9205081ms step_avg:3285.18ms
step:2813/6200 train_loss:3.4863 train_time:9208361ms step_avg:3285.18ms
step:2814/6200 train_loss:3.3501 train_time:9211646ms step_avg:3285.18ms
step:2815/6200 train_loss:3.4228 train_time:9214928ms step_avg:3285.18ms
step:2816/6200 train_loss:3.3854 train_time:9218208ms step_avg:3285.18ms
step:2817/6200 train_loss:3.3391 train_time:9221491ms step_avg:3285.18ms
step:2818/6200 train_loss:3.4997 train_time:9224771ms step_avg:3285.17ms
step:2819/6200 train_loss:3.5298 train_time:9228054ms step_avg:3285.17ms
step:2820/6200 train_loss:3.5707 train_time:9231336ms step_avg:3285.17ms
step:2821/6200 train_loss:3.5919 train_time:9234621ms step_avg:3285.17ms
step:2822/6200 train_loss:3.2582 train_time:9237908ms step_avg:3285.17ms
step:2823/6200 train_loss:3.3645 train_time:9241186ms step_avg:3285.17ms
step:2824/6200 train_loss:3.5601 train_time:9244467ms step_avg:3285.17ms
step:2825/6200 train_loss:3.3218 train_time:9247751ms step_avg:3285.17ms
step:2826/6200 train_loss:3.5534 train_time:9251034ms step_avg:3285.17ms
step:2827/6200 train_loss:3.4920 train_time:9254317ms step_avg:3285.17ms
step:2828/6200 train_loss:3.5990 train_time:9257595ms step_avg:3285.17ms
step:2829/6200 train_loss:3.5628 train_time:9260877ms step_avg:3285.16ms
step:2830/6200 train_loss:3.7308 train_time:9264161ms step_avg:3285.16ms
step:2831/6200 train_loss:3.3187 train_time:9267439ms step_avg:3285.16ms
step:2832/6200 train_loss:3.8315 train_time:9270722ms step_avg:3285.16ms
step:2833/6200 train_loss:3.4348 train_time:9274002ms step_avg:3285.16ms
step:2834/6200 train_loss:3.6430 train_time:9277283ms step_avg:3285.16ms
step:2835/6200 train_loss:3.8018 train_time:9280565ms step_avg:3285.16ms
step:2836/6200 train_loss:3.4139 train_time:9283849ms step_avg:3285.16ms
step:2837/6200 train_loss:3.3779 train_time:9287133ms step_avg:3285.15ms
step:2838/6200 train_loss:3.5563 train_time:9290416ms step_avg:3285.15ms
step:2839/6200 train_loss:3.4781 train_time:9293702ms step_avg:3285.15ms
step:2840/6200 train_loss:3.4551 train_time:9296987ms step_avg:3285.15ms
step:2841/6200 train_loss:3.5393 train_time:9300270ms step_avg:3285.15ms
step:2842/6200 train_loss:3.1907 train_time:9303553ms step_avg:3285.15ms
step:2843/6200 train_loss:3.3765 train_time:9306838ms step_avg:3285.15ms
step:2844/6200 train_loss:3.4961 train_time:9310127ms step_avg:3285.15ms
step:2845/6200 train_loss:3.6009 train_time:9313409ms step_avg:3285.15ms
step:2846/6200 train_loss:3.3582 train_time:9316691ms step_avg:3285.15ms
step:2847/6200 train_loss:3.4747 train_time:9319967ms step_avg:3285.15ms
step:2848/6200 train_loss:3.6167 train_time:9323248ms step_avg:3285.15ms
step:2849/6200 train_loss:3.5882 train_time:9326530ms step_avg:3285.15ms
step:2850/6200 train_loss:3.4661 train_time:9329815ms step_avg:3285.15ms
step:2851/6200 train_loss:3.4850 train_time:9333096ms step_avg:3285.14ms
step:2852/6200 train_loss:3.7401 train_time:9336380ms step_avg:3285.14ms
step:2853/6200 train_loss:3.7934 train_time:9339661ms step_avg:3285.14ms
step:2854/6200 train_loss:3.5165 train_time:9342946ms step_avg:3285.14ms
step:2855/6200 train_loss:3.3471 train_time:9346229ms step_avg:3285.14ms
step:2856/6200 train_loss:3.7570 train_time:9349510ms step_avg:3285.14ms
step:2857/6200 train_loss:3.5265 train_time:9352794ms step_avg:3285.14ms
step:2858/6200 train_loss:3.7295 train_time:9356078ms step_avg:3285.14ms
step:2859/6200 train_loss:3.3819 train_time:9359361ms step_avg:3285.14ms
step:2860/6200 train_loss:3.4622 train_time:9363021ms step_avg:3285.27ms
step:2861/6200 train_loss:3.5240 train_time:9366303ms step_avg:3285.27ms
step:2862/6200 train_loss:3.5153 train_time:9369583ms step_avg:3285.27ms
step:2863/6200 train_loss:3.4066 train_time:9372864ms step_avg:3285.27ms
step:2864/6200 train_loss:3.4370 train_time:9376150ms step_avg:3285.27ms
step:2865/6200 train_loss:3.4621 train_time:9379435ms step_avg:3285.27ms
step:2866/6200 train_loss:3.5559 train_time:9382718ms step_avg:3285.27ms
step:2867/6200 train_loss:3.4127 train_time:9386000ms step_avg:3285.26ms
step:2868/6200 train_loss:3.6181 train_time:9389287ms step_avg:3285.26ms
step:2869/6200 train_loss:3.2775 train_time:9392575ms step_avg:3285.27ms
step:2870/6200 train_loss:3.5021 train_time:9395858ms step_avg:3285.27ms
step:2871/6200 train_loss:3.7482 train_time:9399142ms step_avg:3285.26ms
step:2872/6200 train_loss:3.4691 train_time:9402425ms step_avg:3285.26ms
step:2873/6200 train_loss:3.5453 train_time:9405708ms step_avg:3285.26ms
step:2874/6200 train_loss:3.4936 train_time:9408993ms step_avg:3285.26ms
step:2875/6200 train_loss:3.7677 train_time:9412278ms step_avg:3285.26ms
step:2875/6200 val_loss:3.4941 train_time:9412290ms step_avg:3285.27ms
step:2876/6200 train_loss:3.5692 train_time:9415566ms step_avg:3285.26ms
step:2877/6200 train_loss:3.3692 train_time:9418847ms step_avg:3285.26ms
step:2878/6200 train_loss:3.4238 train_time:9422122ms step_avg:3285.26ms
step:2879/6200 train_loss:3.3774 train_time:9425399ms step_avg:3285.26ms
step:2880/6200 train_loss:3.5546 train_time:9428678ms step_avg:3285.25ms
step:2881/6200 train_loss:3.8231 train_time:9431954ms step_avg:3285.25ms
step:2882/6200 train_loss:3.5118 train_time:9435232ms step_avg:3285.25ms
step:2883/6200 train_loss:3.5335 train_time:9438511ms step_avg:3285.25ms
step:2884/6200 train_loss:3.3652 train_time:9441789ms step_avg:3285.24ms
step:2885/6200 train_loss:3.6084 train_time:9445064ms step_avg:3285.24ms
step:2886/6200 train_loss:4.4765 train_time:9448342ms step_avg:3285.24ms
step:2887/6200 train_loss:3.4093 train_time:9451622ms step_avg:3285.24ms
step:2888/6200 train_loss:3.3640 train_time:9454905ms step_avg:3285.23ms
step:2889/6200 train_loss:3.4139 train_time:9458183ms step_avg:3285.23ms
step:2890/6200 train_loss:3.1548 train_time:9461461ms step_avg:3285.23ms
step:2891/6200 train_loss:3.4849 train_time:9464739ms step_avg:3285.23ms
step:2892/6200 train_loss:3.0533 train_time:9468018ms step_avg:3285.22ms
step:2893/6200 train_loss:3.4484 train_time:9471300ms step_avg:3285.22ms
step:2894/6200 train_loss:3.5726 train_time:9474580ms step_avg:3285.22ms
step:2895/6200 train_loss:3.3783 train_time:9477861ms step_avg:3285.22ms
step:2896/6200 train_loss:3.8424 train_time:9481140ms step_avg:3285.22ms
step:2897/6200 train_loss:3.8530 train_time:9484426ms step_avg:3285.22ms
step:2898/6200 train_loss:3.4382 train_time:9487707ms step_avg:3285.22ms
step:2899/6200 train_loss:3.7577 train_time:9490987ms step_avg:3285.22ms
step:2900/6200 train_loss:3.8484 train_time:9494267ms step_avg:3285.21ms
step:2901/6200 train_loss:3.5185 train_time:9497549ms step_avg:3285.21ms
step:2902/6200 train_loss:3.4674 train_time:9500827ms step_avg:3285.21ms
step:2903/6200 train_loss:3.3817 train_time:9504110ms step_avg:3285.21ms
step:2904/6200 train_loss:3.5895 train_time:9507389ms step_avg:3285.21ms
step:2905/6200 train_loss:3.4627 train_time:9510666ms step_avg:3285.20ms
step:2906/6200 train_loss:3.4360 train_time:9513946ms step_avg:3285.20ms
step:2907/6200 train_loss:3.4173 train_time:9517228ms step_avg:3285.20ms
step:2908/6200 train_loss:3.3456 train_time:9520509ms step_avg:3285.20ms
step:2909/6200 train_loss:3.7125 train_time:9523786ms step_avg:3285.20ms
step:2910/6200 train_loss:3.4352 train_time:9527064ms step_avg:3285.19ms
step:2911/6200 train_loss:3.7631 train_time:9530345ms step_avg:3285.19ms
step:2912/6200 train_loss:3.1806 train_time:9533626ms step_avg:3285.19ms
step:2913/6200 train_loss:3.5339 train_time:9536905ms step_avg:3285.19ms
step:2914/6200 train_loss:3.3915 train_time:9540184ms step_avg:3285.19ms
step:2915/6200 train_loss:3.5738 train_time:9543464ms step_avg:3285.19ms
step:2916/6200 train_loss:3.6774 train_time:9546742ms step_avg:3285.18ms
step:2917/6200 train_loss:3.2915 train_time:9550025ms step_avg:3285.18ms
step:2918/6200 train_loss:3.5712 train_time:9553303ms step_avg:3285.18ms
step:2919/6200 train_loss:3.6764 train_time:9556578ms step_avg:3285.18ms
step:2920/6200 train_loss:3.2668 train_time:9559858ms step_avg:3285.17ms
step:2921/6200 train_loss:3.2653 train_time:9563142ms step_avg:3285.17ms
step:2922/6200 train_loss:3.4736 train_time:9566420ms step_avg:3285.17ms
step:2923/6200 train_loss:3.5749 train_time:9569697ms step_avg:3285.17ms
step:2924/6200 train_loss:3.4099 train_time:9572978ms step_avg:3285.17ms
step:2925/6200 train_loss:3.6093 train_time:9576256ms step_avg:3285.17ms
step:2926/6200 train_loss:3.2718 train_time:9579531ms step_avg:3285.16ms
step:2927/6200 train_loss:3.4195 train_time:9582809ms step_avg:3285.16ms
step:2928/6200 train_loss:3.4566 train_time:9586088ms step_avg:3285.16ms
step:2929/6200 train_loss:3.8760 train_time:9589369ms step_avg:3285.16ms
step:2930/6200 train_loss:3.3479 train_time:9592650ms step_avg:3285.15ms
step:2931/6200 train_loss:3.2526 train_time:9595928ms step_avg:3285.15ms
step:2932/6200 train_loss:3.5507 train_time:9599210ms step_avg:3285.15ms
step:2933/6200 train_loss:3.6874 train_time:9602492ms step_avg:3285.15ms
step:2934/6200 train_loss:3.3338 train_time:9605774ms step_avg:3285.15ms
step:2935/6200 train_loss:3.4227 train_time:9609052ms step_avg:3285.15ms
step:2936/6200 train_loss:3.6369 train_time:9612336ms step_avg:3285.15ms
step:2937/6200 train_loss:3.6471 train_time:9615617ms step_avg:3285.14ms
step:2938/6200 train_loss:3.7455 train_time:9618899ms step_avg:3285.14ms
step:2939/6200 train_loss:3.3481 train_time:9622182ms step_avg:3285.14ms
step:2940/6200 train_loss:3.4170 train_time:9625459ms step_avg:3285.14ms
step:2941/6200 train_loss:3.4594 train_time:9628742ms step_avg:3285.14ms
step:2942/6200 train_loss:3.4439 train_time:9632024ms step_avg:3285.14ms
step:2943/6200 train_loss:3.3716 train_time:9635305ms step_avg:3285.14ms
step:2944/6200 train_loss:3.6719 train_time:9638585ms step_avg:3285.13ms
step:2945/6200 train_loss:3.3547 train_time:9641867ms step_avg:3285.13ms
step:2946/6200 train_loss:3.4073 train_time:9645152ms step_avg:3285.13ms
step:2947/6200 train_loss:3.3670 train_time:9648434ms step_avg:3285.13ms
step:2948/6200 train_loss:3.9470 train_time:9651713ms step_avg:3285.13ms
step:2949/6200 train_loss:3.6192 train_time:9654994ms step_avg:3285.13ms
step:2950/6200 train_loss:3.3678 train_time:9658274ms step_avg:3285.13ms
step:2951/6200 train_loss:3.3561 train_time:9661549ms step_avg:3285.12ms
step:2952/6200 train_loss:3.2207 train_time:9664828ms step_avg:3285.12ms
step:2953/6200 train_loss:3.4656 train_time:9668112ms step_avg:3285.12ms
step:2954/6200 train_loss:3.5913 train_time:9671396ms step_avg:3285.12ms
step:2955/6200 train_loss:3.3767 train_time:9674677ms step_avg:3285.12ms
step:2956/6200 train_loss:3.4416 train_time:9677960ms step_avg:3285.12ms
step:2957/6200 train_loss:3.2588 train_time:9681246ms step_avg:3285.12ms
step:2958/6200 train_loss:3.3640 train_time:9684531ms step_avg:3285.12ms
step:2959/6200 train_loss:3.3438 train_time:9687815ms step_avg:3285.12ms
step:2960/6200 train_loss:3.4021 train_time:9691100ms step_avg:3285.12ms
step:2961/6200 train_loss:3.3962 train_time:9694380ms step_avg:3285.12ms
step:2962/6200 train_loss:3.4290 train_time:9697664ms step_avg:3285.12ms
step:2963/6200 train_loss:3.4309 train_time:9700947ms step_avg:3285.12ms
step:2964/6200 train_loss:3.5394 train_time:9704234ms step_avg:3285.12ms
step:2965/6200 train_loss:3.6304 train_time:9707514ms step_avg:3285.11ms
step:2966/6200 train_loss:3.6283 train_time:9710792ms step_avg:3285.11ms
step:2967/6200 train_loss:3.4731 train_time:9714074ms step_avg:3285.11ms
step:2968/6200 train_loss:3.4423 train_time:9717356ms step_avg:3285.11ms
step:2969/6200 train_loss:3.3581 train_time:9720634ms step_avg:3285.11ms
step:2970/6200 train_loss:3.4092 train_time:9723912ms step_avg:3285.11ms
step:2971/6200 train_loss:3.1819 train_time:9727193ms step_avg:3285.10ms
step:2972/6200 train_loss:3.5564 train_time:9730474ms step_avg:3285.10ms
step:2973/6200 train_loss:3.3954 train_time:9733753ms step_avg:3285.10ms
step:2974/6200 train_loss:3.5329 train_time:9737038ms step_avg:3285.10ms
step:2975/6200 train_loss:3.4753 train_time:9740317ms step_avg:3285.10ms
step:2976/6200 train_loss:3.4384 train_time:9743596ms step_avg:3285.10ms
step:2977/6200 train_loss:3.4413 train_time:9746877ms step_avg:3285.10ms
step:2978/6200 train_loss:3.6036 train_time:9750158ms step_avg:3285.09ms
step:2979/6200 train_loss:3.4105 train_time:9753438ms step_avg:3285.09ms
step:2980/6200 train_loss:3.1919 train_time:9756721ms step_avg:3285.09ms
step:2981/6200 train_loss:3.4791 train_time:9760005ms step_avg:3285.09ms
step:2982/6200 train_loss:3.3741 train_time:9763285ms step_avg:3285.09ms
step:2983/6200 train_loss:3.6323 train_time:9766568ms step_avg:3285.09ms
step:2984/6200 train_loss:3.5042 train_time:9769845ms step_avg:3285.09ms
step:2985/6200 train_loss:3.6195 train_time:9773127ms step_avg:3285.08ms
step:2986/6200 train_loss:3.5822 train_time:9776409ms step_avg:3285.08ms
step:2987/6200 train_loss:3.2155 train_time:9779687ms step_avg:3285.08ms
step:2988/6200 train_loss:3.3729 train_time:9782971ms step_avg:3285.08ms
step:2989/6200 train_loss:3.3755 train_time:9786252ms step_avg:3285.08ms
step:2990/6200 train_loss:3.5749 train_time:9789531ms step_avg:3285.08ms
step:2991/6200 train_loss:3.5734 train_time:9792807ms step_avg:3285.07ms
step:2992/6200 train_loss:3.5214 train_time:9796086ms step_avg:3285.07ms
step:2993/6200 train_loss:3.5374 train_time:9799365ms step_avg:3285.07ms
step:2994/6200 train_loss:3.4753 train_time:9802645ms step_avg:3285.07ms
step:2995/6200 train_loss:3.4898 train_time:9805926ms step_avg:3285.07ms
step:2996/6200 train_loss:3.4104 train_time:9809207ms step_avg:3285.07ms
step:2997/6200 train_loss:3.4915 train_time:9812489ms step_avg:3285.06ms
step:2998/6200 train_loss:3.5890 train_time:9815775ms step_avg:3285.07ms
step:2999/6200 train_loss:3.3871 train_time:9819056ms step_avg:3285.06ms
step:3000/6200 train_loss:3.4575 train_time:9822340ms step_avg:3285.06ms
step:3000/6200 val_loss:3.4859 train_time:9822352ms step_avg:3285.07ms
step:3001/6200 train_loss:3.7512 train_time:9825624ms step_avg:3285.06ms
step:3002/6200 train_loss:3.5274 train_time:9828907ms step_avg:3285.06ms
step:3003/6200 train_loss:3.3733 train_time:9832189ms step_avg:3285.06ms
step:3004/6200 train_loss:3.4322 train_time:9835470ms step_avg:3285.06ms
step:3005/6200 train_loss:3.5201 train_time:9838750ms step_avg:3285.06ms
step:3006/6200 train_loss:3.4170 train_time:9842031ms step_avg:3285.06ms
step:3007/6200 train_loss:3.3300 train_time:9845311ms step_avg:3285.06ms
step:3008/6200 train_loss:3.5033 train_time:9848593ms step_avg:3285.05ms
step:3009/6200 train_loss:3.2652 train_time:9851875ms step_avg:3285.05ms
step:3010/6200 train_loss:3.5286 train_time:9855154ms step_avg:3285.05ms
step:3011/6200 train_loss:3.4814 train_time:9858440ms step_avg:3285.05ms
step:3012/6200 train_loss:3.4469 train_time:9861724ms step_avg:3285.05ms
step:3013/6200 train_loss:3.3286 train_time:9865007ms step_avg:3285.05ms
step:3014/6200 train_loss:3.4104 train_time:9868286ms step_avg:3285.05ms
step:3015/6200 train_loss:3.2501 train_time:9871569ms step_avg:3285.05ms
step:3016/6200 train_loss:3.4404 train_time:9874853ms step_avg:3285.05ms
step:3017/6200 train_loss:3.3706 train_time:9878135ms step_avg:3285.05ms
step:3018/6200 train_loss:3.2033 train_time:9881417ms step_avg:3285.05ms
step:3019/6200 train_loss:3.4325 train_time:9884701ms step_avg:3285.05ms
step:3020/6200 train_loss:3.4376 train_time:9887984ms step_avg:3285.04ms
step:3021/6200 train_loss:3.3824 train_time:9891269ms step_avg:3285.04ms
step:3022/6200 train_loss:3.3876 train_time:9894547ms step_avg:3285.04ms
step:3023/6200 train_loss:3.4912 train_time:9897829ms step_avg:3285.04ms
step:3024/6200 train_loss:3.2650 train_time:9901115ms step_avg:3285.04ms
step:3025/6200 train_loss:3.3911 train_time:9904398ms step_avg:3285.04ms
step:3026/6200 train_loss:3.6523 train_time:9907685ms step_avg:3285.04ms
step:3027/6200 train_loss:3.5011 train_time:9910960ms step_avg:3285.04ms
step:3028/6200 train_loss:3.4967 train_time:9914241ms step_avg:3285.04ms
step:3029/6200 train_loss:3.4751 train_time:9917524ms step_avg:3285.04ms
step:3030/6200 train_loss:3.4404 train_time:9920811ms step_avg:3285.04ms
step:3031/6200 train_loss:3.4053 train_time:9924097ms step_avg:3285.04ms
step:3032/6200 train_loss:3.3790 train_time:9927378ms step_avg:3285.04ms
step:3033/6200 train_loss:3.4720 train_time:9930662ms step_avg:3285.04ms
step:3034/6200 train_loss:3.4141 train_time:9933942ms step_avg:3285.03ms
step:3035/6200 train_loss:3.4810 train_time:9937222ms step_avg:3285.03ms
step:3036/6200 train_loss:3.5287 train_time:9940507ms step_avg:3285.03ms
step:3037/6200 train_loss:3.4573 train_time:9943791ms step_avg:3285.03ms
step:3038/6200 train_loss:3.5460 train_time:9947077ms step_avg:3285.03ms
step:3039/6200 train_loss:3.3504 train_time:9950361ms step_avg:3285.03ms
step:3040/6200 train_loss:3.4449 train_time:9953648ms step_avg:3285.03ms
step:3041/6200 train_loss:3.3737 train_time:9956931ms step_avg:3285.03ms
step:3042/6200 train_loss:3.3536 train_time:9960216ms step_avg:3285.03ms
step:3043/6200 train_loss:3.6834 train_time:9963499ms step_avg:3285.03ms
step:3044/6200 train_loss:3.7019 train_time:9966784ms step_avg:3285.03ms
step:3045/6200 train_loss:3.4921 train_time:9970071ms step_avg:3285.03ms
step:3046/6200 train_loss:3.4810 train_time:9973356ms step_avg:3285.03ms
step:3047/6200 train_loss:3.4305 train_time:9976638ms step_avg:3285.03ms
step:3048/6200 train_loss:3.4067 train_time:9979925ms step_avg:3285.03ms
step:3049/6200 train_loss:3.4662 train_time:9983213ms step_avg:3285.03ms
step:3050/6200 train_loss:3.4526 train_time:9986571ms step_avg:3285.06ms
step:3051/6200 train_loss:3.4400 train_time:9989855ms step_avg:3285.06ms
step:3052/6200 train_loss:3.3226 train_time:9993143ms step_avg:3285.06ms
step:3053/6200 train_loss:3.5056 train_time:9996430ms step_avg:3285.06ms
step:3054/6200 train_loss:3.6967 train_time:9999714ms step_avg:3285.06ms
step:3055/6200 train_loss:3.4999 train_time:10003000ms step_avg:3285.06ms
step:3056/6200 train_loss:3.3489 train_time:10006286ms step_avg:3285.06ms
step:3057/6200 train_loss:3.4296 train_time:10009573ms step_avg:3285.06ms
step:3058/6200 train_loss:3.5684 train_time:10012856ms step_avg:3285.06ms
step:3059/6200 train_loss:3.3520 train_time:10016142ms step_avg:3285.06ms
step:3060/6200 train_loss:3.4210 train_time:10019427ms step_avg:3285.06ms
step:3061/6200 train_loss:3.5097 train_time:10022712ms step_avg:3285.06ms
step:3062/6200 train_loss:3.6220 train_time:10025999ms step_avg:3285.06ms
step:3063/6200 train_loss:3.6043 train_time:10029288ms step_avg:3285.06ms
step:3064/6200 train_loss:3.4425 train_time:10032575ms step_avg:3285.06ms
step:3065/6200 train_loss:3.5972 train_time:10035865ms step_avg:3285.06ms
step:3066/6200 train_loss:3.7002 train_time:10039149ms step_avg:3285.06ms
step:3067/6200 train_loss:3.3218 train_time:10042436ms step_avg:3285.06ms
step:3068/6200 train_loss:3.4444 train_time:10045725ms step_avg:3285.06ms
step:3069/6200 train_loss:3.3710 train_time:10049012ms step_avg:3285.06ms
step:3070/6200 train_loss:3.4578 train_time:10052303ms step_avg:3285.07ms
step:3071/6200 train_loss:3.7540 train_time:10055591ms step_avg:3285.07ms
step:3072/6200 train_loss:3.5364 train_time:10058881ms step_avg:3285.07ms
step:3073/6200 train_loss:3.4858 train_time:10062165ms step_avg:3285.07ms
step:3074/6200 train_loss:3.3836 train_time:10065448ms step_avg:3285.07ms
step:3075/6200 train_loss:3.5665 train_time:10068735ms step_avg:3285.07ms
step:3076/6200 train_loss:3.4671 train_time:10072022ms step_avg:3285.07ms
step:3077/6200 train_loss:3.5150 train_time:10075307ms step_avg:3285.07ms
step:3078/6200 train_loss:3.4639 train_time:10078598ms step_avg:3285.07ms
step:3079/6200 train_loss:3.6077 train_time:10081887ms step_avg:3285.07ms
step:3080/6200 train_loss:3.5452 train_time:10085177ms step_avg:3285.07ms
step:3081/6200 train_loss:3.4119 train_time:10088462ms step_avg:3285.07ms
step:3082/6200 train_loss:3.6732 train_time:10091750ms step_avg:3285.07ms
step:3083/6200 train_loss:3.6032 train_time:10095040ms step_avg:3285.08ms
step:3084/6200 train_loss:3.4475 train_time:10098328ms step_avg:3285.08ms
step:3085/6200 train_loss:3.5138 train_time:10101616ms step_avg:3285.08ms
step:3086/6200 train_loss:3.4617 train_time:10104905ms step_avg:3285.08ms
step:3087/6200 train_loss:3.4952 train_time:10108192ms step_avg:3285.08ms
step:3088/6200 train_loss:3.3211 train_time:10111481ms step_avg:3285.08ms
step:3089/6200 train_loss:3.5902 train_time:10114768ms step_avg:3285.08ms
step:3090/6200 train_loss:3.4648 train_time:10118056ms step_avg:3285.08ms
step:3091/6200 train_loss:3.5097 train_time:10121342ms step_avg:3285.08ms
step:3092/6200 train_loss:3.3724 train_time:10124626ms step_avg:3285.08ms
step:3093/6200 train_loss:3.5614 train_time:10127911ms step_avg:3285.08ms
step:3094/6200 train_loss:3.3802 train_time:10131197ms step_avg:3285.08ms
step:3095/6200 train_loss:3.4714 train_time:10134481ms step_avg:3285.08ms
step:3096/6200 train_loss:3.5991 train_time:10137771ms step_avg:3285.08ms
step:3097/6200 train_loss:3.4663 train_time:10141057ms step_avg:3285.08ms
step:3098/6200 train_loss:3.4831 train_time:10144341ms step_avg:3285.08ms
step:3099/6200 train_loss:3.3769 train_time:10147629ms step_avg:3285.09ms
step:3100/6200 train_loss:3.5765 train_time:10150922ms step_avg:3285.09ms
step:3101/6200 train_loss:3.3990 train_time:10154211ms step_avg:3285.09ms
step:3102/6200 train_loss:3.4643 train_time:10157502ms step_avg:3285.09ms
step:3103/6200 train_loss:3.4817 train_time:10160787ms step_avg:3285.09ms
step:3104/6200 train_loss:3.4392 train_time:10164077ms step_avg:3285.09ms
step:3105/6200 train_loss:3.4677 train_time:10167364ms step_avg:3285.09ms
step:3106/6200 train_loss:3.5401 train_time:10170653ms step_avg:3285.09ms
step:3107/6200 train_loss:3.4776 train_time:10173941ms step_avg:3285.10ms
step:3108/6200 train_loss:3.1872 train_time:10177226ms step_avg:3285.10ms
step:3109/6200 train_loss:3.5411 train_time:10180512ms step_avg:3285.10ms
step:3110/6200 train_loss:3.4822 train_time:10183797ms step_avg:3285.10ms
step:3111/6200 train_loss:3.1255 train_time:10187086ms step_avg:3285.10ms
step:3112/6200 train_loss:3.7589 train_time:10190373ms step_avg:3285.10ms
step:3113/6200 train_loss:3.3789 train_time:10193659ms step_avg:3285.10ms
step:3114/6200 train_loss:3.6843 train_time:10196948ms step_avg:3285.10ms
step:3115/6200 train_loss:3.5457 train_time:10200233ms step_avg:3285.10ms
step:3116/6200 train_loss:3.6353 train_time:10203519ms step_avg:3285.10ms
step:3117/6200 train_loss:3.2481 train_time:10206807ms step_avg:3285.10ms
step:3118/6200 train_loss:3.4040 train_time:10210096ms step_avg:3285.10ms
step:3119/6200 train_loss:3.3834 train_time:10213386ms step_avg:3285.10ms
step:3120/6200 train_loss:3.4210 train_time:10216673ms step_avg:3285.10ms
step:3121/6200 train_loss:3.3938 train_time:10219961ms step_avg:3285.10ms
step:3122/6200 train_loss:3.3784 train_time:10223251ms step_avg:3285.11ms
step:3123/6200 train_loss:3.3384 train_time:10226541ms step_avg:3285.11ms
step:3124/6200 train_loss:3.6824 train_time:10229827ms step_avg:3285.11ms
step:3125/6200 train_loss:3.4365 train_time:10233113ms step_avg:3285.11ms
step:3125/6200 val_loss:3.4790 train_time:10233125ms step_avg:3285.11ms
step:3126/6200 train_loss:3.4019 train_time:10236399ms step_avg:3285.11ms
step:3127/6200 train_loss:3.4391 train_time:10239683ms step_avg:3285.11ms
step:3128/6200 train_loss:3.4336 train_time:10242969ms step_avg:3285.11ms
step:3129/6200 train_loss:3.5384 train_time:10246250ms step_avg:3285.11ms
step:3130/6200 train_loss:3.5167 train_time:10249529ms step_avg:3285.11ms
step:3131/6200 train_loss:3.4826 train_time:10252807ms step_avg:3285.10ms
step:3132/6200 train_loss:4.4675 train_time:10256087ms step_avg:3285.10ms
step:3133/6200 train_loss:3.4301 train_time:10259369ms step_avg:3285.10ms
step:3134/6200 train_loss:3.6024 train_time:10262647ms step_avg:3285.10ms
step:3135/6200 train_loss:3.5137 train_time:10265927ms step_avg:3285.10ms
step:3136/6200 train_loss:3.7479 train_time:10269208ms step_avg:3285.10ms
step:3137/6200 train_loss:3.4051 train_time:10272490ms step_avg:3285.09ms
step:3138/6200 train_loss:3.6001 train_time:10275771ms step_avg:3285.09ms
step:3139/6200 train_loss:3.5166 train_time:10279051ms step_avg:3285.09ms
step:3140/6200 train_loss:3.4344 train_time:10282330ms step_avg:3285.09ms
step:3141/6200 train_loss:3.3319 train_time:10285610ms step_avg:3285.09ms
step:3142/6200 train_loss:3.6246 train_time:10288893ms step_avg:3285.09ms
step:3143/6200 train_loss:3.4160 train_time:10292172ms step_avg:3285.09ms
step:3144/6200 train_loss:3.3896 train_time:10295456ms step_avg:3285.08ms
step:3145/6200 train_loss:3.4005 train_time:10298739ms step_avg:3285.08ms
step:3146/6200 train_loss:3.4429 train_time:10302025ms step_avg:3285.08ms
step:3147/6200 train_loss:3.4931 train_time:10305307ms step_avg:3285.08ms
step:3148/6200 train_loss:3.3582 train_time:10308587ms step_avg:3285.08ms
step:3149/6200 train_loss:3.5989 train_time:10311870ms step_avg:3285.08ms
step:3150/6200 train_loss:3.3502 train_time:10315150ms step_avg:3285.08ms
step:3151/6200 train_loss:3.6395 train_time:10318432ms step_avg:3285.08ms
step:3152/6200 train_loss:3.5784 train_time:10321710ms step_avg:3285.08ms
step:3153/6200 train_loss:3.5865 train_time:10324992ms step_avg:3285.08ms
step:3154/6200 train_loss:3.6306 train_time:10328272ms step_avg:3285.07ms
step:3155/6200 train_loss:3.6935 train_time:10331551ms step_avg:3285.07ms
step:3156/6200 train_loss:3.6035 train_time:10334828ms step_avg:3285.07ms
step:3157/6200 train_loss:3.5873 train_time:10338108ms step_avg:3285.07ms
step:3158/6200 train_loss:3.4341 train_time:10341390ms step_avg:3285.07ms
step:3159/6200 train_loss:3.4169 train_time:10344670ms step_avg:3285.07ms
step:3160/6200 train_loss:3.6833 train_time:10347949ms step_avg:3285.06ms
step:3161/6200 train_loss:3.4569 train_time:10351233ms step_avg:3285.06ms
step:3162/6200 train_loss:3.3326 train_time:10354510ms step_avg:3285.06ms
step:3163/6200 train_loss:3.8309 train_time:10357795ms step_avg:3285.06ms
step:3164/6200 train_loss:3.4210 train_time:10361080ms step_avg:3285.06ms
step:3165/6200 train_loss:3.4768 train_time:10364362ms step_avg:3285.06ms
step:3166/6200 train_loss:3.5109 train_time:10367648ms step_avg:3285.06ms
step:3167/6200 train_loss:3.3539 train_time:10370928ms step_avg:3285.06ms
step:3168/6200 train_loss:3.4835 train_time:10374208ms step_avg:3285.06ms
step:3169/6200 train_loss:3.3454 train_time:10377491ms step_avg:3285.06ms
step:3170/6200 train_loss:3.5732 train_time:10380771ms step_avg:3285.05ms
step:3171/6200 train_loss:3.6053 train_time:10384049ms step_avg:3285.05ms
step:3172/6200 train_loss:3.4200 train_time:10387330ms step_avg:3285.05ms
step:3173/6200 train_loss:3.1163 train_time:10390611ms step_avg:3285.05ms
step:3174/6200 train_loss:3.4718 train_time:10393889ms step_avg:3285.05ms
step:3175/6200 train_loss:3.5407 train_time:10397170ms step_avg:3285.05ms
step:3176/6200 train_loss:3.4395 train_time:10400451ms step_avg:3285.04ms
step:3177/6200 train_loss:3.7281 train_time:10403730ms step_avg:3285.04ms
step:3178/6200 train_loss:3.5477 train_time:10407009ms step_avg:3285.04ms
step:3179/6200 train_loss:3.5061 train_time:10410285ms step_avg:3285.04ms
step:3180/6200 train_loss:3.3620 train_time:10413564ms step_avg:3285.04ms
step:3181/6200 train_loss:3.3628 train_time:10416845ms step_avg:3285.03ms
step:3182/6200 train_loss:3.5075 train_time:10420125ms step_avg:3285.03ms
step:3183/6200 train_loss:3.4943 train_time:10423402ms step_avg:3285.03ms
step:3184/6200 train_loss:3.2859 train_time:10426684ms step_avg:3285.03ms
step:3185/6200 train_loss:3.4956 train_time:10429966ms step_avg:3285.03ms
step:3186/6200 train_loss:3.5419 train_time:10433250ms step_avg:3285.03ms
step:3187/6200 train_loss:3.3560 train_time:10436531ms step_avg:3285.03ms
step:3188/6200 train_loss:3.4915 train_time:10439810ms step_avg:3285.03ms
step:3189/6200 train_loss:3.4851 train_time:10443089ms step_avg:3285.02ms
step:3190/6200 train_loss:3.4612 train_time:10446369ms step_avg:3285.02ms
step:3191/6200 train_loss:3.5433 train_time:10449650ms step_avg:3285.02ms
step:3192/6200 train_loss:3.5007 train_time:10452929ms step_avg:3285.02ms
step:3193/6200 train_loss:3.3222 train_time:10456207ms step_avg:3285.02ms
step:3194/6200 train_loss:3.4469 train_time:10459484ms step_avg:3285.01ms
step:3195/6200 train_loss:3.2798 train_time:10462768ms step_avg:3285.01ms
step:3196/6200 train_loss:3.5257 train_time:10466052ms step_avg:3285.01ms
step:3197/6200 train_loss:3.4418 train_time:10469332ms step_avg:3285.01ms
step:3198/6200 train_loss:3.3789 train_time:10472615ms step_avg:3285.01ms
step:3199/6200 train_loss:3.6294 train_time:10475897ms step_avg:3285.01ms
step:3200/6200 train_loss:3.5219 train_time:10479179ms step_avg:3285.01ms
step:3201/6200 train_loss:3.4141 train_time:10482462ms step_avg:3285.01ms
step:3202/6200 train_loss:3.1802 train_time:10485747ms step_avg:3285.01ms
step:3203/6200 train_loss:3.2032 train_time:10489029ms step_avg:3285.01ms
step:3204/6200 train_loss:3.4648 train_time:10492311ms step_avg:3285.01ms
step:3205/6200 train_loss:3.5465 train_time:10495592ms step_avg:3285.01ms
step:3206/6200 train_loss:3.4826 train_time:10498874ms step_avg:3285.00ms
step:3207/6200 train_loss:3.3925 train_time:10502155ms step_avg:3285.00ms
step:3208/6200 train_loss:3.3414 train_time:10505438ms step_avg:3285.00ms
step:3209/6200 train_loss:3.5819 train_time:10508721ms step_avg:3285.00ms
step:3210/6200 train_loss:3.4569 train_time:10512006ms step_avg:3285.00ms
step:3211/6200 train_loss:3.4075 train_time:10515287ms step_avg:3285.00ms
step:3212/6200 train_loss:3.3695 train_time:10518569ms step_avg:3285.00ms
step:3213/6200 train_loss:3.2160 train_time:10521849ms step_avg:3285.00ms
step:3214/6200 train_loss:3.4249 train_time:10525131ms step_avg:3285.00ms
step:3215/6200 train_loss:3.3637 train_time:10528414ms step_avg:3285.00ms
step:3216/6200 train_loss:3.4858 train_time:10531699ms step_avg:3285.00ms
step:3217/6200 train_loss:3.2491 train_time:10534983ms step_avg:3285.00ms
step:3218/6200 train_loss:3.4103 train_time:10538266ms step_avg:3285.00ms
step:3219/6200 train_loss:3.4398 train_time:10541546ms step_avg:3284.99ms
step:3220/6200 train_loss:3.4013 train_time:10544830ms step_avg:3284.99ms
step:3221/6200 train_loss:3.5042 train_time:10548111ms step_avg:3284.99ms
step:3222/6200 train_loss:3.7721 train_time:10551395ms step_avg:3284.99ms
step:3223/6200 train_loss:3.4280 train_time:10554678ms step_avg:3284.99ms
step:3224/6200 train_loss:3.3351 train_time:10557962ms step_avg:3284.99ms
step:3225/6200 train_loss:3.5006 train_time:10561243ms step_avg:3284.99ms
step:3226/6200 train_loss:3.4654 train_time:10564522ms step_avg:3284.99ms
step:3227/6200 train_loss:3.5308 train_time:10567804ms step_avg:3284.99ms
step:3228/6200 train_loss:3.4959 train_time:10571088ms step_avg:3284.99ms
step:3229/6200 train_loss:3.4323 train_time:10574370ms step_avg:3284.99ms
step:3230/6200 train_loss:3.5143 train_time:10577653ms step_avg:3284.99ms
step:3231/6200 train_loss:3.5193 train_time:10580942ms step_avg:3284.99ms
step:3232/6200 train_loss:3.4576 train_time:10584227ms step_avg:3284.99ms
step:3233/6200 train_loss:3.5156 train_time:10587513ms step_avg:3284.99ms
step:3234/6200 train_loss:3.3902 train_time:10590797ms step_avg:3284.99ms
step:3235/6200 train_loss:3.5329 train_time:10594081ms step_avg:3284.99ms
step:3236/6200 train_loss:3.4543 train_time:10597366ms step_avg:3284.99ms
step:3237/6200 train_loss:3.5395 train_time:10600649ms step_avg:3284.99ms
step:3238/6200 train_loss:3.3655 train_time:10603931ms step_avg:3284.98ms
step:3239/6200 train_loss:3.4805 train_time:10607214ms step_avg:3284.98ms
step:3240/6200 train_loss:3.3300 train_time:10610498ms step_avg:3284.98ms
step:3241/6200 train_loss:3.3946 train_time:10613845ms step_avg:3285.00ms
step:3242/6200 train_loss:3.4980 train_time:10617127ms step_avg:3285.00ms
step:3243/6200 train_loss:3.3662 train_time:10620412ms step_avg:3285.00ms
step:3244/6200 train_loss:3.6131 train_time:10623689ms step_avg:3285.00ms
step:3245/6200 train_loss:3.4248 train_time:10626969ms step_avg:3285.00ms
step:3246/6200 train_loss:3.3536 train_time:10630253ms step_avg:3285.00ms
step:3247/6200 train_loss:3.4672 train_time:10633539ms step_avg:3285.00ms
step:3248/6200 train_loss:3.4717 train_time:10636820ms step_avg:3285.00ms
step:3249/6200 train_loss:3.4293 train_time:10640099ms step_avg:3285.00ms
step:3250/6200 train_loss:3.4490 train_time:10643381ms step_avg:3284.99ms
step:3250/6200 val_loss:3.4723 train_time:10643393ms step_avg:3285.00ms
step:3251/6200 train_loss:3.4953 train_time:10646659ms step_avg:3284.99ms
step:3252/6200 train_loss:3.5271 train_time:10649935ms step_avg:3284.99ms
step:3253/6200 train_loss:3.5849 train_time:10653210ms step_avg:3284.99ms
step:3254/6200 train_loss:3.7046 train_time:10656490ms step_avg:3284.98ms
step:3255/6200 train_loss:3.7722 train_time:10659768ms step_avg:3284.98ms
step:3256/6200 train_loss:3.1931 train_time:10663043ms step_avg:3284.98ms
step:3257/6200 train_loss:3.4819 train_time:10666322ms step_avg:3284.98ms
step:3258/6200 train_loss:3.6160 train_time:10669602ms step_avg:3284.98ms
step:3259/6200 train_loss:3.4252 train_time:10672877ms step_avg:3284.97ms
step:3260/6200 train_loss:3.4366 train_time:10676153ms step_avg:3284.97ms
step:3261/6200 train_loss:3.3775 train_time:10679434ms step_avg:3284.97ms
step:3262/6200 train_loss:3.4009 train_time:10682711ms step_avg:3284.97ms
step:3263/6200 train_loss:3.4332 train_time:10685989ms step_avg:3284.96ms
step:3264/6200 train_loss:3.4835 train_time:10689264ms step_avg:3284.96ms
step:3265/6200 train_loss:3.4619 train_time:10692544ms step_avg:3284.96ms
step:3266/6200 train_loss:3.4319 train_time:10695823ms step_avg:3284.96ms
step:3267/6200 train_loss:3.4903 train_time:10699104ms step_avg:3284.96ms
step:3268/6200 train_loss:3.6427 train_time:10702384ms step_avg:3284.96ms
step:3269/6200 train_loss:3.4481 train_time:10705664ms step_avg:3284.95ms
step:3270/6200 train_loss:3.4054 train_time:10708945ms step_avg:3284.95ms
step:3271/6200 train_loss:3.4619 train_time:10712227ms step_avg:3284.95ms
step:3272/6200 train_loss:3.4076 train_time:10715507ms step_avg:3284.95ms
step:3273/6200 train_loss:3.7636 train_time:10718792ms step_avg:3284.95ms
step:3274/6200 train_loss:3.4963 train_time:10722074ms step_avg:3284.95ms
step:3275/6200 train_loss:3.4563 train_time:10725357ms step_avg:3284.95ms
step:3276/6200 train_loss:3.3602 train_time:10728639ms step_avg:3284.95ms
step:3277/6200 train_loss:3.4555 train_time:10731920ms step_avg:3284.95ms
step:3278/6200 train_loss:3.4808 train_time:10735206ms step_avg:3284.95ms
step:3279/6200 train_loss:3.5733 train_time:10738495ms step_avg:3284.95ms
step:3280/6200 train_loss:3.4375 train_time:10741778ms step_avg:3284.95ms
step:3281/6200 train_loss:3.4681 train_time:10745070ms step_avg:3284.95ms
step:3282/6200 train_loss:3.4283 train_time:10748350ms step_avg:3284.95ms
step:3283/6200 train_loss:3.4178 train_time:10751633ms step_avg:3284.95ms
step:3284/6200 train_loss:3.6107 train_time:10754914ms step_avg:3284.95ms
step:3285/6200 train_loss:3.4242 train_time:10758207ms step_avg:3284.95ms
step:3286/6200 train_loss:3.5063 train_time:10761490ms step_avg:3284.95ms
step:3287/6200 train_loss:3.2375 train_time:10764780ms step_avg:3284.95ms
step:3288/6200 train_loss:3.7378 train_time:10768062ms step_avg:3284.95ms
step:3289/6200 train_loss:3.4179 train_time:10771349ms step_avg:3284.95ms
step:3290/6200 train_loss:3.2947 train_time:10774634ms step_avg:3284.95ms
step:3291/6200 train_loss:3.5425 train_time:10777918ms step_avg:3284.95ms
step:3292/6200 train_loss:3.3946 train_time:10781206ms step_avg:3284.95ms
step:3293/6200 train_loss:3.4919 train_time:10784491ms step_avg:3284.95ms
step:3294/6200 train_loss:3.7448 train_time:10787773ms step_avg:3284.95ms
step:3295/6200 train_loss:3.3452 train_time:10791060ms step_avg:3284.95ms
step:3296/6200 train_loss:3.3110 train_time:10794343ms step_avg:3284.95ms
step:3297/6200 train_loss:3.4094 train_time:10797630ms step_avg:3284.95ms
step:3298/6200 train_loss:3.4942 train_time:10800912ms step_avg:3284.95ms
step:3299/6200 train_loss:3.3117 train_time:10804194ms step_avg:3284.95ms
step:3300/6200 train_loss:3.6302 train_time:10807485ms step_avg:3284.95ms
step:3301/6200 train_loss:3.4971 train_time:10810765ms step_avg:3284.95ms
step:3302/6200 train_loss:3.5493 train_time:10814053ms step_avg:3284.95ms
step:3303/6200 train_loss:3.3103 train_time:10817336ms step_avg:3284.95ms
step:3304/6200 train_loss:3.4245 train_time:10820625ms step_avg:3284.95ms
step:3305/6200 train_loss:3.4609 train_time:10823909ms step_avg:3284.95ms
step:3306/6200 train_loss:3.4782 train_time:10827190ms step_avg:3284.95ms
step:3307/6200 train_loss:3.4411 train_time:10830475ms step_avg:3284.95ms
step:3308/6200 train_loss:3.5610 train_time:10833761ms step_avg:3284.95ms
step:3309/6200 train_loss:3.3531 train_time:10837044ms step_avg:3284.95ms
step:3310/6200 train_loss:3.2355 train_time:10840329ms step_avg:3284.95ms
step:3311/6200 train_loss:3.6189 train_time:10843613ms step_avg:3284.95ms
step:3312/6200 train_loss:3.4320 train_time:10846899ms step_avg:3284.95ms
step:3313/6200 train_loss:3.5136 train_time:10850187ms step_avg:3284.95ms
step:3314/6200 train_loss:3.4353 train_time:10853472ms step_avg:3284.95ms
step:3315/6200 train_loss:3.3656 train_time:10856752ms step_avg:3284.95ms
step:3316/6200 train_loss:3.6047 train_time:10860039ms step_avg:3284.95ms
step:3317/6200 train_loss:3.3455 train_time:10863328ms step_avg:3284.95ms
step:3318/6200 train_loss:3.4100 train_time:10866618ms step_avg:3284.95ms
step:3319/6200 train_loss:3.4145 train_time:10869906ms step_avg:3284.95ms
step:3320/6200 train_loss:3.3804 train_time:10873192ms step_avg:3284.95ms
step:3321/6200 train_loss:3.3675 train_time:10876479ms step_avg:3284.95ms
step:3322/6200 train_loss:3.5325 train_time:10879766ms step_avg:3284.95ms
step:3323/6200 train_loss:3.4110 train_time:10883050ms step_avg:3284.95ms
step:3324/6200 train_loss:3.2344 train_time:10886332ms step_avg:3284.95ms
step:3325/6200 train_loss:3.4343 train_time:10889621ms step_avg:3284.95ms
step:3326/6200 train_loss:3.6535 train_time:10892907ms step_avg:3284.95ms
step:3327/6200 train_loss:3.3049 train_time:10896195ms step_avg:3284.95ms
step:3328/6200 train_loss:3.3618 train_time:10899482ms step_avg:3284.96ms
step:3329/6200 train_loss:3.3567 train_time:10902772ms step_avg:3284.96ms
step:3330/6200 train_loss:3.5787 train_time:10906059ms step_avg:3284.96ms
step:3331/6200 train_loss:3.6264 train_time:10909344ms step_avg:3284.96ms
step:3332/6200 train_loss:3.7253 train_time:10912631ms step_avg:3284.96ms
step:3333/6200 train_loss:3.4694 train_time:10915917ms step_avg:3284.96ms
step:3334/6200 train_loss:3.2181 train_time:10919203ms step_avg:3284.96ms
step:3335/6200 train_loss:3.4260 train_time:10922490ms step_avg:3284.96ms
step:3336/6200 train_loss:3.6078 train_time:10925779ms step_avg:3284.96ms
step:3337/6200 train_loss:3.4467 train_time:10929065ms step_avg:3284.96ms
step:3338/6200 train_loss:3.5193 train_time:10932354ms step_avg:3284.96ms
step:3339/6200 train_loss:3.3546 train_time:10935640ms step_avg:3284.96ms
step:3340/6200 train_loss:3.3670 train_time:10938925ms step_avg:3284.96ms
step:3341/6200 train_loss:3.5846 train_time:10942208ms step_avg:3284.96ms
step:3342/6200 train_loss:3.4576 train_time:10945491ms step_avg:3284.96ms
step:3343/6200 train_loss:3.5942 train_time:10948779ms step_avg:3284.96ms
step:3344/6200 train_loss:3.2710 train_time:10952060ms step_avg:3284.96ms
step:3345/6200 train_loss:3.6021 train_time:10955372ms step_avg:3284.97ms
step:3346/6200 train_loss:3.4835 train_time:10958659ms step_avg:3284.97ms
step:3347/6200 train_loss:3.6918 train_time:10961948ms step_avg:3284.97ms
step:3348/6200 train_loss:3.5297 train_time:10965236ms step_avg:3284.97ms
step:3349/6200 train_loss:3.5706 train_time:10968526ms step_avg:3284.97ms
step:3350/6200 train_loss:3.3934 train_time:10971814ms step_avg:3284.97ms
step:3351/6200 train_loss:3.4705 train_time:10975106ms step_avg:3284.98ms
step:3352/6200 train_loss:3.4188 train_time:10978395ms step_avg:3284.98ms
step:3353/6200 train_loss:3.5698 train_time:10981680ms step_avg:3284.98ms
step:3354/6200 train_loss:3.2830 train_time:10984966ms step_avg:3284.98ms
step:3355/6200 train_loss:3.2643 train_time:10988251ms step_avg:3284.98ms
step:3356/6200 train_loss:3.4176 train_time:10991535ms step_avg:3284.98ms
step:3357/6200 train_loss:3.4963 train_time:10994825ms step_avg:3284.98ms
step:3358/6200 train_loss:3.5065 train_time:10998116ms step_avg:3284.98ms
step:3359/6200 train_loss:3.3705 train_time:11001403ms step_avg:3284.98ms
step:3360/6200 train_loss:3.5611 train_time:11004694ms step_avg:3284.98ms
step:3361/6200 train_loss:3.3870 train_time:11007983ms step_avg:3284.98ms
step:3362/6200 train_loss:3.4678 train_time:11011272ms step_avg:3284.99ms
step:3363/6200 train_loss:3.3927 train_time:11014559ms step_avg:3284.99ms
step:3364/6200 train_loss:3.4559 train_time:11017850ms step_avg:3284.99ms
step:3365/6200 train_loss:3.3955 train_time:11021138ms step_avg:3284.99ms
step:3366/6200 train_loss:3.2885 train_time:11024430ms step_avg:3284.99ms
step:3367/6200 train_loss:3.4396 train_time:11027720ms step_avg:3284.99ms
step:3368/6200 train_loss:3.5145 train_time:11031010ms step_avg:3284.99ms
step:3369/6200 train_loss:3.4059 train_time:11034302ms step_avg:3285.00ms
step:3370/6200 train_loss:3.5998 train_time:11037590ms step_avg:3285.00ms
step:3371/6200 train_loss:3.4233 train_time:11040878ms step_avg:3285.00ms
step:3372/6200 train_loss:3.3642 train_time:11044166ms step_avg:3285.00ms
step:3373/6200 train_loss:3.5345 train_time:11047454ms step_avg:3285.00ms
step:3374/6200 train_loss:3.6265 train_time:11050744ms step_avg:3285.00ms
step:3375/6200 train_loss:3.3988 train_time:11054035ms step_avg:3285.00ms
step:3375/6200 val_loss:3.4664 train_time:11054047ms step_avg:3285.01ms
step:3376/6200 train_loss:3.6087 train_time:11057321ms step_avg:3285.00ms
step:3377/6200 train_loss:3.5535 train_time:11060599ms step_avg:3285.00ms
step:3378/6200 train_loss:3.6541 train_time:11063879ms step_avg:3285.00ms
step:3379/6200 train_loss:3.4615 train_time:11067161ms step_avg:3285.00ms
step:3380/6200 train_loss:3.3765 train_time:11070443ms step_avg:3285.00ms
step:3381/6200 train_loss:3.5013 train_time:11073718ms step_avg:3285.00ms
step:3382/6200 train_loss:3.5063 train_time:11076999ms step_avg:3284.99ms
step:3383/6200 train_loss:3.3481 train_time:11080275ms step_avg:3284.99ms
step:3384/6200 train_loss:3.3902 train_time:11083554ms step_avg:3284.99ms
step:3385/6200 train_loss:3.2504 train_time:11086829ms step_avg:3284.99ms
step:3386/6200 train_loss:3.5247 train_time:11090107ms step_avg:3284.98ms
step:3387/6200 train_loss:3.3410 train_time:11093385ms step_avg:3284.98ms
step:3388/6200 train_loss:3.4000 train_time:11096661ms step_avg:3284.98ms
step:3389/6200 train_loss:3.6022 train_time:11099943ms step_avg:3284.98ms
step:3390/6200 train_loss:3.4065 train_time:11103223ms step_avg:3284.98ms
step:3391/6200 train_loss:3.5216 train_time:11106501ms step_avg:3284.98ms
step:3392/6200 train_loss:3.5485 train_time:11109780ms step_avg:3284.97ms
step:3393/6200 train_loss:4.1282 train_time:11113058ms step_avg:3284.97ms
step:3394/6200 train_loss:3.4257 train_time:11116337ms step_avg:3284.97ms
step:3395/6200 train_loss:3.3456 train_time:11119621ms step_avg:3284.97ms
step:3396/6200 train_loss:3.2448 train_time:11122901ms step_avg:3284.97ms
step:3397/6200 train_loss:3.5208 train_time:11126181ms step_avg:3284.97ms
step:3398/6200 train_loss:3.4069 train_time:11129459ms step_avg:3284.96ms
step:3399/6200 train_loss:3.4999 train_time:11132737ms step_avg:3284.96ms
step:3400/6200 train_loss:3.3357 train_time:11136018ms step_avg:3284.96ms
step:3401/6200 train_loss:3.3369 train_time:11139300ms step_avg:3284.96ms
step:3402/6200 train_loss:3.7735 train_time:11142584ms step_avg:3284.96ms
step:3403/6200 train_loss:3.3500 train_time:11145863ms step_avg:3284.96ms
step:3404/6200 train_loss:3.5488 train_time:11149144ms step_avg:3284.96ms
step:3405/6200 train_loss:3.5000 train_time:11152426ms step_avg:3284.96ms
step:3406/6200 train_loss:3.3330 train_time:11155706ms step_avg:3284.95ms
step:3407/6200 train_loss:3.2718 train_time:11158990ms step_avg:3284.95ms
step:3408/6200 train_loss:3.6229 train_time:11162271ms step_avg:3284.95ms
step:3409/6200 train_loss:3.3763 train_time:11165552ms step_avg:3284.95ms
step:3410/6200 train_loss:3.4062 train_time:11168833ms step_avg:3284.95ms
step:3411/6200 train_loss:3.4571 train_time:11172115ms step_avg:3284.95ms
step:3412/6200 train_loss:3.2992 train_time:11175398ms step_avg:3284.95ms
step:3413/6200 train_loss:3.5031 train_time:11178680ms step_avg:3284.95ms
step:3414/6200 train_loss:3.3443 train_time:11181962ms step_avg:3284.95ms
step:3415/6200 train_loss:3.4121 train_time:11185247ms step_avg:3284.95ms
step:3416/6200 train_loss:3.5067 train_time:11188529ms step_avg:3284.95ms
step:3417/6200 train_loss:3.3472 train_time:11191813ms step_avg:3284.95ms
step:3418/6200 train_loss:3.5249 train_time:11195096ms step_avg:3284.95ms
step:3419/6200 train_loss:3.4251 train_time:11198377ms step_avg:3284.94ms
step:3420/6200 train_loss:3.3181 train_time:11201662ms step_avg:3284.94ms
step:3421/6200 train_loss:3.4113 train_time:11204944ms step_avg:3284.94ms
step:3422/6200 train_loss:3.3553 train_time:11208229ms step_avg:3284.94ms
step:3423/6200 train_loss:3.4999 train_time:11211513ms step_avg:3284.94ms
step:3424/6200 train_loss:3.3821 train_time:11214794ms step_avg:3284.94ms
step:3425/6200 train_loss:3.3773 train_time:11218078ms step_avg:3284.94ms
step:3426/6200 train_loss:3.6911 train_time:11221359ms step_avg:3284.94ms
step:3427/6200 train_loss:3.2123 train_time:11224642ms step_avg:3284.94ms
step:3428/6200 train_loss:3.5038 train_time:11227925ms step_avg:3284.94ms
step:3429/6200 train_loss:3.4373 train_time:11231204ms step_avg:3284.94ms
step:3430/6200 train_loss:3.4099 train_time:11234485ms step_avg:3284.94ms
step:3431/6200 train_loss:3.3645 train_time:11237763ms step_avg:3284.94ms
step:3432/6200 train_loss:3.3552 train_time:11241042ms step_avg:3284.93ms
step:3433/6200 train_loss:3.3065 train_time:11244321ms step_avg:3284.93ms
step:3434/6200 train_loss:3.4052 train_time:11247600ms step_avg:3284.93ms
step:3435/6200 train_loss:3.2061 train_time:11250881ms step_avg:3284.93ms
step:3436/6200 train_loss:3.5139 train_time:11254163ms step_avg:3284.93ms
step:3437/6200 train_loss:3.4130 train_time:11257442ms step_avg:3284.93ms
step:3438/6200 train_loss:3.4656 train_time:11260722ms step_avg:3284.92ms
step:3439/6200 train_loss:3.5353 train_time:11264001ms step_avg:3284.92ms
step:3440/6200 train_loss:3.5011 train_time:11267283ms step_avg:3284.92ms
step:3441/6200 train_loss:3.2494 train_time:11270561ms step_avg:3284.92ms
step:3442/6200 train_loss:2.9543 train_time:11273840ms step_avg:3284.92ms
step:3443/6200 train_loss:3.2984 train_time:11277121ms step_avg:3284.92ms
step:3444/6200 train_loss:3.5357 train_time:11280403ms step_avg:3284.92ms
step:3445/6200 train_loss:3.4228 train_time:11283685ms step_avg:3284.92ms
step:3446/6200 train_loss:3.4214 train_time:11286967ms step_avg:3284.91ms
step:3447/6200 train_loss:3.2760 train_time:11290245ms step_avg:3284.91ms
step:3448/6200 train_loss:3.4818 train_time:11293525ms step_avg:3284.91ms
step:3449/6200 train_loss:3.3974 train_time:11296802ms step_avg:3284.91ms
step:3450/6200 train_loss:3.3816 train_time:11300079ms step_avg:3284.91ms
step:3451/6200 train_loss:3.3355 train_time:11303361ms step_avg:3284.91ms
step:3452/6200 train_loss:3.3159 train_time:11306640ms step_avg:3284.90ms
step:3453/6200 train_loss:3.5768 train_time:11309923ms step_avg:3284.90ms
step:3454/6200 train_loss:3.5310 train_time:11313202ms step_avg:3284.90ms
step:3455/6200 train_loss:3.4914 train_time:11316479ms step_avg:3284.90ms
step:3456/6200 train_loss:3.4403 train_time:11319761ms step_avg:3284.90ms
step:3457/6200 train_loss:3.4352 train_time:11323041ms step_avg:3284.90ms
step:3458/6200 train_loss:3.3464 train_time:11326321ms step_avg:3284.90ms
step:3459/6200 train_loss:3.3908 train_time:11329600ms step_avg:3284.89ms
step:3460/6200 train_loss:3.2986 train_time:11332876ms step_avg:3284.89ms
step:3461/6200 train_loss:3.4127 train_time:11336155ms step_avg:3284.89ms
step:3462/6200 train_loss:3.4457 train_time:11339434ms step_avg:3284.89ms
step:3463/6200 train_loss:3.3552 train_time:11342713ms step_avg:3284.89ms
step:3464/6200 train_loss:3.3439 train_time:11345991ms step_avg:3284.88ms
step:3465/6200 train_loss:3.2506 train_time:11349271ms step_avg:3284.88ms
step:3466/6200 train_loss:3.4959 train_time:11352551ms step_avg:3284.88ms
step:3467/6200 train_loss:3.6593 train_time:11355831ms step_avg:3284.88ms
step:3468/6200 train_loss:3.3667 train_time:11359111ms step_avg:3284.88ms
step:3469/6200 train_loss:3.4228 train_time:11362391ms step_avg:3284.88ms
step:3470/6200 train_loss:3.7547 train_time:11365669ms step_avg:3284.88ms
step:3471/6200 train_loss:3.4023 train_time:11368947ms step_avg:3284.87ms
step:3472/6200 train_loss:3.5703 train_time:11372227ms step_avg:3284.87ms
step:3473/6200 train_loss:3.3055 train_time:11375509ms step_avg:3284.87ms
step:3474/6200 train_loss:3.3623 train_time:11378790ms step_avg:3284.87ms
step:3475/6200 train_loss:3.2392 train_time:11382072ms step_avg:3284.87ms
step:3476/6200 train_loss:3.5241 train_time:11385351ms step_avg:3284.87ms
step:3477/6200 train_loss:3.4964 train_time:11388631ms step_avg:3284.87ms
step:3478/6200 train_loss:3.6211 train_time:11391910ms step_avg:3284.86ms
step:3479/6200 train_loss:3.5149 train_time:11395190ms step_avg:3284.86ms
step:3480/6200 train_loss:3.3087 train_time:11398474ms step_avg:3284.86ms
step:3481/6200 train_loss:3.1975 train_time:11401754ms step_avg:3284.86ms
step:3482/6200 train_loss:3.6205 train_time:11405035ms step_avg:3284.86ms
step:3483/6200 train_loss:3.5269 train_time:11408314ms step_avg:3284.86ms
step:3484/6200 train_loss:3.4308 train_time:11411596ms step_avg:3284.86ms
step:3485/6200 train_loss:3.2354 train_time:11414879ms step_avg:3284.86ms
step:3486/6200 train_loss:3.5522 train_time:11418156ms step_avg:3284.86ms
step:3487/6200 train_loss:3.4544 train_time:11421440ms step_avg:3284.85ms
step:3488/6200 train_loss:3.4358 train_time:11424719ms step_avg:3284.85ms
step:3489/6200 train_loss:3.4563 train_time:11427999ms step_avg:3284.85ms
step:3490/6200 train_loss:3.3567 train_time:11431277ms step_avg:3284.85ms
step:3491/6200 train_loss:3.4049 train_time:11434559ms step_avg:3284.85ms
step:3492/6200 train_loss:3.5017 train_time:11437841ms step_avg:3284.85ms
step:3493/6200 train_loss:3.2619 train_time:11441119ms step_avg:3284.85ms
step:3494/6200 train_loss:3.3659 train_time:11444400ms step_avg:3284.84ms
step:3495/6200 train_loss:3.7177 train_time:11447676ms step_avg:3284.84ms
step:3496/6200 train_loss:3.3694 train_time:11450956ms step_avg:3284.84ms
step:3497/6200 train_loss:3.5697 train_time:11454237ms step_avg:3284.84ms
step:3498/6200 train_loss:3.6716 train_time:11457526ms step_avg:3284.84ms
step:3499/6200 train_loss:3.4738 train_time:11460810ms step_avg:3284.84ms
step:3500/6200 train_loss:3.4987 train_time:11464094ms step_avg:3284.84ms
step:3500/6200 val_loss:3.4616 train_time:11464107ms step_avg:3284.84ms
step:3501/6200 train_loss:3.3651 train_time:11467375ms step_avg:3284.84ms
step:3502/6200 train_loss:3.4348 train_time:11470655ms step_avg:3284.84ms
step:3503/6200 train_loss:3.8409 train_time:11473939ms step_avg:3284.84ms
step:3504/6200 train_loss:3.2840 train_time:11477219ms step_avg:3284.84ms
step:3505/6200 train_loss:3.4412 train_time:11480499ms step_avg:3284.84ms
step:3506/6200 train_loss:3.5059 train_time:11483778ms step_avg:3284.83ms
step:3507/6200 train_loss:3.3958 train_time:11487058ms step_avg:3284.83ms
step:3508/6200 train_loss:3.5064 train_time:11490337ms step_avg:3284.83ms
step:3509/6200 train_loss:3.5641 train_time:11493627ms step_avg:3284.83ms
step:3510/6200 train_loss:3.1839 train_time:11496907ms step_avg:3284.83ms
step:3511/6200 train_loss:3.4283 train_time:11500193ms step_avg:3284.83ms
step:3512/6200 train_loss:3.4944 train_time:11503476ms step_avg:3284.83ms
step:3513/6200 train_loss:3.3296 train_time:11506758ms step_avg:3284.83ms
step:3514/6200 train_loss:3.3797 train_time:11510042ms step_avg:3284.83ms
step:3515/6200 train_loss:3.5985 train_time:11513324ms step_avg:3284.83ms
step:3516/6200 train_loss:3.4056 train_time:11516606ms step_avg:3284.83ms
step:3517/6200 train_loss:3.3124 train_time:11519885ms step_avg:3284.83ms
step:3518/6200 train_loss:3.3092 train_time:11523165ms step_avg:3284.82ms
step:3519/6200 train_loss:3.6931 train_time:11526443ms step_avg:3284.82ms
step:3520/6200 train_loss:3.4531 train_time:11529724ms step_avg:3284.82ms
step:3521/6200 train_loss:3.2695 train_time:11533007ms step_avg:3284.82ms
step:3522/6200 train_loss:3.5192 train_time:11536290ms step_avg:3284.82ms
step:3523/6200 train_loss:3.3351 train_time:11539571ms step_avg:3284.82ms
step:3524/6200 train_loss:3.5208 train_time:11542852ms step_avg:3284.82ms
step:3525/6200 train_loss:3.5690 train_time:11546132ms step_avg:3284.82ms
step:3526/6200 train_loss:3.4545 train_time:11549414ms step_avg:3284.82ms
step:3527/6200 train_loss:3.6490 train_time:11552699ms step_avg:3284.82ms
step:3528/6200 train_loss:3.4672 train_time:11555980ms step_avg:3284.82ms
step:3529/6200 train_loss:3.6610 train_time:11559262ms step_avg:3284.81ms
step:3530/6200 train_loss:3.3528 train_time:11562546ms step_avg:3284.81ms
step:3531/6200 train_loss:3.3745 train_time:11565833ms step_avg:3284.81ms
step:3532/6200 train_loss:3.5402 train_time:11569115ms step_avg:3284.81ms
step:3533/6200 train_loss:3.4753 train_time:11572401ms step_avg:3284.81ms
step:3534/6200 train_loss:3.5599 train_time:11575682ms step_avg:3284.81ms
step:3535/6200 train_loss:3.4154 train_time:11578966ms step_avg:3284.81ms
step:3536/6200 train_loss:3.2182 train_time:11582250ms step_avg:3284.81ms
step:3537/6200 train_loss:3.3701 train_time:11585530ms step_avg:3284.81ms
step:3538/6200 train_loss:3.4967 train_time:11588814ms step_avg:3284.81ms
step:3539/6200 train_loss:3.5129 train_time:11592096ms step_avg:3284.81ms
step:3540/6200 train_loss:3.7812 train_time:11595378ms step_avg:3284.81ms
step:3541/6200 train_loss:3.3126 train_time:11598663ms step_avg:3284.81ms
step:3542/6200 train_loss:3.3309 train_time:11601944ms step_avg:3284.81ms
step:3543/6200 train_loss:3.4634 train_time:11605230ms step_avg:3284.81ms
step:3544/6200 train_loss:3.2583 train_time:11608511ms step_avg:3284.81ms
step:3545/6200 train_loss:3.5396 train_time:11611794ms step_avg:3284.81ms
step:3546/6200 train_loss:3.6786 train_time:11615077ms step_avg:3284.81ms
step:3547/6200 train_loss:3.4731 train_time:11618355ms step_avg:3284.80ms
step:3548/6200 train_loss:3.4188 train_time:11621634ms step_avg:3284.80ms
step:3549/6200 train_loss:3.4435 train_time:11624914ms step_avg:3284.80ms
step:3550/6200 train_loss:3.2640 train_time:11628196ms step_avg:3284.80ms
step:3551/6200 train_loss:3.3634 train_time:11631480ms step_avg:3284.80ms
step:3552/6200 train_loss:3.3881 train_time:11634765ms step_avg:3284.80ms
step:3553/6200 train_loss:3.5486 train_time:11638053ms step_avg:3284.80ms
step:3554/6200 train_loss:3.2725 train_time:11641335ms step_avg:3284.80ms
step:3555/6200 train_loss:3.6670 train_time:11644620ms step_avg:3284.80ms
step:3556/6200 train_loss:3.3574 train_time:11647905ms step_avg:3284.80ms
step:3557/6200 train_loss:3.6554 train_time:11651192ms step_avg:3284.80ms
step:3558/6200 train_loss:3.7432 train_time:11654476ms step_avg:3284.80ms
step:3559/6200 train_loss:3.2638 train_time:11657766ms step_avg:3284.80ms
step:3560/6200 train_loss:3.5703 train_time:11661049ms step_avg:3284.80ms
step:3561/6200 train_loss:3.3646 train_time:11664333ms step_avg:3284.80ms
step:3562/6200 train_loss:3.4138 train_time:11667619ms step_avg:3284.80ms
step:3563/6200 train_loss:3.1543 train_time:11670905ms step_avg:3284.80ms
step:3564/6200 train_loss:3.3185 train_time:11674188ms step_avg:3284.80ms
step:3565/6200 train_loss:3.9590 train_time:11677475ms step_avg:3284.80ms
step:3566/6200 train_loss:3.5139 train_time:11680756ms step_avg:3284.80ms
step:3567/6200 train_loss:3.3843 train_time:11684035ms step_avg:3284.80ms
step:3568/6200 train_loss:3.4172 train_time:11687316ms step_avg:3284.80ms
step:3569/6200 train_loss:3.3512 train_time:11690598ms step_avg:3284.80ms
step:3570/6200 train_loss:3.7551 train_time:11693885ms step_avg:3284.80ms
step:3571/6200 train_loss:3.4273 train_time:11697170ms step_avg:3284.80ms
step:3572/6200 train_loss:3.3108 train_time:11700459ms step_avg:3284.80ms
step:3573/6200 train_loss:3.6318 train_time:11703747ms step_avg:3284.80ms
step:3574/6200 train_loss:3.2777 train_time:11707031ms step_avg:3284.80ms
step:3575/6200 train_loss:3.3822 train_time:11710317ms step_avg:3284.80ms
step:3576/6200 train_loss:3.5656 train_time:11713601ms step_avg:3284.80ms
step:3577/6200 train_loss:3.5294 train_time:11716886ms step_avg:3284.80ms
step:3578/6200 train_loss:3.4110 train_time:11720176ms step_avg:3284.80ms
step:3579/6200 train_loss:3.5004 train_time:11723464ms step_avg:3284.80ms
step:3580/6200 train_loss:3.3812 train_time:11726746ms step_avg:3284.80ms
step:3581/6200 train_loss:3.4090 train_time:11730034ms step_avg:3284.80ms
step:3582/6200 train_loss:3.4852 train_time:11733316ms step_avg:3284.80ms
step:3583/6200 train_loss:3.4921 train_time:11736600ms step_avg:3284.80ms
step:3584/6200 train_loss:3.4915 train_time:11739881ms step_avg:3284.80ms
step:3585/6200 train_loss:3.4446 train_time:11743167ms step_avg:3284.80ms
step:3586/6200 train_loss:3.4158 train_time:11746453ms step_avg:3284.80ms
step:3587/6200 train_loss:3.5518 train_time:11749741ms step_avg:3284.80ms
step:3588/6200 train_loss:3.3594 train_time:11753025ms step_avg:3284.80ms
step:3589/6200 train_loss:3.5020 train_time:11756305ms step_avg:3284.80ms
step:3590/6200 train_loss:3.5179 train_time:11759587ms step_avg:3284.80ms
step:3591/6200 train_loss:3.4196 train_time:11762868ms step_avg:3284.80ms
step:3592/6200 train_loss:3.5043 train_time:11766153ms step_avg:3284.80ms
step:3593/6200 train_loss:3.4577 train_time:11769436ms step_avg:3284.80ms
step:3594/6200 train_loss:3.3984 train_time:11772721ms step_avg:3284.80ms
step:3595/6200 train_loss:3.5003 train_time:11776003ms step_avg:3284.80ms
step:3596/6200 train_loss:3.5785 train_time:11779282ms step_avg:3284.80ms
step:3597/6200 train_loss:3.4270 train_time:11782567ms step_avg:3284.80ms
step:3598/6200 train_loss:3.7636 train_time:11785852ms step_avg:3284.80ms
step:3599/6200 train_loss:3.0651 train_time:11789134ms step_avg:3284.80ms
step:3600/6200 train_loss:3.5009 train_time:11792419ms step_avg:3284.80ms
step:3601/6200 train_loss:3.5460 train_time:11795703ms step_avg:3284.80ms
step:3602/6200 train_loss:3.3783 train_time:11798988ms step_avg:3284.80ms
step:3603/6200 train_loss:3.5023 train_time:11802273ms step_avg:3284.80ms
step:3604/6200 train_loss:3.3458 train_time:11805559ms step_avg:3284.80ms
step:3605/6200 train_loss:3.4186 train_time:11808843ms step_avg:3284.80ms
step:3606/6200 train_loss:3.7232 train_time:11812126ms step_avg:3284.80ms
step:3607/6200 train_loss:3.4182 train_time:11815408ms step_avg:3284.80ms
step:3608/6200 train_loss:3.4104 train_time:11818692ms step_avg:3284.79ms
step:3609/6200 train_loss:3.3697 train_time:11821976ms step_avg:3284.79ms
step:3610/6200 train_loss:3.4215 train_time:11825260ms step_avg:3284.79ms
step:3611/6200 train_loss:3.3822 train_time:11828543ms step_avg:3284.79ms
step:3612/6200 train_loss:3.3371 train_time:11831828ms step_avg:3284.79ms
step:3613/6200 train_loss:3.2024 train_time:11835112ms step_avg:3284.79ms
step:3614/6200 train_loss:3.5952 train_time:11838397ms step_avg:3284.79ms
step:3615/6200 train_loss:3.3051 train_time:11841679ms step_avg:3284.79ms
step:3616/6200 train_loss:3.4988 train_time:11844961ms step_avg:3284.79ms
step:3617/6200 train_loss:3.6936 train_time:11848248ms step_avg:3284.79ms
step:3618/6200 train_loss:3.4503 train_time:11851533ms step_avg:3284.79ms
step:3619/6200 train_loss:4.1610 train_time:11854818ms step_avg:3284.79ms
step:3620/6200 train_loss:3.4401 train_time:11858106ms step_avg:3284.79ms
step:3621/6200 train_loss:3.3930 train_time:11861393ms step_avg:3284.79ms
step:3622/6200 train_loss:3.3944 train_time:11864745ms step_avg:3284.81ms
step:3623/6200 train_loss:3.1864 train_time:11868030ms step_avg:3284.81ms
step:3624/6200 train_loss:3.3959 train_time:11871314ms step_avg:3284.81ms
step:3625/6200 train_loss:3.4369 train_time:11874601ms step_avg:3284.81ms
step:3625/6200 val_loss:3.4571 train_time:11874614ms step_avg:3284.82ms
step:3626/6200 train_loss:3.3437 train_time:11877884ms step_avg:3284.81ms
step:3627/6200 train_loss:3.4390 train_time:11881164ms step_avg:3284.81ms
step:3628/6200 train_loss:3.4800 train_time:11884446ms step_avg:3284.81ms
step:3629/6200 train_loss:3.5213 train_time:11887727ms step_avg:3284.81ms
step:3630/6200 train_loss:3.8441 train_time:11891006ms step_avg:3284.81ms
step:3631/6200 train_loss:3.4037 train_time:11894283ms step_avg:3284.81ms
step:3632/6200 train_loss:3.4867 train_time:11897559ms step_avg:3284.80ms
step:3633/6200 train_loss:3.3817 train_time:11900833ms step_avg:3284.80ms
step:3634/6200 train_loss:3.4819 train_time:11904112ms step_avg:3284.80ms
step:3635/6200 train_loss:3.4224 train_time:11907391ms step_avg:3284.80ms
step:3636/6200 train_loss:3.1699 train_time:11910670ms step_avg:3284.80ms
step:3637/6200 train_loss:3.3956 train_time:11913948ms step_avg:3284.79ms
step:3638/6200 train_loss:3.6093 train_time:11917224ms step_avg:3284.79ms
step:3639/6200 train_loss:3.4113 train_time:11920500ms step_avg:3284.79ms
step:3640/6200 train_loss:3.3421 train_time:11923775ms step_avg:3284.79ms
step:3641/6200 train_loss:3.3435 train_time:11927051ms step_avg:3284.78ms
step:3642/6200 train_loss:3.4703 train_time:11930331ms step_avg:3284.78ms
step:3643/6200 train_loss:3.3021 train_time:11933612ms step_avg:3284.78ms
step:3644/6200 train_loss:3.4911 train_time:11936895ms step_avg:3284.78ms
step:3645/6200 train_loss:3.2156 train_time:11940177ms step_avg:3284.78ms
step:3646/6200 train_loss:3.6105 train_time:11943455ms step_avg:3284.78ms
step:3647/6200 train_loss:3.5379 train_time:11946737ms step_avg:3284.78ms
step:3648/6200 train_loss:3.3568 train_time:11950014ms step_avg:3284.78ms
step:3649/6200 train_loss:3.3768 train_time:11953292ms step_avg:3284.77ms
step:3650/6200 train_loss:3.3611 train_time:11956575ms step_avg:3284.77ms
step:3651/6200 train_loss:3.4509 train_time:11959858ms step_avg:3284.77ms
step:3652/6200 train_loss:3.4062 train_time:11963139ms step_avg:3284.77ms
step:3653/6200 train_loss:3.4894 train_time:11966415ms step_avg:3284.77ms
step:3654/6200 train_loss:3.9142 train_time:11969695ms step_avg:3284.77ms
step:3655/6200 train_loss:3.2677 train_time:11972976ms step_avg:3284.77ms
step:3656/6200 train_loss:3.3628 train_time:11976260ms step_avg:3284.77ms
step:3657/6200 train_loss:3.3461 train_time:11979541ms step_avg:3284.77ms
step:3658/6200 train_loss:3.5819 train_time:11982821ms step_avg:3284.76ms
step:3659/6200 train_loss:3.3769 train_time:11986105ms step_avg:3284.76ms
step:3660/6200 train_loss:3.5071 train_time:11989389ms step_avg:3284.76ms
step:3661/6200 train_loss:3.3029 train_time:11992668ms step_avg:3284.76ms
step:3662/6200 train_loss:3.5682 train_time:11995950ms step_avg:3284.76ms
step:3663/6200 train_loss:3.4035 train_time:11999234ms step_avg:3284.76ms
step:3664/6200 train_loss:3.4979 train_time:12002515ms step_avg:3284.76ms
step:3665/6200 train_loss:3.4048 train_time:12005799ms step_avg:3284.76ms
step:3666/6200 train_loss:3.6030 train_time:12009079ms step_avg:3284.76ms
step:3667/6200 train_loss:3.3415 train_time:12012363ms step_avg:3284.76ms
step:3668/6200 train_loss:3.3491 train_time:12015643ms step_avg:3284.76ms
step:3669/6200 train_loss:3.5115 train_time:12018930ms step_avg:3284.76ms
step:3670/6200 train_loss:3.5096 train_time:12022212ms step_avg:3284.76ms
step:3671/6200 train_loss:3.3481 train_time:12025493ms step_avg:3284.76ms
step:3672/6200 train_loss:3.3970 train_time:12028776ms step_avg:3284.76ms
step:3673/6200 train_loss:3.4032 train_time:12032055ms step_avg:3284.75ms
step:3674/6200 train_loss:3.4668 train_time:12035336ms step_avg:3284.75ms
step:3675/6200 train_loss:3.3387 train_time:12038616ms step_avg:3284.75ms
step:3676/6200 train_loss:3.4057 train_time:12041899ms step_avg:3284.75ms
step:3677/6200 train_loss:3.3389 train_time:12045179ms step_avg:3284.75ms
step:3678/6200 train_loss:3.4449 train_time:12048460ms step_avg:3284.75ms
step:3679/6200 train_loss:3.6543 train_time:12051748ms step_avg:3284.75ms
step:3680/6200 train_loss:3.4125 train_time:12055030ms step_avg:3284.75ms
step:3681/6200 train_loss:3.3703 train_time:12058312ms step_avg:3284.75ms
step:3682/6200 train_loss:3.2890 train_time:12061590ms step_avg:3284.75ms
step:3683/6200 train_loss:3.4320 train_time:12064869ms step_avg:3284.75ms
step:3684/6200 train_loss:3.5870 train_time:12068149ms step_avg:3284.74ms
step:3685/6200 train_loss:3.6678 train_time:12071433ms step_avg:3284.74ms
step:3686/6200 train_loss:3.5198 train_time:12074715ms step_avg:3284.74ms
step:3687/6200 train_loss:3.3658 train_time:12078001ms step_avg:3284.74ms
step:3688/6200 train_loss:3.2097 train_time:12081286ms step_avg:3284.74ms
step:3689/6200 train_loss:3.4131 train_time:12084569ms step_avg:3284.74ms
step:3690/6200 train_loss:3.5297 train_time:12087850ms step_avg:3284.74ms
step:3691/6200 train_loss:3.4222 train_time:12091132ms step_avg:3284.74ms
step:3692/6200 train_loss:3.5571 train_time:12094415ms step_avg:3284.74ms
step:3693/6200 train_loss:3.7823 train_time:12097696ms step_avg:3284.74ms
step:3694/6200 train_loss:3.4387 train_time:12100980ms step_avg:3284.74ms
step:3695/6200 train_loss:3.6899 train_time:12104264ms step_avg:3284.74ms
step:3696/6200 train_loss:3.4867 train_time:12107548ms step_avg:3284.74ms
step:3697/6200 train_loss:3.4289 train_time:12110832ms step_avg:3284.74ms
step:3698/6200 train_loss:3.5229 train_time:12114116ms step_avg:3284.74ms
step:3699/6200 train_loss:3.4778 train_time:12117402ms step_avg:3284.74ms
step:3700/6200 train_loss:3.5521 train_time:12120687ms step_avg:3284.74ms
step:3701/6200 train_loss:3.4160 train_time:12123968ms step_avg:3284.74ms
step:3702/6200 train_loss:3.5430 train_time:12127253ms step_avg:3284.74ms
step:3703/6200 train_loss:3.4724 train_time:12130538ms step_avg:3284.74ms
step:3704/6200 train_loss:3.5031 train_time:12133823ms step_avg:3284.74ms
step:3705/6200 train_loss:3.2531 train_time:12137101ms step_avg:3284.74ms
step:3706/6200 train_loss:3.6880 train_time:12140387ms step_avg:3284.74ms
step:3707/6200 train_loss:3.4321 train_time:12143669ms step_avg:3284.74ms
step:3708/6200 train_loss:3.4538 train_time:12146954ms step_avg:3284.74ms
step:3709/6200 train_loss:3.3332 train_time:12150237ms step_avg:3284.74ms
step:3710/6200 train_loss:3.4036 train_time:12153524ms step_avg:3284.74ms
step:3711/6200 train_loss:3.5090 train_time:12156803ms step_avg:3284.73ms
step:3712/6200 train_loss:3.3457 train_time:12160087ms step_avg:3284.73ms
step:3713/6200 train_loss:3.3082 train_time:12163373ms step_avg:3284.73ms
step:3714/6200 train_loss:3.4728 train_time:12166659ms step_avg:3284.74ms
step:3715/6200 train_loss:3.3487 train_time:12169941ms step_avg:3284.73ms
step:3716/6200 train_loss:3.2188 train_time:12173226ms step_avg:3284.73ms
step:3717/6200 train_loss:3.3030 train_time:12176515ms step_avg:3284.74ms
step:3718/6200 train_loss:3.4370 train_time:12179797ms step_avg:3284.73ms
step:3719/6200 train_loss:3.3789 train_time:12183080ms step_avg:3284.73ms
step:3720/6200 train_loss:3.3073 train_time:12186367ms step_avg:3284.74ms
step:3721/6200 train_loss:3.5804 train_time:12189652ms step_avg:3284.74ms
step:3722/6200 train_loss:3.5034 train_time:12192936ms step_avg:3284.73ms
step:3723/6200 train_loss:3.7528 train_time:12196220ms step_avg:3284.73ms
step:3724/6200 train_loss:3.3719 train_time:12199508ms step_avg:3284.74ms
step:3725/6200 train_loss:3.3833 train_time:12202794ms step_avg:3284.74ms
step:3726/6200 train_loss:3.3457 train_time:12206077ms step_avg:3284.74ms
step:3727/6200 train_loss:3.7513 train_time:12209362ms step_avg:3284.74ms
step:3728/6200 train_loss:3.3811 train_time:12212643ms step_avg:3284.73ms
step:3729/6200 train_loss:3.3902 train_time:12215927ms step_avg:3284.73ms
step:3730/6200 train_loss:3.6076 train_time:12219215ms step_avg:3284.74ms
step:3731/6200 train_loss:3.6379 train_time:12222500ms step_avg:3284.74ms
step:3732/6200 train_loss:3.4141 train_time:12225786ms step_avg:3284.74ms
step:3733/6200 train_loss:3.3386 train_time:12229069ms step_avg:3284.74ms
step:3734/6200 train_loss:3.2250 train_time:12232352ms step_avg:3284.73ms
step:3735/6200 train_loss:3.4422 train_time:12235639ms step_avg:3284.74ms
step:3736/6200 train_loss:3.3509 train_time:12238927ms step_avg:3284.74ms
step:3737/6200 train_loss:3.3643 train_time:12242212ms step_avg:3284.74ms
step:3738/6200 train_loss:3.4292 train_time:12245495ms step_avg:3284.74ms
step:3739/6200 train_loss:3.2775 train_time:12248781ms step_avg:3284.74ms
step:3740/6200 train_loss:3.5562 train_time:12252064ms step_avg:3284.74ms
step:3741/6200 train_loss:3.4748 train_time:12255348ms step_avg:3284.74ms
step:3742/6200 train_loss:3.2401 train_time:12258632ms step_avg:3284.74ms
step:3743/6200 train_loss:3.4785 train_time:12261922ms step_avg:3284.74ms
step:3744/6200 train_loss:3.3196 train_time:12265209ms step_avg:3284.74ms
step:3745/6200 train_loss:3.0772 train_time:12268493ms step_avg:3284.74ms
step:3746/6200 train_loss:3.4649 train_time:12271778ms step_avg:3284.74ms
step:3747/6200 train_loss:3.4557 train_time:12275063ms step_avg:3284.74ms
step:3748/6200 train_loss:3.3939 train_time:12278350ms step_avg:3284.74ms
step:3749/6200 train_loss:3.4004 train_time:12281633ms step_avg:3284.74ms
step:3750/6200 train_loss:3.8280 train_time:12284919ms step_avg:3284.74ms
step:3750/6200 val_loss:3.4516 train_time:12284931ms step_avg:3284.74ms
step:3751/6200 train_loss:3.3991 train_time:12288202ms step_avg:3284.74ms
step:3752/6200 train_loss:3.5085 train_time:12291477ms step_avg:3284.73ms
step:3753/6200 train_loss:3.4862 train_time:12294752ms step_avg:3284.73ms
step:3754/6200 train_loss:3.5912 train_time:12298023ms step_avg:3284.73ms
step:3755/6200 train_loss:3.5168 train_time:12301297ms step_avg:3284.73ms
step:3756/6200 train_loss:3.2586 train_time:12304572ms step_avg:3284.72ms
step:3757/6200 train_loss:3.4330 train_time:12307852ms step_avg:3284.72ms
step:3758/6200 train_loss:3.4800 train_time:12311129ms step_avg:3284.72ms
step:3759/6200 train_loss:3.3790 train_time:12314405ms step_avg:3284.72ms
step:3760/6200 train_loss:3.5332 train_time:12317686ms step_avg:3284.72ms
step:3761/6200 train_loss:3.2268 train_time:12320969ms step_avg:3284.72ms
step:3762/6200 train_loss:3.4390 train_time:12324249ms step_avg:3284.71ms
step:3763/6200 train_loss:3.3713 train_time:12327528ms step_avg:3284.71ms
step:3764/6200 train_loss:3.3133 train_time:12330814ms step_avg:3284.71ms
step:3765/6200 train_loss:3.5042 train_time:12334093ms step_avg:3284.71ms
step:3766/6200 train_loss:3.1566 train_time:12337368ms step_avg:3284.71ms
step:3767/6200 train_loss:3.3830 train_time:12340650ms step_avg:3284.71ms
step:3768/6200 train_loss:3.4359 train_time:12343928ms step_avg:3284.71ms
step:3769/6200 train_loss:3.3190 train_time:12347209ms step_avg:3284.71ms
step:3770/6200 train_loss:3.3355 train_time:12350488ms step_avg:3284.70ms
step:3771/6200 train_loss:3.3986 train_time:12353768ms step_avg:3284.70ms
step:3772/6200 train_loss:3.2649 train_time:12357045ms step_avg:3284.70ms
step:3773/6200 train_loss:3.3821 train_time:12360325ms step_avg:3284.70ms
step:3774/6200 train_loss:3.4844 train_time:12363605ms step_avg:3284.70ms
step:3775/6200 train_loss:3.4955 train_time:12366881ms step_avg:3284.70ms
step:3776/6200 train_loss:3.5741 train_time:12370158ms step_avg:3284.69ms
step:3777/6200 train_loss:3.4267 train_time:12373434ms step_avg:3284.69ms
step:3778/6200 train_loss:3.3345 train_time:12376716ms step_avg:3284.69ms
step:3779/6200 train_loss:3.5093 train_time:12379996ms step_avg:3284.69ms
step:3780/6200 train_loss:3.3480 train_time:12383274ms step_avg:3284.69ms
step:3781/6200 train_loss:3.6408 train_time:12386553ms step_avg:3284.69ms
step:3782/6200 train_loss:3.7694 train_time:12389833ms step_avg:3284.69ms
step:3783/6200 train_loss:3.4506 train_time:12393115ms step_avg:3284.68ms
step:3784/6200 train_loss:3.7349 train_time:12396393ms step_avg:3284.68ms
step:3785/6200 train_loss:3.2335 train_time:12399675ms step_avg:3284.68ms
step:3786/6200 train_loss:3.4375 train_time:12402956ms step_avg:3284.68ms
step:3787/6200 train_loss:3.5053 train_time:12406237ms step_avg:3284.68ms
step:3788/6200 train_loss:3.9483 train_time:12409521ms step_avg:3284.68ms
step:3789/6200 train_loss:3.4788 train_time:12412797ms step_avg:3284.68ms
step:3790/6200 train_loss:3.3082 train_time:12416072ms step_avg:3284.68ms
step:3791/6200 train_loss:3.5322 train_time:12419351ms step_avg:3284.67ms
step:3792/6200 train_loss:3.4422 train_time:12422636ms step_avg:3284.67ms
step:3793/6200 train_loss:3.3361 train_time:12425916ms step_avg:3284.67ms
step:3794/6200 train_loss:3.2439 train_time:12429197ms step_avg:3284.67ms
step:3795/6200 train_loss:3.4376 train_time:12432480ms step_avg:3284.67ms
step:3796/6200 train_loss:3.4190 train_time:12435761ms step_avg:3284.67ms
step:3797/6200 train_loss:3.4097 train_time:12439042ms step_avg:3284.67ms
step:3798/6200 train_loss:3.3880 train_time:12442322ms step_avg:3284.67ms
step:3799/6200 train_loss:3.3700 train_time:12445604ms step_avg:3284.67ms
step:3800/6200 train_loss:3.2406 train_time:12448887ms step_avg:3284.67ms
step:3801/6200 train_loss:3.2428 train_time:12452168ms step_avg:3284.67ms
step:3802/6200 train_loss:3.5683 train_time:12455451ms step_avg:3284.67ms
step:3803/6200 train_loss:3.2904 train_time:12458735ms step_avg:3284.67ms
step:3804/6200 train_loss:3.3814 train_time:12462018ms step_avg:3284.66ms
step:3805/6200 train_loss:3.3213 train_time:12465303ms step_avg:3284.66ms
step:3806/6200 train_loss:3.8621 train_time:12468587ms step_avg:3284.66ms
step:3807/6200 train_loss:3.4854 train_time:12471868ms step_avg:3284.66ms
step:3808/6200 train_loss:3.3500 train_time:12475153ms step_avg:3284.66ms
step:3809/6200 train_loss:3.4404 train_time:12478433ms step_avg:3284.66ms
step:3810/6200 train_loss:3.3969 train_time:12481711ms step_avg:3284.66ms
step:3811/6200 train_loss:3.3018 train_time:12485000ms step_avg:3284.66ms
step:3812/6200 train_loss:3.2997 train_time:12488283ms step_avg:3284.66ms
step:3813/6200 train_loss:3.3462 train_time:12491616ms step_avg:3284.67ms
step:3814/6200 train_loss:3.5738 train_time:12494897ms step_avg:3284.67ms
step:3815/6200 train_loss:3.5559 train_time:12498178ms step_avg:3284.67ms
step:3816/6200 train_loss:3.4001 train_time:12501463ms step_avg:3284.67ms
step:3817/6200 train_loss:3.2666 train_time:12504744ms step_avg:3284.67ms
step:3818/6200 train_loss:3.4419 train_time:12508027ms step_avg:3284.67ms
step:3819/6200 train_loss:3.4120 train_time:12511307ms step_avg:3284.67ms
step:3820/6200 train_loss:3.3961 train_time:12514590ms step_avg:3284.67ms
step:3821/6200 train_loss:3.5395 train_time:12517874ms step_avg:3284.67ms
step:3822/6200 train_loss:3.2829 train_time:12521158ms step_avg:3284.67ms
step:3823/6200 train_loss:3.4445 train_time:12524442ms step_avg:3284.67ms
step:3824/6200 train_loss:3.2235 train_time:12527727ms step_avg:3284.67ms
step:3825/6200 train_loss:3.4728 train_time:12531010ms step_avg:3284.67ms
step:3826/6200 train_loss:3.8962 train_time:12534295ms step_avg:3284.67ms
step:3827/6200 train_loss:3.3686 train_time:12537586ms step_avg:3284.67ms
step:3828/6200 train_loss:3.4744 train_time:12540872ms step_avg:3284.67ms
step:3829/6200 train_loss:3.3869 train_time:12544160ms step_avg:3284.67ms
step:3830/6200 train_loss:3.5860 train_time:12547444ms step_avg:3284.67ms
step:3831/6200 train_loss:3.4020 train_time:12550731ms step_avg:3284.67ms
step:3832/6200 train_loss:3.2694 train_time:12554020ms step_avg:3284.67ms
step:3833/6200 train_loss:3.3859 train_time:12557310ms step_avg:3284.67ms
step:3834/6200 train_loss:3.4540 train_time:12560598ms step_avg:3284.68ms
step:3835/6200 train_loss:3.3346 train_time:12563884ms step_avg:3284.68ms
step:3836/6200 train_loss:3.4325 train_time:12567170ms step_avg:3284.68ms
step:3837/6200 train_loss:3.4356 train_time:12570454ms step_avg:3284.68ms
step:3838/6200 train_loss:3.4525 train_time:12573741ms step_avg:3284.68ms
step:3839/6200 train_loss:3.5207 train_time:12577026ms step_avg:3284.68ms
step:3840/6200 train_loss:3.3752 train_time:12580307ms step_avg:3284.68ms
step:3841/6200 train_loss:3.5110 train_time:12583594ms step_avg:3284.68ms
step:3842/6200 train_loss:3.3794 train_time:12586878ms step_avg:3284.68ms
step:3843/6200 train_loss:3.7718 train_time:12590164ms step_avg:3284.68ms
step:3844/6200 train_loss:3.5620 train_time:12593447ms step_avg:3284.68ms
step:3845/6200 train_loss:3.3939 train_time:12596737ms step_avg:3284.68ms
step:3846/6200 train_loss:3.3853 train_time:12600022ms step_avg:3284.68ms
step:3847/6200 train_loss:3.4783 train_time:12603309ms step_avg:3284.68ms
step:3848/6200 train_loss:3.9084 train_time:12606594ms step_avg:3284.68ms
step:3849/6200 train_loss:3.4966 train_time:12609883ms step_avg:3284.68ms
step:3850/6200 train_loss:3.7295 train_time:12613170ms step_avg:3284.68ms
step:3851/6200 train_loss:3.6276 train_time:12616458ms step_avg:3284.68ms
step:3852/6200 train_loss:3.5147 train_time:12619747ms step_avg:3284.68ms
step:3853/6200 train_loss:3.7392 train_time:12623034ms step_avg:3284.68ms
step:3854/6200 train_loss:3.3599 train_time:12626319ms step_avg:3284.68ms
step:3855/6200 train_loss:3.4141 train_time:12629607ms step_avg:3284.68ms
step:3856/6200 train_loss:3.3895 train_time:12632894ms step_avg:3284.68ms
step:3857/6200 train_loss:3.2235 train_time:12636182ms step_avg:3284.68ms
step:3858/6200 train_loss:3.4043 train_time:12639476ms step_avg:3284.69ms
step:3859/6200 train_loss:3.2398 train_time:12642757ms step_avg:3284.69ms
step:3860/6200 train_loss:3.4466 train_time:12646047ms step_avg:3284.69ms
step:3861/6200 train_loss:4.1161 train_time:12649337ms step_avg:3284.69ms
step:3862/6200 train_loss:3.3552 train_time:12652625ms step_avg:3284.69ms
step:3863/6200 train_loss:3.4572 train_time:12655912ms step_avg:3284.69ms
step:3864/6200 train_loss:3.3909 train_time:12659196ms step_avg:3284.69ms
step:3865/6200 train_loss:3.3960 train_time:12662479ms step_avg:3284.69ms
step:3866/6200 train_loss:3.5372 train_time:12665771ms step_avg:3284.69ms
step:3867/6200 train_loss:3.4588 train_time:12669061ms step_avg:3284.69ms
step:3868/6200 train_loss:3.3433 train_time:12672349ms step_avg:3284.69ms
step:3869/6200 train_loss:3.3792 train_time:12675635ms step_avg:3284.69ms
step:3870/6200 train_loss:3.4440 train_time:12678923ms step_avg:3284.70ms
step:3871/6200 train_loss:3.3913 train_time:12682216ms step_avg:3284.70ms
step:3872/6200 train_loss:3.6166 train_time:12685504ms step_avg:3284.70ms
step:3873/6200 train_loss:3.4788 train_time:12688790ms step_avg:3284.70ms
step:3874/6200 train_loss:3.3977 train_time:12692076ms step_avg:3284.70ms
step:3875/6200 train_loss:3.3793 train_time:12695365ms step_avg:3284.70ms
step:3875/6200 val_loss:3.4548 train_time:12695378ms step_avg:3284.70ms
step:3876/6200 train_loss:3.4298 train_time:12698650ms step_avg:3284.70ms
step:3877/6200 train_loss:3.3984 train_time:12701930ms step_avg:3284.70ms
step:3878/6200 train_loss:3.3932 train_time:12705204ms step_avg:3284.70ms
step:3879/6200 train_loss:3.3611 train_time:12708484ms step_avg:3284.69ms
step:3880/6200 train_loss:3.4322 train_time:12711759ms step_avg:3284.69ms
step:3881/6200 train_loss:3.3625 train_time:12715037ms step_avg:3284.69ms
step:3882/6200 train_loss:3.4561 train_time:12718320ms step_avg:3284.69ms
step:3883/6200 train_loss:3.7404 train_time:12721598ms step_avg:3284.69ms
step:3884/6200 train_loss:3.5417 train_time:12724875ms step_avg:3284.69ms
step:3885/6200 train_loss:3.3739 train_time:12728152ms step_avg:3284.68ms
step:3886/6200 train_loss:3.4513 train_time:12731434ms step_avg:3284.68ms
step:3887/6200 train_loss:3.3492 train_time:12734714ms step_avg:3284.68ms
step:3888/6200 train_loss:3.3615 train_time:12737994ms step_avg:3284.68ms
step:3889/6200 train_loss:3.4444 train_time:12741273ms step_avg:3284.68ms
step:3890/6200 train_loss:3.3048 train_time:12744553ms step_avg:3284.68ms
step:3891/6200 train_loss:3.4853 train_time:12747835ms step_avg:3284.68ms
step:3892/6200 train_loss:3.3595 train_time:12751120ms step_avg:3284.68ms
step:3893/6200 train_loss:3.3177 train_time:12754398ms step_avg:3284.68ms
step:3894/6200 train_loss:3.3365 train_time:12757677ms step_avg:3284.67ms
step:3895/6200 train_loss:3.4895 train_time:12760955ms step_avg:3284.67ms
step:3896/6200 train_loss:3.4266 train_time:12764236ms step_avg:3284.67ms
step:3897/6200 train_loss:3.2104 train_time:12767522ms step_avg:3284.67ms
step:3898/6200 train_loss:3.4061 train_time:12770801ms step_avg:3284.67ms
step:3899/6200 train_loss:3.4343 train_time:12774081ms step_avg:3284.67ms
step:3900/6200 train_loss:3.5940 train_time:12777356ms step_avg:3284.67ms
step:3901/6200 train_loss:3.4422 train_time:12780639ms step_avg:3284.67ms
step:3902/6200 train_loss:3.9948 train_time:12783919ms step_avg:3284.67ms
step:3903/6200 train_loss:3.4000 train_time:12787196ms step_avg:3284.66ms
step:3904/6200 train_loss:3.2573 train_time:12790473ms step_avg:3284.66ms
step:3905/6200 train_loss:3.2928 train_time:12793757ms step_avg:3284.66ms
step:3906/6200 train_loss:3.4720 train_time:12797035ms step_avg:3284.66ms
step:3907/6200 train_loss:3.3959 train_time:12800316ms step_avg:3284.66ms
step:3908/6200 train_loss:3.4426 train_time:12803597ms step_avg:3284.66ms
step:3909/6200 train_loss:3.3965 train_time:12806878ms step_avg:3284.66ms
step:3910/6200 train_loss:3.2733 train_time:12810159ms step_avg:3284.66ms
step:3911/6200 train_loss:3.3056 train_time:12813443ms step_avg:3284.66ms
step:3912/6200 train_loss:3.4285 train_time:12816727ms step_avg:3284.66ms
step:3913/6200 train_loss:3.2189 train_time:12820008ms step_avg:3284.65ms
step:3914/6200 train_loss:3.1320 train_time:12823291ms step_avg:3284.65ms
step:3915/6200 train_loss:3.4896 train_time:12826578ms step_avg:3284.66ms
step:3916/6200 train_loss:3.6878 train_time:12829860ms step_avg:3284.65ms
step:3917/6200 train_loss:3.3135 train_time:12833145ms step_avg:3284.65ms
step:3918/6200 train_loss:3.3764 train_time:12836431ms step_avg:3284.65ms
step:3919/6200 train_loss:3.4914 train_time:12839712ms step_avg:3284.65ms
step:3920/6200 train_loss:3.3848 train_time:12842992ms step_avg:3284.65ms
step:3921/6200 train_loss:3.5341 train_time:12846278ms step_avg:3284.65ms
step:3922/6200 train_loss:3.5362 train_time:12849561ms step_avg:3284.65ms
step:3923/6200 train_loss:3.4359 train_time:12852842ms step_avg:3284.65ms
step:3924/6200 train_loss:3.4783 train_time:12856123ms step_avg:3284.65ms
step:3925/6200 train_loss:3.4499 train_time:12859404ms step_avg:3284.65ms
step:3926/6200 train_loss:3.4625 train_time:12862687ms step_avg:3284.65ms
step:3927/6200 train_loss:3.5734 train_time:12865970ms step_avg:3284.65ms
step:3928/6200 train_loss:3.3576 train_time:12869251ms step_avg:3284.65ms
step:3929/6200 train_loss:3.2930 train_time:12872534ms step_avg:3284.65ms
step:3930/6200 train_loss:3.4504 train_time:12875815ms step_avg:3284.65ms
step:3931/6200 train_loss:3.2140 train_time:12879101ms step_avg:3284.65ms
step:3932/6200 train_loss:3.3951 train_time:12882387ms step_avg:3284.65ms
step:3933/6200 train_loss:3.5509 train_time:12885669ms step_avg:3284.65ms
step:3934/6200 train_loss:3.5125 train_time:12888954ms step_avg:3284.65ms
step:3935/6200 train_loss:3.3184 train_time:12892237ms step_avg:3284.65ms
step:3936/6200 train_loss:3.4830 train_time:12895519ms step_avg:3284.65ms
step:3937/6200 train_loss:3.2113 train_time:12898804ms step_avg:3284.65ms
step:3938/6200 train_loss:3.4546 train_time:12902088ms step_avg:3284.65ms
step:3939/6200 train_loss:3.3626 train_time:12905372ms step_avg:3284.65ms
step:3940/6200 train_loss:3.4762 train_time:12908657ms step_avg:3284.65ms
step:3941/6200 train_loss:3.3424 train_time:12911937ms step_avg:3284.64ms
step:3942/6200 train_loss:2.9854 train_time:12915221ms step_avg:3284.64ms
step:3943/6200 train_loss:3.2675 train_time:12918499ms step_avg:3284.64ms
step:3944/6200 train_loss:3.6402 train_time:12921782ms step_avg:3284.64ms
step:3945/6200 train_loss:3.3519 train_time:12925068ms step_avg:3284.64ms
step:3946/6200 train_loss:3.2593 train_time:12928353ms step_avg:3284.64ms
step:3947/6200 train_loss:3.4344 train_time:12931639ms step_avg:3284.64ms
step:3948/6200 train_loss:3.4353 train_time:12934924ms step_avg:3284.64ms
step:3949/6200 train_loss:3.3942 train_time:12938209ms step_avg:3284.64ms
step:3950/6200 train_loss:3.4707 train_time:12941492ms step_avg:3284.64ms
step:3951/6200 train_loss:3.3442 train_time:12944779ms step_avg:3284.64ms
step:3952/6200 train_loss:3.3405 train_time:12948068ms step_avg:3284.64ms
step:3953/6200 train_loss:3.2501 train_time:12951353ms step_avg:3284.64ms
step:3954/6200 train_loss:4.3651 train_time:12954637ms step_avg:3284.64ms
step:3955/6200 train_loss:3.2991 train_time:12957919ms step_avg:3284.64ms
step:3956/6200 train_loss:3.3687 train_time:12961205ms step_avg:3284.64ms
step:3957/6200 train_loss:3.3637 train_time:12964489ms step_avg:3284.64ms
step:3958/6200 train_loss:3.3486 train_time:12967776ms step_avg:3284.64ms
step:3959/6200 train_loss:3.5027 train_time:12971058ms step_avg:3284.64ms
step:3960/6200 train_loss:3.3583 train_time:12974343ms step_avg:3284.64ms
step:3961/6200 train_loss:3.4617 train_time:12977624ms step_avg:3284.64ms
step:3962/6200 train_loss:3.4675 train_time:12980905ms step_avg:3284.64ms
step:3963/6200 train_loss:3.4044 train_time:12984190ms step_avg:3284.64ms
step:3964/6200 train_loss:3.3438 train_time:12987473ms step_avg:3284.64ms
step:3965/6200 train_loss:3.4393 train_time:12990756ms step_avg:3284.64ms
step:3966/6200 train_loss:3.5150 train_time:12994039ms step_avg:3284.64ms
step:3967/6200 train_loss:3.3141 train_time:12997326ms step_avg:3284.64ms
step:3968/6200 train_loss:3.4046 train_time:13000605ms step_avg:3284.64ms
step:3969/6200 train_loss:3.3919 train_time:13003885ms step_avg:3284.64ms
step:3970/6200 train_loss:3.2840 train_time:13007171ms step_avg:3284.64ms
step:3971/6200 train_loss:3.3699 train_time:13010453ms step_avg:3284.64ms
step:3972/6200 train_loss:3.5421 train_time:13013732ms step_avg:3284.64ms
step:3973/6200 train_loss:3.3584 train_time:13017010ms step_avg:3284.64ms
step:3974/6200 train_loss:3.4199 train_time:13020290ms step_avg:3284.63ms
step:3975/6200 train_loss:3.3089 train_time:13023571ms step_avg:3284.63ms
step:3976/6200 train_loss:3.3311 train_time:13026853ms step_avg:3284.63ms
step:3977/6200 train_loss:3.4356 train_time:13030138ms step_avg:3284.63ms
step:3978/6200 train_loss:3.4087 train_time:13033426ms step_avg:3284.63ms
step:3979/6200 train_loss:3.4113 train_time:13036707ms step_avg:3284.63ms
step:3980/6200 train_loss:3.4314 train_time:13039987ms step_avg:3284.63ms
step:3981/6200 train_loss:3.5285 train_time:13043269ms step_avg:3284.63ms
step:3982/6200 train_loss:3.6860 train_time:13046551ms step_avg:3284.63ms
step:3983/6200 train_loss:3.6154 train_time:13049834ms step_avg:3284.63ms
step:3984/6200 train_loss:3.9460 train_time:13053116ms step_avg:3284.63ms
step:3985/6200 train_loss:3.2678 train_time:13056401ms step_avg:3284.63ms
step:3986/6200 train_loss:3.5848 train_time:13059688ms step_avg:3284.63ms
step:3987/6200 train_loss:3.3545 train_time:13062973ms step_avg:3284.63ms
step:3988/6200 train_loss:3.6374 train_time:13066253ms step_avg:3284.63ms
step:3989/6200 train_loss:3.4543 train_time:13069532ms step_avg:3284.63ms
step:3990/6200 train_loss:3.2057 train_time:13072817ms step_avg:3284.63ms
step:3991/6200 train_loss:3.4422 train_time:13076099ms step_avg:3284.63ms
step:3992/6200 train_loss:3.3446 train_time:13079377ms step_avg:3284.63ms
step:3993/6200 train_loss:3.4341 train_time:13082661ms step_avg:3284.63ms
step:3994/6200 train_loss:3.5268 train_time:13085946ms step_avg:3284.63ms
step:3995/6200 train_loss:3.6633 train_time:13089232ms step_avg:3284.63ms
step:3996/6200 train_loss:3.4182 train_time:13092511ms step_avg:3284.62ms
step:3997/6200 train_loss:3.6974 train_time:13095797ms step_avg:3284.62ms
step:3998/6200 train_loss:3.2881 train_time:13099086ms step_avg:3284.63ms
step:3999/6200 train_loss:3.7892 train_time:13102370ms step_avg:3284.63ms
step:4000/6200 train_loss:3.3449 train_time:13105658ms step_avg:3284.63ms
step:4000/6200 val_loss:3.4463 train_time:13105670ms step_avg:3284.63ms
step:4001/6200 train_loss:3.3213 train_time:13108942ms step_avg:3284.63ms
step:4002/6200 train_loss:3.2209 train_time:13112220ms step_avg:3284.62ms
step:4003/6200 train_loss:3.3506 train_time:13115498ms step_avg:3284.62ms
step:4004/6200 train_loss:3.4112 train_time:13118912ms step_avg:3284.66ms
step:4005/6200 train_loss:3.4406 train_time:13122190ms step_avg:3284.65ms
step:4006/6200 train_loss:3.5927 train_time:13125467ms step_avg:3284.65ms
step:4007/6200 train_loss:3.4019 train_time:13128748ms step_avg:3284.65ms
step:4008/6200 train_loss:3.7664 train_time:13132026ms step_avg:3284.65ms
step:4009/6200 train_loss:3.3575 train_time:13135305ms step_avg:3284.65ms
step:4010/6200 train_loss:3.6462 train_time:13138584ms step_avg:3284.65ms
step:4011/6200 train_loss:3.3673 train_time:13141867ms step_avg:3284.65ms
step:4012/6200 train_loss:3.5580 train_time:13145148ms step_avg:3284.64ms
step:4013/6200 train_loss:3.2533 train_time:13148429ms step_avg:3284.64ms
step:4014/6200 train_loss:3.2739 train_time:13151714ms step_avg:3284.64ms
step:4015/6200 train_loss:3.3088 train_time:13154991ms step_avg:3284.64ms
step:4016/6200 train_loss:3.3966 train_time:13158271ms step_avg:3284.64ms
step:4017/6200 train_loss:3.4550 train_time:13161549ms step_avg:3284.64ms
step:4018/6200 train_loss:3.5870 train_time:13164827ms step_avg:3284.64ms
step:4019/6200 train_loss:3.5600 train_time:13168103ms step_avg:3284.64ms
step:4020/6200 train_loss:3.4100 train_time:13171380ms step_avg:3284.63ms
step:4021/6200 train_loss:3.5376 train_time:13174658ms step_avg:3284.63ms
step:4022/6200 train_loss:3.3829 train_time:13177936ms step_avg:3284.63ms
step:4023/6200 train_loss:3.7300 train_time:13181213ms step_avg:3284.63ms
step:4024/6200 train_loss:3.3215 train_time:13184487ms step_avg:3284.63ms
step:4025/6200 train_loss:3.4172 train_time:13187764ms step_avg:3284.62ms
step:4026/6200 train_loss:3.3235 train_time:13191042ms step_avg:3284.62ms
step:4027/6200 train_loss:3.2467 train_time:13194319ms step_avg:3284.62ms
step:4028/6200 train_loss:3.4523 train_time:13197597ms step_avg:3284.62ms
step:4029/6200 train_loss:3.4046 train_time:13200879ms step_avg:3284.62ms
step:4030/6200 train_loss:3.4070 train_time:13204153ms step_avg:3284.62ms
step:4031/6200 train_loss:3.4247 train_time:13207429ms step_avg:3284.61ms
step:4032/6200 train_loss:3.5254 train_time:13210711ms step_avg:3284.61ms
step:4033/6200 train_loss:3.4735 train_time:13213990ms step_avg:3284.61ms
step:4034/6200 train_loss:3.3310 train_time:13217270ms step_avg:3284.61ms
step:4035/6200 train_loss:3.4827 train_time:13220548ms step_avg:3284.61ms
step:4036/6200 train_loss:3.4525 train_time:13223827ms step_avg:3284.61ms
step:4037/6200 train_loss:3.6753 train_time:13227100ms step_avg:3284.60ms
step:4038/6200 train_loss:3.2856 train_time:13230376ms step_avg:3284.60ms
step:4039/6200 train_loss:3.4548 train_time:13233648ms step_avg:3284.60ms
step:4040/6200 train_loss:3.3673 train_time:13236923ms step_avg:3284.60ms
step:4041/6200 train_loss:3.2291 train_time:13240199ms step_avg:3284.59ms
step:4042/6200 train_loss:3.4139 train_time:13243474ms step_avg:3284.59ms
step:4043/6200 train_loss:3.3539 train_time:13246748ms step_avg:3284.59ms
step:4044/6200 train_loss:3.4041 train_time:13250021ms step_avg:3284.59ms
step:4045/6200 train_loss:3.3655 train_time:13253294ms step_avg:3284.58ms
step:4046/6200 train_loss:3.3318 train_time:13256571ms step_avg:3284.58ms
step:4047/6200 train_loss:3.2768 train_time:13259847ms step_avg:3284.58ms
step:4048/6200 train_loss:3.5895 train_time:13263124ms step_avg:3284.58ms
step:4049/6200 train_loss:3.3272 train_time:13266408ms step_avg:3284.58ms
step:4050/6200 train_loss:3.5233 train_time:13269691ms step_avg:3284.58ms
step:4051/6200 train_loss:3.3773 train_time:13272974ms step_avg:3284.58ms
step:4052/6200 train_loss:3.3646 train_time:13276251ms step_avg:3284.57ms
step:4053/6200 train_loss:3.2934 train_time:13279528ms step_avg:3284.57ms
step:4054/6200 train_loss:3.4432 train_time:13282807ms step_avg:3284.57ms
step:4055/6200 train_loss:3.5356 train_time:13286092ms step_avg:3284.57ms
step:4056/6200 train_loss:3.4855 train_time:13289377ms step_avg:3284.57ms
step:4057/6200 train_loss:3.5146 train_time:13292659ms step_avg:3284.57ms
step:4058/6200 train_loss:3.4820 train_time:13295941ms step_avg:3284.57ms
step:4059/6200 train_loss:3.3575 train_time:13299223ms step_avg:3284.57ms
step:4060/6200 train_loss:3.3402 train_time:13302501ms step_avg:3284.57ms
step:4061/6200 train_loss:3.4535 train_time:13305786ms step_avg:3284.57ms
step:4062/6200 train_loss:3.3549 train_time:13309068ms step_avg:3284.57ms
step:4063/6200 train_loss:3.4650 train_time:13312350ms step_avg:3284.57ms
step:4064/6200 train_loss:3.4284 train_time:13315635ms step_avg:3284.57ms
step:4065/6200 train_loss:3.4943 train_time:13318920ms step_avg:3284.57ms
step:4066/6200 train_loss:3.4223 train_time:13322202ms step_avg:3284.57ms
step:4067/6200 train_loss:3.7503 train_time:13325487ms step_avg:3284.57ms
step:4068/6200 train_loss:3.7339 train_time:13328770ms step_avg:3284.57ms
step:4069/6200 train_loss:3.2572 train_time:13332050ms step_avg:3284.57ms
step:4070/6200 train_loss:3.5450 train_time:13335333ms step_avg:3284.56ms
step:4071/6200 train_loss:3.3576 train_time:13338623ms step_avg:3284.57ms
step:4072/6200 train_loss:3.2370 train_time:13341909ms step_avg:3284.57ms
step:4073/6200 train_loss:3.3426 train_time:13345191ms step_avg:3284.57ms
step:4074/6200 train_loss:3.3791 train_time:13348476ms step_avg:3284.57ms
step:4075/6200 train_loss:3.0234 train_time:13351759ms step_avg:3284.57ms
step:4076/6200 train_loss:3.3733 train_time:13355041ms step_avg:3284.56ms
step:4077/6200 train_loss:3.3713 train_time:13358325ms step_avg:3284.56ms
step:4078/6200 train_loss:3.4736 train_time:13361604ms step_avg:3284.56ms
step:4079/6200 train_loss:3.3179 train_time:13364890ms step_avg:3284.56ms
step:4080/6200 train_loss:3.5533 train_time:13368170ms step_avg:3284.56ms
step:4081/6200 train_loss:3.2884 train_time:13371454ms step_avg:3284.56ms
step:4082/6200 train_loss:3.3444 train_time:13374736ms step_avg:3284.56ms
step:4083/6200 train_loss:3.5102 train_time:13378017ms step_avg:3284.56ms
step:4084/6200 train_loss:3.4491 train_time:13381298ms step_avg:3284.56ms
step:4085/6200 train_loss:3.5485 train_time:13384580ms step_avg:3284.56ms
step:4086/6200 train_loss:3.3860 train_time:13387865ms step_avg:3284.56ms
step:4087/6200 train_loss:3.3853 train_time:13391148ms step_avg:3284.56ms
step:4088/6200 train_loss:3.4263 train_time:13394430ms step_avg:3284.56ms
step:4089/6200 train_loss:3.8000 train_time:13397711ms step_avg:3284.56ms
step:4090/6200 train_loss:3.4166 train_time:13400995ms step_avg:3284.56ms
step:4091/6200 train_loss:3.5360 train_time:13404279ms step_avg:3284.56ms
step:4092/6200 train_loss:3.3670 train_time:13407561ms step_avg:3284.56ms
step:4093/6200 train_loss:3.5083 train_time:13410848ms step_avg:3284.56ms
step:4094/6200 train_loss:3.3452 train_time:13414134ms step_avg:3284.56ms
step:4095/6200 train_loss:3.4807 train_time:13417417ms step_avg:3284.56ms
step:4096/6200 train_loss:3.3954 train_time:13420704ms step_avg:3284.56ms
step:4097/6200 train_loss:3.2421 train_time:13423992ms step_avg:3284.56ms
step:4098/6200 train_loss:3.3390 train_time:13427280ms step_avg:3284.56ms
step:4099/6200 train_loss:3.4482 train_time:13430564ms step_avg:3284.56ms
step:4100/6200 train_loss:3.3267 train_time:13433850ms step_avg:3284.56ms
step:4101/6200 train_loss:3.4580 train_time:13437134ms step_avg:3284.56ms
step:4102/6200 train_loss:3.4204 train_time:13440420ms step_avg:3284.56ms
step:4103/6200 train_loss:3.3838 train_time:13443706ms step_avg:3284.56ms
step:4104/6200 train_loss:3.2469 train_time:13446993ms step_avg:3284.56ms
step:4105/6200 train_loss:3.4296 train_time:13450283ms step_avg:3284.56ms
step:4106/6200 train_loss:3.4353 train_time:13453569ms step_avg:3284.56ms
step:4107/6200 train_loss:3.3281 train_time:13456854ms step_avg:3284.56ms
step:4108/6200 train_loss:3.3892 train_time:13460138ms step_avg:3284.56ms
step:4109/6200 train_loss:3.3659 train_time:13463426ms step_avg:3284.56ms
step:4110/6200 train_loss:3.4930 train_time:13466714ms step_avg:3284.56ms
step:4111/6200 train_loss:3.4924 train_time:13470000ms step_avg:3284.56ms
step:4112/6200 train_loss:3.4849 train_time:13473284ms step_avg:3284.56ms
step:4113/6200 train_loss:3.4446 train_time:13476571ms step_avg:3284.57ms
step:4114/6200 train_loss:3.4299 train_time:13479851ms step_avg:3284.56ms
step:4115/6200 train_loss:3.3862 train_time:13483136ms step_avg:3284.56ms
step:4116/6200 train_loss:3.2862 train_time:13486426ms step_avg:3284.57ms
step:4117/6200 train_loss:3.3953 train_time:13489713ms step_avg:3284.57ms
step:4118/6200 train_loss:3.4552 train_time:13493001ms step_avg:3284.57ms
step:4119/6200 train_loss:3.4331 train_time:13496288ms step_avg:3284.57ms
step:4120/6200 train_loss:3.5663 train_time:13499580ms step_avg:3284.57ms
step:4121/6200 train_loss:3.5637 train_time:13502872ms step_avg:3284.57ms
step:4122/6200 train_loss:3.5156 train_time:13506160ms step_avg:3284.57ms
step:4123/6200 train_loss:3.3311 train_time:13509452ms step_avg:3284.57ms
step:4124/6200 train_loss:3.3188 train_time:13512741ms step_avg:3284.57ms
step:4125/6200 train_loss:3.2997 train_time:13516030ms step_avg:3284.58ms
step:4125/6200 val_loss:3.4392 train_time:13516043ms step_avg:3284.58ms
step:4126/6200 train_loss:3.5917 train_time:13519317ms step_avg:3284.58ms
step:4127/6200 train_loss:3.5649 train_time:13522599ms step_avg:3284.58ms
step:4128/6200 train_loss:3.3617 train_time:13525880ms step_avg:3284.58ms
step:4129/6200 train_loss:3.5493 train_time:13529161ms step_avg:3284.57ms
step:4130/6200 train_loss:3.2714 train_time:13532441ms step_avg:3284.57ms
step:4131/6200 train_loss:3.5298 train_time:13535722ms step_avg:3284.57ms
step:4132/6200 train_loss:3.3647 train_time:13539005ms step_avg:3284.57ms
step:4133/6200 train_loss:3.3066 train_time:13542286ms step_avg:3284.57ms
step:4134/6200 train_loss:3.5256 train_time:13545567ms step_avg:3284.57ms
step:4135/6200 train_loss:3.6473 train_time:13548849ms step_avg:3284.57ms
step:4136/6200 train_loss:3.3259 train_time:13552131ms step_avg:3284.57ms
step:4137/6200 train_loss:3.3101 train_time:13555413ms step_avg:3284.57ms
step:4138/6200 train_loss:3.2734 train_time:13558693ms step_avg:3284.57ms
step:4139/6200 train_loss:3.4235 train_time:13561977ms step_avg:3284.57ms
step:4140/6200 train_loss:3.8290 train_time:13565257ms step_avg:3284.57ms
step:4141/6200 train_loss:3.4391 train_time:13568541ms step_avg:3284.57ms
step:4142/6200 train_loss:3.3255 train_time:13571823ms step_avg:3284.57ms
step:4143/6200 train_loss:3.4571 train_time:13575106ms step_avg:3284.56ms
step:4144/6200 train_loss:3.5242 train_time:13578394ms step_avg:3284.57ms
step:4145/6200 train_loss:3.3918 train_time:13581677ms step_avg:3284.57ms
step:4146/6200 train_loss:3.2340 train_time:13584961ms step_avg:3284.56ms
step:4147/6200 train_loss:3.4484 train_time:13588243ms step_avg:3284.56ms
step:4148/6200 train_loss:3.1138 train_time:13591525ms step_avg:3284.56ms
step:4149/6200 train_loss:3.4722 train_time:13594806ms step_avg:3284.56ms
step:4150/6200 train_loss:3.7998 train_time:13598085ms step_avg:3284.56ms
step:4151/6200 train_loss:3.5198 train_time:13601367ms step_avg:3284.56ms
step:4152/6200 train_loss:3.4887 train_time:13604649ms step_avg:3284.56ms
step:4153/6200 train_loss:3.4326 train_time:13607929ms step_avg:3284.56ms
step:4154/6200 train_loss:3.4706 train_time:13611212ms step_avg:3284.56ms
step:4155/6200 train_loss:3.4061 train_time:13614495ms step_avg:3284.56ms
step:4156/6200 train_loss:3.3180 train_time:13617775ms step_avg:3284.56ms
step:4157/6200 train_loss:3.4731 train_time:13621059ms step_avg:3284.56ms
step:4158/6200 train_loss:3.2914 train_time:13624338ms step_avg:3284.56ms
step:4159/6200 train_loss:3.4513 train_time:13627622ms step_avg:3284.56ms
step:4160/6200 train_loss:3.4078 train_time:13630907ms step_avg:3284.56ms
step:4161/6200 train_loss:3.4305 train_time:13634186ms step_avg:3284.55ms
step:4162/6200 train_loss:3.3697 train_time:13637465ms step_avg:3284.55ms
step:4163/6200 train_loss:3.4807 train_time:13640746ms step_avg:3284.55ms
step:4164/6200 train_loss:3.2939 train_time:13644031ms step_avg:3284.55ms
step:4165/6200 train_loss:3.2517 train_time:13647311ms step_avg:3284.55ms
step:4166/6200 train_loss:3.6187 train_time:13650594ms step_avg:3284.55ms
step:4167/6200 train_loss:3.4043 train_time:13653876ms step_avg:3284.55ms
step:4168/6200 train_loss:3.4248 train_time:13657157ms step_avg:3284.55ms
step:4169/6200 train_loss:3.4134 train_time:13660440ms step_avg:3284.55ms
step:4170/6200 train_loss:3.3497 train_time:13663730ms step_avg:3284.55ms
step:4171/6200 train_loss:3.4683 train_time:13667012ms step_avg:3284.55ms
step:4172/6200 train_loss:3.3609 train_time:13670296ms step_avg:3284.55ms
step:4173/6200 train_loss:3.6064 train_time:13673579ms step_avg:3284.55ms
step:4174/6200 train_loss:3.4311 train_time:13676864ms step_avg:3284.55ms
step:4175/6200 train_loss:3.2931 train_time:13680144ms step_avg:3284.55ms
step:4176/6200 train_loss:3.2131 train_time:13683426ms step_avg:3284.55ms
step:4177/6200 train_loss:3.3935 train_time:13686711ms step_avg:3284.55ms
step:4178/6200 train_loss:3.4062 train_time:13689992ms step_avg:3284.55ms
step:4179/6200 train_loss:3.3221 train_time:13693276ms step_avg:3284.55ms
step:4180/6200 train_loss:3.5700 train_time:13696559ms step_avg:3284.55ms
step:4181/6200 train_loss:3.3795 train_time:13699838ms step_avg:3284.55ms
step:4182/6200 train_loss:3.4088 train_time:13703123ms step_avg:3284.55ms
step:4183/6200 train_loss:3.5618 train_time:13706412ms step_avg:3284.55ms
step:4184/6200 train_loss:3.5386 train_time:13709696ms step_avg:3284.55ms
step:4185/6200 train_loss:3.3026 train_time:13712983ms step_avg:3284.55ms
step:4186/6200 train_loss:3.6696 train_time:13716269ms step_avg:3284.55ms
step:4187/6200 train_loss:3.3796 train_time:13719557ms step_avg:3284.55ms
step:4188/6200 train_loss:3.8013 train_time:13722844ms step_avg:3284.55ms
step:4189/6200 train_loss:3.4723 train_time:13726129ms step_avg:3284.55ms
step:4190/6200 train_loss:4.5185 train_time:13729416ms step_avg:3284.55ms
step:4191/6200 train_loss:3.3687 train_time:13732698ms step_avg:3284.55ms
step:4192/6200 train_loss:3.2029 train_time:13735983ms step_avg:3284.55ms
step:4193/6200 train_loss:3.5280 train_time:13739269ms step_avg:3284.55ms
step:4194/6200 train_loss:3.6297 train_time:13742630ms step_avg:3284.57ms
step:4195/6200 train_loss:3.5056 train_time:13745913ms step_avg:3284.57ms
step:4196/6200 train_loss:3.4376 train_time:13749198ms step_avg:3284.57ms
step:4197/6200 train_loss:3.3739 train_time:13752484ms step_avg:3284.57ms
step:4198/6200 train_loss:3.4350 train_time:13755767ms step_avg:3284.57ms
step:4199/6200 train_loss:3.7412 train_time:13759050ms step_avg:3284.57ms
step:4200/6200 train_loss:3.5549 train_time:13762332ms step_avg:3284.57ms
step:4201/6200 train_loss:3.3847 train_time:13765616ms step_avg:3284.57ms
step:4202/6200 train_loss:3.2440 train_time:13768898ms step_avg:3284.57ms
step:4203/6200 train_loss:3.3188 train_time:13772182ms step_avg:3284.57ms
step:4204/6200 train_loss:3.3479 train_time:13775469ms step_avg:3284.57ms
step:4205/6200 train_loss:3.7426 train_time:13778758ms step_avg:3284.57ms
step:4206/6200 train_loss:3.5442 train_time:13782043ms step_avg:3284.57ms
step:4207/6200 train_loss:3.5661 train_time:13785333ms step_avg:3284.57ms
step:4208/6200 train_loss:3.1933 train_time:13788615ms step_avg:3284.57ms
step:4209/6200 train_loss:3.6199 train_time:13791898ms step_avg:3284.57ms
step:4210/6200 train_loss:3.4717 train_time:13795181ms step_avg:3284.57ms
step:4211/6200 train_loss:3.2405 train_time:13798469ms step_avg:3284.57ms
step:4212/6200 train_loss:3.3481 train_time:13801754ms step_avg:3284.57ms
step:4213/6200 train_loss:3.2643 train_time:13805038ms step_avg:3284.57ms
step:4214/6200 train_loss:3.2394 train_time:13808322ms step_avg:3284.57ms
step:4215/6200 train_loss:3.2884 train_time:13811607ms step_avg:3284.57ms
step:4216/6200 train_loss:3.5059 train_time:13814892ms step_avg:3284.57ms
step:4217/6200 train_loss:3.3983 train_time:13818177ms step_avg:3284.57ms
step:4218/6200 train_loss:3.2445 train_time:13821463ms step_avg:3284.57ms
step:4219/6200 train_loss:3.3878 train_time:13824750ms step_avg:3284.57ms
step:4220/6200 train_loss:3.3937 train_time:13828035ms step_avg:3284.57ms
step:4221/6200 train_loss:3.5771 train_time:13831317ms step_avg:3284.57ms
step:4222/6200 train_loss:3.3185 train_time:13834595ms step_avg:3284.57ms
step:4223/6200 train_loss:3.4083 train_time:13837882ms step_avg:3284.57ms
step:4224/6200 train_loss:3.3784 train_time:13841167ms step_avg:3284.57ms
step:4225/6200 train_loss:3.4039 train_time:13844451ms step_avg:3284.57ms
step:4226/6200 train_loss:3.5753 train_time:13847737ms step_avg:3284.57ms
step:4227/6200 train_loss:3.3035 train_time:13851024ms step_avg:3284.57ms
step:4228/6200 train_loss:3.3936 train_time:13854307ms step_avg:3284.57ms
step:4229/6200 train_loss:3.5436 train_time:13857594ms step_avg:3284.57ms
step:4230/6200 train_loss:3.3238 train_time:13860879ms step_avg:3284.57ms
step:4231/6200 train_loss:3.5076 train_time:13864166ms step_avg:3284.57ms
step:4232/6200 train_loss:3.3163 train_time:13867450ms step_avg:3284.57ms
step:4233/6200 train_loss:3.2660 train_time:13870733ms step_avg:3284.57ms
step:4234/6200 train_loss:3.1538 train_time:13874017ms step_avg:3284.57ms
step:4235/6200 train_loss:3.4384 train_time:13877295ms step_avg:3284.57ms
step:4236/6200 train_loss:3.2457 train_time:13880579ms step_avg:3284.57ms
step:4237/6200 train_loss:3.6314 train_time:13883864ms step_avg:3284.57ms
step:4238/6200 train_loss:3.6074 train_time:13887146ms step_avg:3284.57ms
step:4239/6200 train_loss:3.3856 train_time:13890430ms step_avg:3284.57ms
step:4240/6200 train_loss:3.3928 train_time:13893717ms step_avg:3284.57ms
step:4241/6200 train_loss:3.4103 train_time:13897001ms step_avg:3284.57ms
step:4242/6200 train_loss:3.2169 train_time:13900284ms step_avg:3284.57ms
step:4243/6200 train_loss:3.4579 train_time:13903567ms step_avg:3284.57ms
step:4244/6200 train_loss:3.8497 train_time:13906853ms step_avg:3284.57ms
step:4245/6200 train_loss:3.3760 train_time:13910135ms step_avg:3284.57ms
step:4246/6200 train_loss:3.2984 train_time:13913419ms step_avg:3284.57ms
step:4247/6200 train_loss:3.5558 train_time:13916705ms step_avg:3284.57ms
step:4248/6200 train_loss:3.3705 train_time:13919991ms step_avg:3284.57ms
step:4249/6200 train_loss:3.3035 train_time:13923277ms step_avg:3284.57ms
step:4250/6200 train_loss:3.2683 train_time:13926560ms step_avg:3284.57ms
step:4250/6200 val_loss:3.4382 train_time:13926572ms step_avg:3284.57ms
step:4251/6200 train_loss:3.2672 train_time:13929839ms step_avg:3284.56ms
step:4252/6200 train_loss:3.3945 train_time:13933115ms step_avg:3284.56ms
step:4253/6200 train_loss:3.4580 train_time:13936391ms step_avg:3284.56ms
step:4254/6200 train_loss:3.6033 train_time:13939669ms step_avg:3284.56ms
step:4255/6200 train_loss:3.5939 train_time:13942945ms step_avg:3284.56ms
step:4256/6200 train_loss:3.4106 train_time:13946223ms step_avg:3284.56ms
step:4257/6200 train_loss:3.3293 train_time:13949501ms step_avg:3284.55ms
step:4258/6200 train_loss:3.4046 train_time:13952777ms step_avg:3284.55ms
step:4259/6200 train_loss:3.5031 train_time:13956057ms step_avg:3284.55ms
step:4260/6200 train_loss:3.5708 train_time:13959335ms step_avg:3284.55ms
step:4261/6200 train_loss:3.3203 train_time:13962613ms step_avg:3284.55ms
step:4262/6200 train_loss:3.2477 train_time:13965895ms step_avg:3284.55ms
step:4263/6200 train_loss:3.1758 train_time:13969179ms step_avg:3284.55ms
step:4264/6200 train_loss:3.4727 train_time:13972458ms step_avg:3284.55ms
step:4265/6200 train_loss:3.5312 train_time:13975737ms step_avg:3284.54ms
step:4266/6200 train_loss:3.3847 train_time:13979017ms step_avg:3284.54ms
step:4267/6200 train_loss:3.2437 train_time:13982297ms step_avg:3284.54ms
step:4268/6200 train_loss:3.5861 train_time:13985577ms step_avg:3284.54ms
step:4269/6200 train_loss:3.3293 train_time:13988860ms step_avg:3284.54ms
step:4270/6200 train_loss:3.3917 train_time:13992142ms step_avg:3284.54ms
step:4271/6200 train_loss:3.4257 train_time:13995420ms step_avg:3284.54ms
step:4272/6200 train_loss:3.4377 train_time:13998702ms step_avg:3284.54ms
step:4273/6200 train_loss:3.4120 train_time:14001986ms step_avg:3284.54ms
step:4274/6200 train_loss:3.5929 train_time:14005265ms step_avg:3284.54ms
step:4275/6200 train_loss:3.3404 train_time:14008549ms step_avg:3284.54ms
step:4276/6200 train_loss:3.3184 train_time:14011830ms step_avg:3284.54ms
step:4277/6200 train_loss:3.1952 train_time:14015117ms step_avg:3284.54ms
step:4278/6200 train_loss:3.3151 train_time:14018400ms step_avg:3284.54ms
step:4279/6200 train_loss:3.3278 train_time:14021682ms step_avg:3284.54ms
step:4280/6200 train_loss:3.3628 train_time:14024967ms step_avg:3284.54ms
step:4281/6200 train_loss:3.4369 train_time:14028247ms step_avg:3284.53ms
step:4282/6200 train_loss:3.3579 train_time:14031528ms step_avg:3284.53ms
step:4283/6200 train_loss:3.6333 train_time:14034807ms step_avg:3284.53ms
step:4284/6200 train_loss:3.6681 train_time:14038093ms step_avg:3284.53ms
step:4285/6200 train_loss:3.5662 train_time:14041377ms step_avg:3284.53ms
step:4286/6200 train_loss:3.4932 train_time:14044661ms step_avg:3284.53ms
step:4287/6200 train_loss:3.6445 train_time:14047945ms step_avg:3284.53ms
step:4288/6200 train_loss:3.3620 train_time:14051228ms step_avg:3284.53ms
step:4289/6200 train_loss:3.2986 train_time:14054513ms step_avg:3284.53ms
step:4290/6200 train_loss:3.2379 train_time:14057797ms step_avg:3284.53ms
step:4291/6200 train_loss:3.2484 train_time:14061084ms step_avg:3284.53ms
step:4292/6200 train_loss:3.3630 train_time:14064371ms step_avg:3284.53ms
step:4293/6200 train_loss:3.2570 train_time:14067656ms step_avg:3284.53ms
step:4294/6200 train_loss:3.4656 train_time:14070941ms step_avg:3284.53ms
step:4295/6200 train_loss:3.3545 train_time:14074228ms step_avg:3284.53ms
step:4296/6200 train_loss:3.4521 train_time:14077508ms step_avg:3284.53ms
step:4297/6200 train_loss:3.5026 train_time:14080787ms step_avg:3284.53ms
step:4298/6200 train_loss:3.2244 train_time:14084069ms step_avg:3284.53ms
step:4299/6200 train_loss:3.3384 train_time:14087351ms step_avg:3284.53ms
step:4300/6200 train_loss:3.4507 train_time:14090637ms step_avg:3284.53ms
step:4301/6200 train_loss:3.5401 train_time:14093921ms step_avg:3284.53ms
step:4302/6200 train_loss:3.4551 train_time:14097208ms step_avg:3284.53ms
step:4303/6200 train_loss:3.3055 train_time:14100494ms step_avg:3284.53ms
step:4304/6200 train_loss:3.4158 train_time:14103781ms step_avg:3284.53ms
step:4305/6200 train_loss:3.3796 train_time:14107064ms step_avg:3284.53ms
step:4306/6200 train_loss:3.4110 train_time:14110349ms step_avg:3284.53ms
step:4307/6200 train_loss:3.5555 train_time:14113635ms step_avg:3284.53ms
step:4308/6200 train_loss:3.4788 train_time:14116923ms step_avg:3284.53ms
step:4309/6200 train_loss:3.5236 train_time:14120207ms step_avg:3284.53ms
step:4310/6200 train_loss:3.4905 train_time:14123493ms step_avg:3284.53ms
step:4311/6200 train_loss:3.4402 train_time:14126778ms step_avg:3284.53ms
step:4312/6200 train_loss:3.3594 train_time:14130062ms step_avg:3284.53ms
step:4313/6200 train_loss:3.2427 train_time:14133345ms step_avg:3284.53ms
step:4314/6200 train_loss:3.1697 train_time:14136627ms step_avg:3284.53ms
step:4315/6200 train_loss:3.5246 train_time:14139912ms step_avg:3284.53ms
step:4316/6200 train_loss:3.2290 train_time:14143192ms step_avg:3284.53ms
step:4317/6200 train_loss:3.5393 train_time:14146477ms step_avg:3284.53ms
step:4318/6200 train_loss:3.4546 train_time:14149764ms step_avg:3284.53ms
step:4319/6200 train_loss:3.4360 train_time:14153049ms step_avg:3284.53ms
step:4320/6200 train_loss:3.5312 train_time:14156336ms step_avg:3284.53ms
step:4321/6200 train_loss:3.3459 train_time:14159620ms step_avg:3284.53ms
step:4322/6200 train_loss:3.3481 train_time:14162905ms step_avg:3284.53ms
step:4323/6200 train_loss:3.3035 train_time:14166188ms step_avg:3284.53ms
step:4324/6200 train_loss:3.3022 train_time:14169469ms step_avg:3284.53ms
step:4325/6200 train_loss:3.3331 train_time:14172751ms step_avg:3284.53ms
step:4326/6200 train_loss:3.3671 train_time:14176034ms step_avg:3284.53ms
step:4327/6200 train_loss:3.3946 train_time:14179316ms step_avg:3284.53ms
step:4328/6200 train_loss:3.4903 train_time:14182598ms step_avg:3284.53ms
step:4329/6200 train_loss:3.5116 train_time:14185880ms step_avg:3284.53ms
step:4330/6200 train_loss:3.4568 train_time:14189160ms step_avg:3284.53ms
step:4331/6200 train_loss:3.3619 train_time:14192441ms step_avg:3284.53ms
step:4332/6200 train_loss:3.2140 train_time:14195724ms step_avg:3284.53ms
step:4333/6200 train_loss:3.2942 train_time:14199003ms step_avg:3284.53ms
step:4334/6200 train_loss:3.5098 train_time:14202285ms step_avg:3284.52ms
step:4335/6200 train_loss:3.4314 train_time:14205568ms step_avg:3284.52ms
step:4336/6200 train_loss:3.4844 train_time:14208852ms step_avg:3284.52ms
step:4337/6200 train_loss:3.4471 train_time:14212137ms step_avg:3284.52ms
step:4338/6200 train_loss:3.4052 train_time:14215420ms step_avg:3284.52ms
step:4339/6200 train_loss:3.2616 train_time:14218703ms step_avg:3284.52ms
step:4340/6200 train_loss:3.3408 train_time:14221989ms step_avg:3284.52ms
step:4341/6200 train_loss:3.3025 train_time:14225270ms step_avg:3284.52ms
step:4342/6200 train_loss:3.2450 train_time:14228555ms step_avg:3284.52ms
step:4343/6200 train_loss:3.4140 train_time:14231837ms step_avg:3284.52ms
step:4344/6200 train_loss:3.4449 train_time:14235118ms step_avg:3284.52ms
step:4345/6200 train_loss:3.4905 train_time:14238399ms step_avg:3284.52ms
step:4346/6200 train_loss:3.5099 train_time:14241682ms step_avg:3284.52ms
step:4347/6200 train_loss:3.1715 train_time:14244963ms step_avg:3284.52ms
step:4348/6200 train_loss:3.2879 train_time:14248246ms step_avg:3284.52ms
step:4349/6200 train_loss:3.4730 train_time:14251526ms step_avg:3284.52ms
step:4350/6200 train_loss:3.2394 train_time:14254808ms step_avg:3284.52ms
step:4351/6200 train_loss:3.4614 train_time:14258090ms step_avg:3284.52ms
step:4352/6200 train_loss:3.4168 train_time:14261369ms step_avg:3284.52ms
step:4353/6200 train_loss:3.5081 train_time:14264644ms step_avg:3284.51ms
step:4354/6200 train_loss:3.4701 train_time:14267918ms step_avg:3284.51ms
step:4355/6200 train_loss:3.6552 train_time:14271198ms step_avg:3284.51ms
step:4356/6200 train_loss:3.2222 train_time:14274477ms step_avg:3284.51ms
step:4357/6200 train_loss:3.7466 train_time:14277757ms step_avg:3284.51ms
step:4358/6200 train_loss:3.3456 train_time:14281037ms step_avg:3284.51ms
step:4359/6200 train_loss:3.5647 train_time:14284318ms step_avg:3284.51ms
step:4360/6200 train_loss:3.7134 train_time:14287602ms step_avg:3284.51ms
step:4361/6200 train_loss:3.3236 train_time:14290884ms step_avg:3284.51ms
step:4362/6200 train_loss:3.3135 train_time:14294163ms step_avg:3284.50ms
step:4363/6200 train_loss:3.4807 train_time:14297445ms step_avg:3284.50ms
step:4364/6200 train_loss:3.3944 train_time:14300722ms step_avg:3284.50ms
step:4365/6200 train_loss:3.3568 train_time:14303999ms step_avg:3284.50ms
step:4366/6200 train_loss:3.4545 train_time:14307279ms step_avg:3284.50ms
step:4367/6200 train_loss:3.1066 train_time:14310558ms step_avg:3284.50ms
step:4368/6200 train_loss:3.2751 train_time:14313837ms step_avg:3284.50ms
step:4369/6200 train_loss:3.4112 train_time:14317118ms step_avg:3284.50ms
step:4370/6200 train_loss:3.5256 train_time:14320395ms step_avg:3284.49ms
step:4371/6200 train_loss:3.2830 train_time:14323673ms step_avg:3284.49ms
step:4372/6200 train_loss:3.4014 train_time:14326953ms step_avg:3284.49ms
step:4373/6200 train_loss:3.5283 train_time:14330233ms step_avg:3284.49ms
step:4374/6200 train_loss:3.5092 train_time:14333513ms step_avg:3284.49ms
step:4375/6200 train_loss:3.3840 train_time:14336789ms step_avg:3284.49ms
step:4375/6200 val_loss:3.4332 train_time:14336801ms step_avg:3284.49ms
step:4376/6200 train_loss:3.3868 train_time:14340067ms step_avg:3284.49ms
step:4377/6200 train_loss:3.6596 train_time:14343350ms step_avg:3284.49ms
step:4378/6200 train_loss:3.7117 train_time:14346628ms step_avg:3284.48ms
step:4379/6200 train_loss:3.4283 train_time:14349905ms step_avg:3284.48ms
step:4380/6200 train_loss:3.2617 train_time:14353184ms step_avg:3284.48ms
step:4381/6200 train_loss:3.6723 train_time:14356461ms step_avg:3284.48ms
step:4382/6200 train_loss:3.4374 train_time:14359742ms step_avg:3284.48ms
step:4383/6200 train_loss:3.6399 train_time:14363023ms step_avg:3284.48ms
step:4384/6200 train_loss:3.3067 train_time:14366303ms step_avg:3284.48ms
step:4385/6200 train_loss:3.3799 train_time:14369583ms step_avg:3284.48ms
step:4386/6200 train_loss:3.4339 train_time:14372862ms step_avg:3284.47ms
step:4387/6200 train_loss:3.4336 train_time:14376142ms step_avg:3284.47ms
step:4388/6200 train_loss:3.3274 train_time:14379423ms step_avg:3284.47ms
step:4389/6200 train_loss:3.3505 train_time:14382701ms step_avg:3284.47ms
step:4390/6200 train_loss:3.3782 train_time:14385980ms step_avg:3284.47ms
step:4391/6200 train_loss:3.4563 train_time:14389261ms step_avg:3284.47ms
step:4392/6200 train_loss:3.3333 train_time:14392545ms step_avg:3284.47ms
step:4393/6200 train_loss:3.5368 train_time:14395825ms step_avg:3284.47ms
step:4394/6200 train_loss:3.2097 train_time:14399105ms step_avg:3284.47ms
step:4395/6200 train_loss:3.4234 train_time:14402390ms step_avg:3284.47ms
step:4396/6200 train_loss:3.6511 train_time:14405668ms step_avg:3284.47ms
step:4397/6200 train_loss:3.3868 train_time:14408946ms step_avg:3284.46ms
step:4398/6200 train_loss:3.4641 train_time:14412226ms step_avg:3284.46ms
step:4399/6200 train_loss:3.4153 train_time:14415505ms step_avg:3284.46ms
step:4400/6200 train_loss:3.6896 train_time:14418789ms step_avg:3284.46ms
step:4401/6200 train_loss:3.4894 train_time:14422070ms step_avg:3284.46ms
step:4402/6200 train_loss:3.2899 train_time:14425352ms step_avg:3284.46ms
step:4403/6200 train_loss:3.3473 train_time:14428638ms step_avg:3284.46ms
step:4404/6200 train_loss:3.2826 train_time:14431925ms step_avg:3284.46ms
step:4405/6200 train_loss:3.4724 train_time:14435207ms step_avg:3284.46ms
step:4406/6200 train_loss:3.7197 train_time:14438488ms step_avg:3284.46ms
step:4407/6200 train_loss:3.4280 train_time:14441774ms step_avg:3284.46ms
step:4408/6200 train_loss:3.4296 train_time:14445054ms step_avg:3284.46ms
step:4409/6200 train_loss:3.2798 train_time:14448337ms step_avg:3284.46ms
step:4410/6200 train_loss:3.5341 train_time:14451620ms step_avg:3284.46ms
step:4411/6200 train_loss:4.4001 train_time:14454902ms step_avg:3284.46ms
step:4412/6200 train_loss:3.3254 train_time:14458191ms step_avg:3284.46ms
step:4413/6200 train_loss:3.2903 train_time:14461476ms step_avg:3284.46ms
step:4414/6200 train_loss:3.3359 train_time:14464769ms step_avg:3284.46ms
step:4415/6200 train_loss:3.0751 train_time:14468054ms step_avg:3284.46ms
step:4416/6200 train_loss:3.4119 train_time:14471341ms step_avg:3284.46ms
step:4417/6200 train_loss:2.9658 train_time:14474622ms step_avg:3284.46ms
step:4418/6200 train_loss:3.3654 train_time:14477905ms step_avg:3284.46ms
step:4419/6200 train_loss:3.4860 train_time:14481187ms step_avg:3284.46ms
step:4420/6200 train_loss:3.2935 train_time:14484473ms step_avg:3284.46ms
step:4421/6200 train_loss:3.7674 train_time:14487757ms step_avg:3284.46ms
step:4422/6200 train_loss:3.7753 train_time:14491042ms step_avg:3284.46ms
step:4423/6200 train_loss:3.3553 train_time:14494330ms step_avg:3284.46ms
step:4424/6200 train_loss:3.6807 train_time:14497617ms step_avg:3284.46ms
step:4425/6200 train_loss:3.7735 train_time:14500907ms step_avg:3284.46ms
step:4426/6200 train_loss:3.4282 train_time:14504197ms step_avg:3284.46ms
step:4427/6200 train_loss:3.3883 train_time:14507484ms step_avg:3284.47ms
step:4428/6200 train_loss:3.2988 train_time:14510771ms step_avg:3284.47ms
step:4429/6200 train_loss:3.5119 train_time:14514056ms step_avg:3284.47ms
step:4430/6200 train_loss:3.3736 train_time:14517340ms step_avg:3284.47ms
step:4431/6200 train_loss:3.3545 train_time:14520621ms step_avg:3284.47ms
step:4432/6200 train_loss:3.3419 train_time:14523909ms step_avg:3284.47ms
step:4433/6200 train_loss:3.2687 train_time:14527197ms step_avg:3284.47ms
step:4434/6200 train_loss:3.6340 train_time:14530485ms step_avg:3284.47ms
step:4435/6200 train_loss:3.3631 train_time:14533777ms step_avg:3284.47ms
step:4436/6200 train_loss:3.6884 train_time:14537063ms step_avg:3284.47ms
step:4437/6200 train_loss:3.0719 train_time:14540352ms step_avg:3284.47ms
step:4438/6200 train_loss:3.4550 train_time:14543639ms step_avg:3284.47ms
step:4439/6200 train_loss:3.3129 train_time:14546927ms step_avg:3284.47ms
step:4440/6200 train_loss:3.4963 train_time:14550214ms step_avg:3284.47ms
step:4441/6200 train_loss:3.5915 train_time:14553502ms step_avg:3284.47ms
step:4442/6200 train_loss:3.2100 train_time:14556788ms step_avg:3284.47ms
step:4443/6200 train_loss:3.4917 train_time:14560073ms step_avg:3284.47ms
step:4444/6200 train_loss:3.5918 train_time:14563360ms step_avg:3284.47ms
step:4445/6200 train_loss:3.1744 train_time:14566647ms step_avg:3284.48ms
step:4446/6200 train_loss:3.1941 train_time:14569933ms step_avg:3284.48ms
step:4447/6200 train_loss:3.3948 train_time:14573222ms step_avg:3284.48ms
step:4448/6200 train_loss:3.4852 train_time:14576509ms step_avg:3284.48ms
step:4449/6200 train_loss:3.3236 train_time:14579797ms step_avg:3284.48ms
step:4450/6200 train_loss:3.5271 train_time:14583083ms step_avg:3284.48ms
step:4451/6200 train_loss:3.1802 train_time:14586367ms step_avg:3284.48ms
step:4452/6200 train_loss:3.3422 train_time:14589657ms step_avg:3284.48ms
step:4453/6200 train_loss:3.3808 train_time:14592940ms step_avg:3284.48ms
step:4454/6200 train_loss:3.8084 train_time:14596222ms step_avg:3284.48ms
step:4455/6200 train_loss:3.2761 train_time:14599510ms step_avg:3284.48ms
step:4456/6200 train_loss:3.1346 train_time:14602795ms step_avg:3284.48ms
step:4457/6200 train_loss:3.4632 train_time:14606081ms step_avg:3284.48ms
step:4458/6200 train_loss:3.5961 train_time:14609371ms step_avg:3284.48ms
step:4459/6200 train_loss:3.2503 train_time:14612659ms step_avg:3284.48ms
step:4460/6200 train_loss:3.3446 train_time:14615946ms step_avg:3284.48ms
step:4461/6200 train_loss:3.5499 train_time:14619234ms step_avg:3284.48ms
step:4462/6200 train_loss:3.5557 train_time:14622523ms step_avg:3284.48ms
step:4463/6200 train_loss:3.6677 train_time:14625812ms step_avg:3284.48ms
step:4464/6200 train_loss:3.2690 train_time:14629100ms step_avg:3284.49ms
step:4465/6200 train_loss:3.3439 train_time:14632386ms step_avg:3284.49ms
step:4466/6200 train_loss:3.3732 train_time:14635672ms step_avg:3284.49ms
step:4467/6200 train_loss:3.3563 train_time:14638963ms step_avg:3284.49ms
step:4468/6200 train_loss:3.2516 train_time:14642248ms step_avg:3284.49ms
step:4469/6200 train_loss:3.5860 train_time:14645537ms step_avg:3284.49ms
step:4470/6200 train_loss:3.2762 train_time:14648823ms step_avg:3284.49ms
step:4471/6200 train_loss:3.3198 train_time:14652108ms step_avg:3284.49ms
step:4472/6200 train_loss:3.2818 train_time:14655398ms step_avg:3284.49ms
step:4473/6200 train_loss:3.8549 train_time:14658684ms step_avg:3284.49ms
step:4474/6200 train_loss:3.5417 train_time:14661966ms step_avg:3284.49ms
step:4475/6200 train_loss:3.2807 train_time:14665249ms step_avg:3284.49ms
step:4476/6200 train_loss:3.2727 train_time:14668536ms step_avg:3284.49ms
step:4477/6200 train_loss:3.1285 train_time:14671824ms step_avg:3284.49ms
step:4478/6200 train_loss:3.3845 train_time:14675106ms step_avg:3284.49ms
step:4479/6200 train_loss:3.5058 train_time:14678397ms step_avg:3284.49ms
step:4480/6200 train_loss:3.2976 train_time:14681682ms step_avg:3284.49ms
step:4481/6200 train_loss:3.3513 train_time:14684971ms step_avg:3284.49ms
step:4482/6200 train_loss:3.1838 train_time:14688255ms step_avg:3284.49ms
step:4483/6200 train_loss:3.2838 train_time:14691542ms step_avg:3284.49ms
step:4484/6200 train_loss:3.2548 train_time:14694829ms step_avg:3284.49ms
step:4485/6200 train_loss:3.3154 train_time:14698114ms step_avg:3284.49ms
step:4486/6200 train_loss:3.3219 train_time:14701401ms step_avg:3284.50ms
step:4487/6200 train_loss:3.3375 train_time:14704689ms step_avg:3284.50ms
step:4488/6200 train_loss:3.3416 train_time:14707979ms step_avg:3284.50ms
step:4489/6200 train_loss:3.4517 train_time:14711263ms step_avg:3284.50ms
step:4490/6200 train_loss:3.5422 train_time:14714550ms step_avg:3284.50ms
step:4491/6200 train_loss:3.5535 train_time:14717841ms step_avg:3284.50ms
step:4492/6200 train_loss:3.3901 train_time:14721129ms step_avg:3284.50ms
step:4493/6200 train_loss:3.3554 train_time:14724414ms step_avg:3284.50ms
step:4494/6200 train_loss:3.2903 train_time:14727706ms step_avg:3284.50ms
step:4495/6200 train_loss:3.3186 train_time:14730995ms step_avg:3284.50ms
step:4496/6200 train_loss:3.0986 train_time:14734277ms step_avg:3284.50ms
step:4497/6200 train_loss:3.4752 train_time:14737564ms step_avg:3284.50ms
step:4498/6200 train_loss:3.3125 train_time:14740846ms step_avg:3284.50ms
step:4499/6200 train_loss:3.4532 train_time:14744129ms step_avg:3284.50ms
step:4500/6200 train_loss:3.3769 train_time:14747417ms step_avg:3284.50ms
step:4500/6200 val_loss:3.4282 train_time:14747429ms step_avg:3284.51ms
step:4501/6200 train_loss:3.3538 train_time:14750700ms step_avg:3284.50ms
step:4502/6200 train_loss:3.3613 train_time:14753977ms step_avg:3284.50ms
step:4503/6200 train_loss:3.5187 train_time:14757248ms step_avg:3284.50ms
step:4504/6200 train_loss:3.3219 train_time:14760525ms step_avg:3284.50ms
step:4505/6200 train_loss:3.1151 train_time:14763806ms step_avg:3284.50ms
step:4506/6200 train_loss:3.3956 train_time:14767084ms step_avg:3284.49ms
step:4507/6200 train_loss:3.2869 train_time:14770362ms step_avg:3284.49ms
step:4508/6200 train_loss:3.5416 train_time:14773643ms step_avg:3284.49ms
step:4509/6200 train_loss:3.4151 train_time:14776923ms step_avg:3284.49ms
step:4510/6200 train_loss:3.5436 train_time:14780202ms step_avg:3284.49ms
step:4511/6200 train_loss:3.4987 train_time:14783482ms step_avg:3284.49ms
step:4512/6200 train_loss:3.1329 train_time:14786766ms step_avg:3284.49ms
step:4513/6200 train_loss:3.2833 train_time:14790045ms step_avg:3284.49ms
step:4514/6200 train_loss:3.2731 train_time:14793324ms step_avg:3284.49ms
step:4515/6200 train_loss:3.4815 train_time:14796603ms step_avg:3284.48ms
step:4516/6200 train_loss:3.4862 train_time:14799883ms step_avg:3284.48ms
step:4517/6200 train_loss:3.4335 train_time:14803162ms step_avg:3284.48ms
step:4518/6200 train_loss:3.4513 train_time:14806442ms step_avg:3284.48ms
step:4519/6200 train_loss:3.3882 train_time:14809720ms step_avg:3284.48ms
step:4520/6200 train_loss:3.4114 train_time:14812997ms step_avg:3284.48ms
step:4521/6200 train_loss:3.3214 train_time:14816273ms step_avg:3284.48ms
step:4522/6200 train_loss:3.4165 train_time:14819552ms step_avg:3284.48ms
step:4523/6200 train_loss:3.5056 train_time:14822831ms step_avg:3284.47ms
step:4524/6200 train_loss:3.3032 train_time:14826110ms step_avg:3284.47ms
step:4525/6200 train_loss:3.3703 train_time:14829389ms step_avg:3284.47ms
step:4526/6200 train_loss:3.6670 train_time:14832670ms step_avg:3284.47ms
step:4527/6200 train_loss:3.4423 train_time:14835953ms step_avg:3284.47ms
step:4528/6200 train_loss:3.2854 train_time:14839230ms step_avg:3284.47ms
step:4529/6200 train_loss:3.3510 train_time:14842509ms step_avg:3284.47ms
step:4530/6200 train_loss:3.4325 train_time:14845790ms step_avg:3284.47ms
step:4531/6200 train_loss:3.3363 train_time:14849070ms step_avg:3284.47ms
step:4532/6200 train_loss:3.2454 train_time:14852351ms step_avg:3284.47ms
step:4533/6200 train_loss:3.4214 train_time:14855631ms step_avg:3284.46ms
step:4534/6200 train_loss:3.1653 train_time:14858915ms step_avg:3284.46ms
step:4535/6200 train_loss:3.4457 train_time:14862193ms step_avg:3284.46ms
step:4536/6200 train_loss:3.3869 train_time:14865474ms step_avg:3284.46ms
step:4537/6200 train_loss:3.3625 train_time:14868755ms step_avg:3284.46ms
step:4538/6200 train_loss:3.2411 train_time:14872034ms step_avg:3284.46ms
step:4539/6200 train_loss:3.3281 train_time:14875316ms step_avg:3284.46ms
step:4540/6200 train_loss:3.1606 train_time:14878596ms step_avg:3284.46ms
step:4541/6200 train_loss:3.3536 train_time:14881877ms step_avg:3284.46ms
step:4542/6200 train_loss:3.2885 train_time:14885161ms step_avg:3284.46ms
step:4543/6200 train_loss:3.1235 train_time:14888443ms step_avg:3284.46ms
step:4544/6200 train_loss:3.3417 train_time:14891882ms step_avg:3284.49ms
step:4545/6200 train_loss:3.3645 train_time:14895163ms step_avg:3284.49ms
step:4546/6200 train_loss:3.2930 train_time:14898443ms step_avg:3284.49ms
step:4547/6200 train_loss:3.3024 train_time:14901725ms step_avg:3284.49ms
step:4548/6200 train_loss:3.4122 train_time:14905012ms step_avg:3284.49ms
step:4549/6200 train_loss:3.1719 train_time:14908298ms step_avg:3284.49ms
step:4550/6200 train_loss:3.3114 train_time:14911581ms step_avg:3284.49ms
step:4551/6200 train_loss:3.5604 train_time:14914869ms step_avg:3284.49ms
step:4552/6200 train_loss:3.4146 train_time:14918154ms step_avg:3284.49ms
step:4553/6200 train_loss:3.4193 train_time:14921438ms step_avg:3284.49ms
step:4554/6200 train_loss:3.3954 train_time:14924724ms step_avg:3284.49ms
step:4555/6200 train_loss:3.3589 train_time:14928009ms step_avg:3284.49ms
step:4556/6200 train_loss:3.3217 train_time:14931293ms step_avg:3284.49ms
step:4557/6200 train_loss:3.2824 train_time:14934576ms step_avg:3284.49ms
step:4558/6200 train_loss:3.3833 train_time:14937861ms step_avg:3284.49ms
step:4559/6200 train_loss:3.3299 train_time:14941147ms step_avg:3284.49ms
step:4560/6200 train_loss:3.3897 train_time:14944432ms step_avg:3284.49ms
step:4561/6200 train_loss:3.4435 train_time:14947714ms step_avg:3284.49ms
step:4562/6200 train_loss:3.3731 train_time:14951001ms step_avg:3284.49ms
step:4563/6200 train_loss:3.4623 train_time:14954281ms step_avg:3284.49ms
step:4564/6200 train_loss:3.2643 train_time:14957562ms step_avg:3284.49ms
step:4565/6200 train_loss:3.3465 train_time:14960848ms step_avg:3284.49ms
step:4566/6200 train_loss:3.2895 train_time:14964128ms step_avg:3284.49ms
step:4567/6200 train_loss:3.2607 train_time:14967412ms step_avg:3284.49ms
step:4568/6200 train_loss:3.5867 train_time:14970695ms step_avg:3284.49ms
step:4569/6200 train_loss:3.6133 train_time:14973976ms step_avg:3284.49ms
step:4570/6200 train_loss:3.4154 train_time:14977260ms step_avg:3284.49ms
step:4571/6200 train_loss:3.3947 train_time:14980547ms step_avg:3284.49ms
step:4572/6200 train_loss:3.3244 train_time:14983835ms step_avg:3284.49ms
step:4573/6200 train_loss:3.3142 train_time:14987125ms step_avg:3284.49ms
step:4574/6200 train_loss:3.3839 train_time:14990408ms step_avg:3284.49ms
step:4575/6200 train_loss:3.3693 train_time:14993722ms step_avg:3284.50ms
step:4576/6200 train_loss:3.3549 train_time:14997007ms step_avg:3284.50ms
step:4577/6200 train_loss:3.2369 train_time:15000292ms step_avg:3284.50ms
step:4578/6200 train_loss:3.4180 train_time:15003578ms step_avg:3284.50ms
step:4579/6200 train_loss:3.6044 train_time:15006859ms step_avg:3284.50ms
step:4580/6200 train_loss:3.4173 train_time:15010144ms step_avg:3284.50ms
step:4581/6200 train_loss:3.2706 train_time:15013430ms step_avg:3284.50ms
step:4582/6200 train_loss:3.3436 train_time:15016712ms step_avg:3284.50ms
step:4583/6200 train_loss:3.4738 train_time:15019999ms step_avg:3284.50ms
step:4584/6200 train_loss:3.2642 train_time:15023289ms step_avg:3284.50ms
step:4585/6200 train_loss:3.3420 train_time:15026574ms step_avg:3284.50ms
step:4586/6200 train_loss:3.4229 train_time:15029861ms step_avg:3284.50ms
step:4587/6200 train_loss:3.5397 train_time:15033145ms step_avg:3284.50ms
step:4588/6200 train_loss:3.5099 train_time:15036428ms step_avg:3284.50ms
step:4589/6200 train_loss:3.3611 train_time:15039716ms step_avg:3284.50ms
step:4590/6200 train_loss:3.5082 train_time:15043002ms step_avg:3284.50ms
step:4591/6200 train_loss:3.6157 train_time:15046289ms step_avg:3284.50ms
step:4592/6200 train_loss:3.2432 train_time:15049577ms step_avg:3284.50ms
step:4593/6200 train_loss:3.3542 train_time:15052860ms step_avg:3284.50ms
step:4594/6200 train_loss:3.2904 train_time:15056149ms step_avg:3284.50ms
step:4595/6200 train_loss:3.3665 train_time:15059436ms step_avg:3284.50ms
step:4596/6200 train_loss:3.6551 train_time:15062721ms step_avg:3284.50ms
step:4597/6200 train_loss:3.4465 train_time:15066010ms step_avg:3284.50ms
step:4598/6200 train_loss:3.4015 train_time:15069295ms step_avg:3284.50ms
step:4599/6200 train_loss:3.2972 train_time:15072580ms step_avg:3284.50ms
step:4600/6200 train_loss:3.4907 train_time:15075865ms step_avg:3284.50ms
step:4601/6200 train_loss:3.3790 train_time:15079153ms step_avg:3284.50ms
step:4602/6200 train_loss:3.4269 train_time:15082439ms step_avg:3284.50ms
step:4603/6200 train_loss:3.3804 train_time:15085726ms step_avg:3284.50ms
step:4604/6200 train_loss:3.5317 train_time:15089014ms step_avg:3284.50ms
step:4605/6200 train_loss:3.4657 train_time:15092299ms step_avg:3284.50ms
step:4606/6200 train_loss:3.3303 train_time:15095582ms step_avg:3284.50ms
step:4607/6200 train_loss:3.5737 train_time:15098869ms step_avg:3284.50ms
step:4608/6200 train_loss:3.5114 train_time:15102154ms step_avg:3284.51ms
step:4609/6200 train_loss:3.3665 train_time:15105438ms step_avg:3284.50ms
step:4610/6200 train_loss:3.4298 train_time:15108726ms step_avg:3284.51ms
step:4611/6200 train_loss:3.3736 train_time:15112010ms step_avg:3284.51ms
step:4612/6200 train_loss:3.4185 train_time:15115298ms step_avg:3284.51ms
step:4613/6200 train_loss:3.2279 train_time:15118585ms step_avg:3284.51ms
step:4614/6200 train_loss:3.5021 train_time:15121874ms step_avg:3284.51ms
step:4615/6200 train_loss:3.3691 train_time:15125156ms step_avg:3284.51ms
step:4616/6200 train_loss:3.4286 train_time:15128439ms step_avg:3284.51ms
step:4617/6200 train_loss:3.2883 train_time:15131724ms step_avg:3284.51ms
step:4618/6200 train_loss:3.4746 train_time:15135013ms step_avg:3284.51ms
step:4619/6200 train_loss:3.2833 train_time:15138297ms step_avg:3284.51ms
step:4620/6200 train_loss:3.3863 train_time:15141585ms step_avg:3284.51ms
step:4621/6200 train_loss:3.5096 train_time:15144870ms step_avg:3284.51ms
step:4622/6200 train_loss:3.3682 train_time:15148157ms step_avg:3284.51ms
step:4623/6200 train_loss:3.3926 train_time:15151440ms step_avg:3284.51ms
step:4624/6200 train_loss:3.2944 train_time:15154727ms step_avg:3284.51ms
step:4625/6200 train_loss:3.4925 train_time:15158014ms step_avg:3284.51ms
step:4625/6200 val_loss:3.4172 train_time:15158026ms step_avg:3284.51ms
step:4626/6200 train_loss:3.3192 train_time:15161295ms step_avg:3284.51ms
step:4627/6200 train_loss:3.3820 train_time:15164571ms step_avg:3284.51ms
step:4628/6200 train_loss:3.3945 train_time:15167848ms step_avg:3284.51ms
step:4629/6200 train_loss:3.3555 train_time:15171127ms step_avg:3284.50ms
step:4630/6200 train_loss:3.3841 train_time:15174404ms step_avg:3284.50ms
step:4631/6200 train_loss:3.4443 train_time:15177682ms step_avg:3284.50ms
step:4632/6200 train_loss:3.3874 train_time:15180957ms step_avg:3284.50ms
step:4633/6200 train_loss:3.1045 train_time:15184235ms step_avg:3284.50ms
step:4634/6200 train_loss:3.4575 train_time:15187508ms step_avg:3284.50ms
step:4635/6200 train_loss:3.4034 train_time:15190785ms step_avg:3284.49ms
step:4636/6200 train_loss:3.0335 train_time:15194061ms step_avg:3284.49ms
step:4637/6200 train_loss:3.6714 train_time:15197336ms step_avg:3284.49ms
step:4638/6200 train_loss:3.2875 train_time:15200615ms step_avg:3284.49ms
step:4639/6200 train_loss:3.5952 train_time:15203892ms step_avg:3284.49ms
step:4640/6200 train_loss:3.4568 train_time:15207169ms step_avg:3284.49ms
step:4641/6200 train_loss:3.5438 train_time:15210441ms step_avg:3284.48ms
step:4642/6200 train_loss:3.1560 train_time:15213719ms step_avg:3284.48ms
step:4643/6200 train_loss:3.3129 train_time:15216996ms step_avg:3284.48ms
step:4644/6200 train_loss:3.2970 train_time:15220269ms step_avg:3284.48ms
step:4645/6200 train_loss:3.3355 train_time:15223550ms step_avg:3284.48ms
step:4646/6200 train_loss:3.2881 train_time:15226824ms step_avg:3284.47ms
step:4647/6200 train_loss:3.2773 train_time:15230102ms step_avg:3284.47ms
step:4648/6200 train_loss:3.2475 train_time:15233379ms step_avg:3284.47ms
step:4649/6200 train_loss:3.5941 train_time:15236656ms step_avg:3284.47ms
step:4650/6200 train_loss:3.3507 train_time:15239934ms step_avg:3284.47ms
step:4651/6200 train_loss:3.3135 train_time:15243213ms step_avg:3284.47ms
step:4652/6200 train_loss:3.3533 train_time:15246488ms step_avg:3284.47ms
step:4653/6200 train_loss:3.3455 train_time:15249764ms step_avg:3284.46ms
step:4654/6200 train_loss:3.4504 train_time:15253039ms step_avg:3284.46ms
step:4655/6200 train_loss:3.4293 train_time:15256314ms step_avg:3284.46ms
step:4656/6200 train_loss:3.3949 train_time:15259587ms step_avg:3284.46ms
step:4657/6200 train_loss:4.3846 train_time:15262859ms step_avg:3284.45ms
step:4658/6200 train_loss:3.3325 train_time:15266134ms step_avg:3284.45ms
step:4659/6200 train_loss:3.5125 train_time:15269411ms step_avg:3284.45ms
step:4660/6200 train_loss:3.4218 train_time:15272687ms step_avg:3284.45ms
step:4661/6200 train_loss:3.6542 train_time:15275964ms step_avg:3284.45ms
step:4662/6200 train_loss:3.3179 train_time:15279243ms step_avg:3284.45ms
step:4663/6200 train_loss:3.5165 train_time:15282524ms step_avg:3284.45ms
step:4664/6200 train_loss:3.4315 train_time:15285800ms step_avg:3284.44ms
step:4665/6200 train_loss:3.3492 train_time:15289080ms step_avg:3284.44ms
step:4666/6200 train_loss:3.2371 train_time:15292357ms step_avg:3284.44ms
step:4667/6200 train_loss:3.5269 train_time:15295638ms step_avg:3284.44ms
step:4668/6200 train_loss:3.3365 train_time:15298916ms step_avg:3284.44ms
step:4669/6200 train_loss:3.3073 train_time:15302193ms step_avg:3284.44ms
step:4670/6200 train_loss:3.3072 train_time:15305474ms step_avg:3284.44ms
step:4671/6200 train_loss:3.3658 train_time:15308753ms step_avg:3284.44ms
step:4672/6200 train_loss:3.4047 train_time:15312033ms step_avg:3284.43ms
step:4673/6200 train_loss:3.2715 train_time:15315311ms step_avg:3284.43ms
step:4674/6200 train_loss:3.5068 train_time:15318590ms step_avg:3284.43ms
step:4675/6200 train_loss:3.2735 train_time:15321868ms step_avg:3284.43ms
step:4676/6200 train_loss:3.5467 train_time:15325149ms step_avg:3284.43ms
step:4677/6200 train_loss:3.5003 train_time:15328429ms step_avg:3284.43ms
step:4678/6200 train_loss:3.4986 train_time:15331708ms step_avg:3284.43ms
step:4679/6200 train_loss:3.5535 train_time:15334983ms step_avg:3284.43ms
step:4680/6200 train_loss:3.6083 train_time:15338261ms step_avg:3284.42ms
step:4681/6200 train_loss:3.5194 train_time:15341540ms step_avg:3284.42ms
step:4682/6200 train_loss:3.4908 train_time:15344820ms step_avg:3284.42ms
step:4683/6200 train_loss:3.3435 train_time:15348098ms step_avg:3284.42ms
step:4684/6200 train_loss:3.3318 train_time:15351380ms step_avg:3284.42ms
step:4685/6200 train_loss:3.5727 train_time:15354662ms step_avg:3284.42ms
step:4686/6200 train_loss:3.3680 train_time:15357944ms step_avg:3284.42ms
step:4687/6200 train_loss:3.2407 train_time:15361225ms step_avg:3284.42ms
step:4688/6200 train_loss:3.7392 train_time:15364507ms step_avg:3284.42ms
step:4689/6200 train_loss:3.3255 train_time:15367787ms step_avg:3284.42ms
step:4690/6200 train_loss:3.3873 train_time:15371068ms step_avg:3284.42ms
step:4691/6200 train_loss:3.4119 train_time:15374341ms step_avg:3284.41ms
step:4692/6200 train_loss:3.2674 train_time:15377618ms step_avg:3284.41ms
step:4693/6200 train_loss:3.3917 train_time:15380897ms step_avg:3284.41ms
step:4694/6200 train_loss:3.2478 train_time:15384177ms step_avg:3284.41ms
step:4695/6200 train_loss:3.4838 train_time:15387456ms step_avg:3284.41ms
step:4696/6200 train_loss:3.5128 train_time:15390731ms step_avg:3284.41ms
step:4697/6200 train_loss:3.3425 train_time:15394009ms step_avg:3284.41ms
step:4698/6200 train_loss:3.0201 train_time:15397293ms step_avg:3284.41ms
step:4699/6200 train_loss:3.3845 train_time:15400572ms step_avg:3284.40ms
step:4700/6200 train_loss:3.4460 train_time:15403852ms step_avg:3284.40ms
step:4701/6200 train_loss:3.3506 train_time:15407134ms step_avg:3284.40ms
step:4702/6200 train_loss:3.6339 train_time:15410416ms step_avg:3284.40ms
step:4703/6200 train_loss:3.4592 train_time:15413700ms step_avg:3284.40ms
step:4704/6200 train_loss:3.4195 train_time:15416987ms step_avg:3284.40ms
step:4705/6200 train_loss:3.2789 train_time:15420271ms step_avg:3284.40ms
step:4706/6200 train_loss:3.2500 train_time:15423552ms step_avg:3284.40ms
step:4707/6200 train_loss:3.4131 train_time:15426831ms step_avg:3284.40ms
step:4708/6200 train_loss:3.4040 train_time:15430115ms step_avg:3284.40ms
step:4709/6200 train_loss:3.1927 train_time:15433398ms step_avg:3284.40ms
step:4710/6200 train_loss:3.4091 train_time:15436682ms step_avg:3284.40ms
step:4711/6200 train_loss:3.4505 train_time:15439962ms step_avg:3284.40ms
step:4712/6200 train_loss:3.2703 train_time:15443246ms step_avg:3284.40ms
step:4713/6200 train_loss:3.3996 train_time:15446529ms step_avg:3284.40ms
step:4714/6200 train_loss:3.3994 train_time:15449809ms step_avg:3284.40ms
step:4715/6200 train_loss:3.3701 train_time:15453093ms step_avg:3284.40ms
step:4716/6200 train_loss:3.4442 train_time:15456376ms step_avg:3284.40ms
step:4717/6200 train_loss:3.3951 train_time:15459661ms step_avg:3284.40ms
step:4718/6200 train_loss:3.2275 train_time:15462944ms step_avg:3284.40ms
step:4719/6200 train_loss:3.3612 train_time:15466224ms step_avg:3284.40ms
step:4720/6200 train_loss:3.1815 train_time:15469507ms step_avg:3284.40ms
step:4721/6200 train_loss:3.4334 train_time:15472788ms step_avg:3284.40ms
step:4722/6200 train_loss:3.3517 train_time:15476073ms step_avg:3284.40ms
step:4723/6200 train_loss:3.2880 train_time:15479358ms step_avg:3284.40ms
step:4724/6200 train_loss:3.5454 train_time:15482642ms step_avg:3284.40ms
step:4725/6200 train_loss:3.4246 train_time:15485928ms step_avg:3284.40ms
step:4726/6200 train_loss:3.3367 train_time:15489213ms step_avg:3284.40ms
step:4727/6200 train_loss:3.0875 train_time:15492499ms step_avg:3284.40ms
step:4728/6200 train_loss:3.1229 train_time:15495782ms step_avg:3284.40ms
step:4729/6200 train_loss:3.3696 train_time:15499067ms step_avg:3284.40ms
step:4730/6200 train_loss:3.4545 train_time:15502354ms step_avg:3284.40ms
step:4731/6200 train_loss:3.3899 train_time:15505637ms step_avg:3284.40ms
step:4732/6200 train_loss:3.2983 train_time:15508925ms step_avg:3284.40ms
step:4733/6200 train_loss:3.2434 train_time:15512211ms step_avg:3284.40ms
step:4734/6200 train_loss:3.4994 train_time:15515496ms step_avg:3284.40ms
step:4735/6200 train_loss:3.3614 train_time:15518780ms step_avg:3284.40ms
step:4736/6200 train_loss:3.3292 train_time:15522065ms step_avg:3284.40ms
step:4737/6200 train_loss:3.2800 train_time:15525349ms step_avg:3284.40ms
step:4738/6200 train_loss:3.1256 train_time:15528635ms step_avg:3284.40ms
step:4739/6200 train_loss:3.3387 train_time:15531917ms step_avg:3284.40ms
step:4740/6200 train_loss:3.2730 train_time:15535203ms step_avg:3284.40ms
step:4741/6200 train_loss:3.4000 train_time:15538491ms step_avg:3284.40ms
step:4742/6200 train_loss:3.1664 train_time:15541777ms step_avg:3284.40ms
step:4743/6200 train_loss:3.3153 train_time:15545058ms step_avg:3284.40ms
step:4744/6200 train_loss:3.3463 train_time:15548345ms step_avg:3284.40ms
step:4745/6200 train_loss:3.3084 train_time:15551631ms step_avg:3284.40ms
step:4746/6200 train_loss:3.4172 train_time:15554921ms step_avg:3284.40ms
step:4747/6200 train_loss:3.6730 train_time:15558208ms step_avg:3284.40ms
step:4748/6200 train_loss:3.3340 train_time:15561495ms step_avg:3284.40ms
step:4749/6200 train_loss:3.2382 train_time:15564782ms step_avg:3284.40ms
step:4750/6200 train_loss:3.4018 train_time:15568070ms step_avg:3284.40ms
step:4750/6200 val_loss:3.4070 train_time:15568082ms step_avg:3284.41ms
step:4751/6200 train_loss:3.3705 train_time:15571351ms step_avg:3284.40ms
step:4752/6200 train_loss:3.4446 train_time:15574631ms step_avg:3284.40ms
step:4753/6200 train_loss:3.3995 train_time:15577910ms step_avg:3284.40ms
step:4754/6200 train_loss:3.3513 train_time:15581189ms step_avg:3284.40ms
step:4755/6200 train_loss:3.4186 train_time:15584469ms step_avg:3284.40ms
step:4756/6200 train_loss:3.4289 train_time:15587747ms step_avg:3284.40ms
step:4757/6200 train_loss:3.3687 train_time:15591027ms step_avg:3284.40ms
step:4758/6200 train_loss:3.4268 train_time:15594306ms step_avg:3284.39ms
step:4759/6200 train_loss:3.3066 train_time:15597586ms step_avg:3284.39ms
step:4760/6200 train_loss:3.4427 train_time:15600866ms step_avg:3284.39ms
step:4761/6200 train_loss:3.3680 train_time:15604146ms step_avg:3284.39ms
step:4762/6200 train_loss:3.4389 train_time:15607428ms step_avg:3284.39ms
step:4763/6200 train_loss:3.2701 train_time:15610713ms step_avg:3284.39ms
step:4764/6200 train_loss:3.3876 train_time:15613993ms step_avg:3284.39ms
step:4765/6200 train_loss:3.2483 train_time:15617276ms step_avg:3284.39ms
step:4766/6200 train_loss:3.2976 train_time:15620558ms step_avg:3284.39ms
step:4767/6200 train_loss:3.4064 train_time:15623838ms step_avg:3284.39ms
step:4768/6200 train_loss:3.2900 train_time:15627120ms step_avg:3284.39ms
step:4769/6200 train_loss:3.5131 train_time:15630398ms step_avg:3284.39ms
step:4770/6200 train_loss:3.3373 train_time:15633675ms step_avg:3284.39ms
step:4771/6200 train_loss:3.2541 train_time:15636960ms step_avg:3284.39ms
step:4772/6200 train_loss:3.3746 train_time:15640242ms step_avg:3284.39ms
step:4773/6200 train_loss:3.3627 train_time:15643526ms step_avg:3284.39ms
step:4774/6200 train_loss:3.3471 train_time:15646808ms step_avg:3284.38ms
step:4775/6200 train_loss:3.3606 train_time:15650091ms step_avg:3284.38ms
step:4776/6200 train_loss:3.4066 train_time:15653370ms step_avg:3284.38ms
step:4777/6200 train_loss:3.4321 train_time:15656651ms step_avg:3284.38ms
step:4778/6200 train_loss:3.4902 train_time:15659935ms step_avg:3284.38ms
step:4779/6200 train_loss:3.6158 train_time:15663221ms step_avg:3284.38ms
step:4780/6200 train_loss:3.6779 train_time:15666506ms step_avg:3284.38ms
step:4781/6200 train_loss:3.0907 train_time:15669789ms step_avg:3284.38ms
step:4782/6200 train_loss:3.3819 train_time:15673073ms step_avg:3284.38ms
step:4783/6200 train_loss:3.5236 train_time:15676358ms step_avg:3284.38ms
step:4784/6200 train_loss:3.3272 train_time:15679641ms step_avg:3284.38ms
step:4785/6200 train_loss:3.3423 train_time:15682926ms step_avg:3284.38ms
step:4786/6200 train_loss:3.2835 train_time:15686209ms step_avg:3284.38ms
step:4787/6200 train_loss:3.3062 train_time:15689490ms step_avg:3284.38ms
step:4788/6200 train_loss:3.3464 train_time:15692776ms step_avg:3284.38ms
step:4789/6200 train_loss:3.3949 train_time:15696056ms step_avg:3284.38ms
step:4790/6200 train_loss:3.3712 train_time:15699337ms step_avg:3284.38ms
step:4791/6200 train_loss:3.3486 train_time:15702620ms step_avg:3284.38ms
step:4792/6200 train_loss:3.4011 train_time:15705907ms step_avg:3284.38ms
step:4793/6200 train_loss:3.5429 train_time:15709192ms step_avg:3284.38ms
step:4794/6200 train_loss:3.3563 train_time:15712476ms step_avg:3284.38ms
step:4795/6200 train_loss:3.3156 train_time:15715756ms step_avg:3284.38ms
step:4796/6200 train_loss:3.3526 train_time:15719035ms step_avg:3284.38ms
step:4797/6200 train_loss:3.3120 train_time:15722316ms step_avg:3284.38ms
step:4798/6200 train_loss:3.6640 train_time:15725601ms step_avg:3284.38ms
step:4799/6200 train_loss:3.4013 train_time:15728882ms step_avg:3284.38ms
step:4800/6200 train_loss:3.3635 train_time:15732171ms step_avg:3284.38ms
step:4801/6200 train_loss:3.2612 train_time:15735456ms step_avg:3284.38ms
step:4802/6200 train_loss:3.3614 train_time:15738738ms step_avg:3284.38ms
step:4803/6200 train_loss:3.3807 train_time:15742019ms step_avg:3284.38ms
step:4804/6200 train_loss:3.4799 train_time:15745303ms step_avg:3284.38ms
step:4805/6200 train_loss:3.3398 train_time:15748586ms step_avg:3284.38ms
step:4806/6200 train_loss:3.3778 train_time:15751869ms step_avg:3284.38ms
step:4807/6200 train_loss:3.3297 train_time:15755152ms step_avg:3284.38ms
step:4808/6200 train_loss:3.3190 train_time:15758434ms step_avg:3284.38ms
step:4809/6200 train_loss:3.5308 train_time:15761714ms step_avg:3284.37ms
step:4810/6200 train_loss:3.3242 train_time:15765001ms step_avg:3284.38ms
step:4811/6200 train_loss:3.4170 train_time:15768283ms step_avg:3284.37ms
step:4812/6200 train_loss:3.1486 train_time:15771577ms step_avg:3284.38ms
step:4813/6200 train_loss:3.6595 train_time:15774861ms step_avg:3284.38ms
step:4814/6200 train_loss:3.3244 train_time:15778142ms step_avg:3284.38ms
step:4815/6200 train_loss:3.2080 train_time:15781419ms step_avg:3284.37ms
step:4816/6200 train_loss:3.4498 train_time:15784701ms step_avg:3284.37ms
step:4817/6200 train_loss:3.3089 train_time:15787979ms step_avg:3284.37ms
step:4818/6200 train_loss:3.3966 train_time:15791257ms step_avg:3284.37ms
step:4819/6200 train_loss:3.6516 train_time:15794542ms step_avg:3284.37ms
step:4820/6200 train_loss:3.2566 train_time:15797824ms step_avg:3284.37ms
step:4821/6200 train_loss:3.2003 train_time:15801100ms step_avg:3284.37ms
step:4822/6200 train_loss:3.3097 train_time:15804379ms step_avg:3284.37ms
step:4823/6200 train_loss:3.3942 train_time:15807659ms step_avg:3284.37ms
step:4824/6200 train_loss:3.2076 train_time:15810940ms step_avg:3284.37ms
step:4825/6200 train_loss:3.5448 train_time:15814217ms step_avg:3284.37ms
step:4826/6200 train_loss:3.4064 train_time:15817500ms step_avg:3284.36ms
step:4827/6200 train_loss:3.4606 train_time:15820784ms step_avg:3284.36ms
step:4828/6200 train_loss:3.2129 train_time:15824063ms step_avg:3284.36ms
step:4829/6200 train_loss:3.3324 train_time:15827343ms step_avg:3284.36ms
step:4830/6200 train_loss:3.3659 train_time:15830621ms step_avg:3284.36ms
step:4831/6200 train_loss:3.3762 train_time:15833898ms step_avg:3284.36ms
step:4832/6200 train_loss:3.3475 train_time:15837178ms step_avg:3284.36ms
step:4833/6200 train_loss:3.4740 train_time:15840456ms step_avg:3284.36ms
step:4834/6200 train_loss:3.2681 train_time:15843736ms step_avg:3284.36ms
step:4835/6200 train_loss:3.1359 train_time:15847012ms step_avg:3284.35ms
step:4836/6200 train_loss:3.5355 train_time:15850287ms step_avg:3284.35ms
step:4837/6200 train_loss:3.3429 train_time:15853565ms step_avg:3284.35ms
step:4838/6200 train_loss:3.4170 train_time:15856844ms step_avg:3284.35ms
step:4839/6200 train_loss:3.3314 train_time:15860124ms step_avg:3284.35ms
step:4840/6200 train_loss:3.2742 train_time:15863404ms step_avg:3284.35ms
step:4841/6200 train_loss:3.5081 train_time:15866683ms step_avg:3284.35ms
step:4842/6200 train_loss:3.2658 train_time:15869959ms step_avg:3284.35ms
step:4843/6200 train_loss:3.3009 train_time:15873241ms step_avg:3284.35ms
step:4844/6200 train_loss:3.3159 train_time:15876518ms step_avg:3284.34ms
step:4845/6200 train_loss:3.2957 train_time:15879794ms step_avg:3284.34ms
step:4846/6200 train_loss:3.2661 train_time:15883072ms step_avg:3284.34ms
step:4847/6200 train_loss:3.4430 train_time:15886346ms step_avg:3284.34ms
step:4848/6200 train_loss:3.3197 train_time:15889621ms step_avg:3284.34ms
step:4849/6200 train_loss:3.1382 train_time:15892897ms step_avg:3284.33ms
step:4850/6200 train_loss:3.3419 train_time:15896174ms step_avg:3284.33ms
step:4851/6200 train_loss:3.5542 train_time:15899454ms step_avg:3284.33ms
step:4852/6200 train_loss:3.2121 train_time:15902730ms step_avg:3284.33ms
step:4853/6200 train_loss:3.2542 train_time:15906007ms step_avg:3284.33ms
step:4854/6200 train_loss:3.2578 train_time:15909287ms step_avg:3284.33ms
step:4855/6200 train_loss:3.4874 train_time:15912560ms step_avg:3284.33ms
step:4856/6200 train_loss:3.5329 train_time:15915836ms step_avg:3284.32ms
step:4857/6200 train_loss:3.6080 train_time:15919110ms step_avg:3284.32ms
step:4858/6200 train_loss:3.3758 train_time:15922388ms step_avg:3284.32ms
step:4859/6200 train_loss:3.1296 train_time:15925666ms step_avg:3284.32ms
step:4860/6200 train_loss:3.3276 train_time:15928946ms step_avg:3284.32ms
step:4861/6200 train_loss:3.5007 train_time:15932225ms step_avg:3284.32ms
step:4862/6200 train_loss:3.3459 train_time:15935501ms step_avg:3284.32ms
step:4863/6200 train_loss:3.4193 train_time:15938780ms step_avg:3284.31ms
step:4864/6200 train_loss:3.2556 train_time:15942055ms step_avg:3284.31ms
step:4865/6200 train_loss:3.2792 train_time:15945336ms step_avg:3284.31ms
step:4866/6200 train_loss:3.4905 train_time:15948615ms step_avg:3284.31ms
step:4867/6200 train_loss:3.3618 train_time:15951893ms step_avg:3284.31ms
step:4868/6200 train_loss:3.4998 train_time:15955168ms step_avg:3284.31ms
step:4869/6200 train_loss:3.1764 train_time:15958447ms step_avg:3284.31ms
step:4870/6200 train_loss:3.5071 train_time:15961722ms step_avg:3284.30ms
step:4871/6200 train_loss:3.3795 train_time:15965002ms step_avg:3284.30ms
step:4872/6200 train_loss:3.5926 train_time:15968281ms step_avg:3284.30ms
step:4873/6200 train_loss:3.4335 train_time:15971557ms step_avg:3284.30ms
step:4874/6200 train_loss:3.4731 train_time:15974837ms step_avg:3284.30ms
step:4875/6200 train_loss:3.2894 train_time:15978118ms step_avg:3284.30ms
step:4875/6200 val_loss:3.3954 train_time:15978129ms step_avg:3284.30ms
step:4876/6200 train_loss:3.3591 train_time:15981400ms step_avg:3284.30ms
step:4877/6200 train_loss:3.3203 train_time:15984683ms step_avg:3284.30ms
step:4878/6200 train_loss:3.4767 train_time:15987965ms step_avg:3284.30ms
step:4879/6200 train_loss:3.1913 train_time:15991244ms step_avg:3284.30ms
step:4880/6200 train_loss:3.1667 train_time:15994523ms step_avg:3284.30ms
step:4881/6200 train_loss:3.3316 train_time:15997800ms step_avg:3284.29ms
step:4882/6200 train_loss:3.3945 train_time:16001079ms step_avg:3284.29ms
step:4883/6200 train_loss:3.4039 train_time:16004361ms step_avg:3284.29ms
step:4884/6200 train_loss:3.2698 train_time:16007642ms step_avg:3284.29ms
step:4885/6200 train_loss:3.4625 train_time:16010915ms step_avg:3284.29ms
step:4886/6200 train_loss:3.2814 train_time:16014196ms step_avg:3284.29ms
step:4887/6200 train_loss:3.3772 train_time:16017476ms step_avg:3284.29ms
step:4888/6200 train_loss:3.2840 train_time:16020757ms step_avg:3284.29ms
step:4889/6200 train_loss:3.3621 train_time:16024036ms step_avg:3284.29ms
step:4890/6200 train_loss:3.2981 train_time:16027319ms step_avg:3284.29ms
step:4891/6200 train_loss:3.1910 train_time:16030600ms step_avg:3284.29ms
step:4892/6200 train_loss:3.3467 train_time:16033883ms step_avg:3284.29ms
step:4893/6200 train_loss:3.4174 train_time:16037162ms step_avg:3284.28ms
step:4894/6200 train_loss:3.3159 train_time:16040448ms step_avg:3284.29ms
step:4895/6200 train_loss:3.5063 train_time:16043731ms step_avg:3284.28ms
step:4896/6200 train_loss:3.3307 train_time:16047014ms step_avg:3284.28ms
step:4897/6200 train_loss:3.2736 train_time:16050298ms step_avg:3284.28ms
step:4898/6200 train_loss:3.4415 train_time:16053575ms step_avg:3284.28ms
step:4899/6200 train_loss:3.5024 train_time:16056858ms step_avg:3284.28ms
step:4900/6200 train_loss:3.2924 train_time:16060138ms step_avg:3284.28ms
step:4901/6200 train_loss:3.5076 train_time:16063419ms step_avg:3284.28ms
step:4902/6200 train_loss:3.4564 train_time:16066701ms step_avg:3284.28ms
step:4903/6200 train_loss:3.5618 train_time:16069984ms step_avg:3284.28ms
step:4904/6200 train_loss:3.3522 train_time:16073267ms step_avg:3284.28ms
step:4905/6200 train_loss:3.2766 train_time:16076551ms step_avg:3284.28ms
step:4906/6200 train_loss:3.4014 train_time:16079833ms step_avg:3284.28ms
step:4907/6200 train_loss:3.4128 train_time:16083117ms step_avg:3284.28ms
step:4908/6200 train_loss:3.2543 train_time:16086394ms step_avg:3284.28ms
step:4909/6200 train_loss:3.3027 train_time:16089673ms step_avg:3284.28ms
step:4910/6200 train_loss:3.1530 train_time:16092958ms step_avg:3284.28ms
step:4911/6200 train_loss:3.4207 train_time:16096241ms step_avg:3284.28ms
step:4912/6200 train_loss:3.2436 train_time:16099522ms step_avg:3284.28ms
step:4913/6200 train_loss:3.2971 train_time:16102810ms step_avg:3284.28ms
step:4914/6200 train_loss:3.5068 train_time:16106092ms step_avg:3284.28ms
step:4915/6200 train_loss:3.3016 train_time:16109375ms step_avg:3284.28ms
step:4916/6200 train_loss:3.4171 train_time:16112663ms step_avg:3284.28ms
step:4917/6200 train_loss:3.4568 train_time:16115945ms step_avg:3284.28ms
step:4918/6200 train_loss:4.0262 train_time:16119230ms step_avg:3284.28ms
step:4919/6200 train_loss:3.3266 train_time:16122516ms step_avg:3284.28ms
step:4920/6200 train_loss:3.2572 train_time:16125801ms step_avg:3284.28ms
step:4921/6200 train_loss:3.1471 train_time:16129083ms step_avg:3284.28ms
step:4922/6200 train_loss:3.4114 train_time:16132370ms step_avg:3284.28ms
step:4923/6200 train_loss:3.3111 train_time:16135653ms step_avg:3284.28ms
step:4924/6200 train_loss:3.4024 train_time:16138932ms step_avg:3284.28ms
step:4925/6200 train_loss:3.2363 train_time:16142214ms step_avg:3284.28ms
step:4926/6200 train_loss:3.2441 train_time:16145498ms step_avg:3284.28ms
step:4927/6200 train_loss:3.6773 train_time:16148783ms step_avg:3284.28ms
step:4928/6200 train_loss:3.2533 train_time:16152067ms step_avg:3284.28ms
step:4929/6200 train_loss:3.4489 train_time:16155349ms step_avg:3284.28ms
step:4930/6200 train_loss:3.3979 train_time:16158633ms step_avg:3284.27ms
step:4931/6200 train_loss:3.2451 train_time:16161914ms step_avg:3284.27ms
step:4932/6200 train_loss:3.1717 train_time:16165200ms step_avg:3284.27ms
step:4933/6200 train_loss:3.5221 train_time:16168482ms step_avg:3284.27ms
step:4934/6200 train_loss:3.2715 train_time:16171766ms step_avg:3284.27ms
step:4935/6200 train_loss:3.3149 train_time:16175050ms step_avg:3284.27ms
step:4936/6200 train_loss:3.3620 train_time:16178334ms step_avg:3284.27ms
step:4937/6200 train_loss:3.2062 train_time:16181620ms step_avg:3284.27ms
step:4938/6200 train_loss:3.4026 train_time:16184902ms step_avg:3284.27ms
step:4939/6200 train_loss:3.2452 train_time:16188184ms step_avg:3284.27ms
step:4940/6200 train_loss:3.3045 train_time:16191470ms step_avg:3284.27ms
step:4941/6200 train_loss:3.3941 train_time:16194752ms step_avg:3284.27ms
step:4942/6200 train_loss:3.2428 train_time:16198034ms step_avg:3284.27ms
step:4943/6200 train_loss:3.4300 train_time:16201317ms step_avg:3284.27ms
step:4944/6200 train_loss:3.3228 train_time:16204603ms step_avg:3284.27ms
step:4945/6200 train_loss:3.2280 train_time:16207885ms step_avg:3284.27ms
step:4946/6200 train_loss:3.3083 train_time:16211166ms step_avg:3284.27ms
step:4947/6200 train_loss:3.2519 train_time:16214450ms step_avg:3284.27ms
step:4948/6200 train_loss:3.3963 train_time:16217734ms step_avg:3284.27ms
step:4949/6200 train_loss:3.2756 train_time:16221020ms step_avg:3284.27ms
step:4950/6200 train_loss:3.2747 train_time:16224304ms step_avg:3284.27ms
step:4951/6200 train_loss:3.5900 train_time:16227589ms step_avg:3284.27ms
step:4952/6200 train_loss:3.1132 train_time:16230872ms step_avg:3284.27ms
step:4953/6200 train_loss:3.3960 train_time:16234156ms step_avg:3284.27ms
step:4954/6200 train_loss:3.3378 train_time:16237443ms step_avg:3284.27ms
step:4955/6200 train_loss:3.3088 train_time:16240726ms step_avg:3284.27ms
step:4956/6200 train_loss:3.2681 train_time:16244010ms step_avg:3284.27ms
step:4957/6200 train_loss:3.2524 train_time:16247299ms step_avg:3284.27ms
step:4958/6200 train_loss:3.2082 train_time:16250578ms step_avg:3284.27ms
step:4959/6200 train_loss:3.2911 train_time:16253860ms step_avg:3284.27ms
step:4960/6200 train_loss:3.1073 train_time:16257142ms step_avg:3284.27ms
step:4961/6200 train_loss:3.4019 train_time:16260426ms step_avg:3284.27ms
step:4962/6200 train_loss:3.3230 train_time:16263710ms step_avg:3284.27ms
step:4963/6200 train_loss:3.3674 train_time:16266997ms step_avg:3284.27ms
step:4964/6200 train_loss:3.4377 train_time:16270280ms step_avg:3284.27ms
step:4965/6200 train_loss:3.3998 train_time:16273564ms step_avg:3284.27ms
step:4966/6200 train_loss:3.1470 train_time:16276847ms step_avg:3284.27ms
step:4967/6200 train_loss:2.8596 train_time:16280134ms step_avg:3284.27ms
step:4968/6200 train_loss:3.1899 train_time:16283419ms step_avg:3284.27ms
step:4969/6200 train_loss:3.4320 train_time:16286706ms step_avg:3284.27ms
step:4970/6200 train_loss:3.3286 train_time:16289990ms step_avg:3284.27ms
step:4971/6200 train_loss:3.3068 train_time:16293278ms step_avg:3284.27ms
step:4972/6200 train_loss:3.1819 train_time:16296559ms step_avg:3284.27ms
step:4973/6200 train_loss:3.3854 train_time:16299841ms step_avg:3284.27ms
step:4974/6200 train_loss:3.2977 train_time:16303125ms step_avg:3284.27ms
step:4975/6200 train_loss:3.2820 train_time:16306419ms step_avg:3284.27ms
step:4976/6200 train_loss:3.2269 train_time:16309705ms step_avg:3284.27ms
step:4977/6200 train_loss:3.2122 train_time:16312992ms step_avg:3284.27ms
step:4978/6200 train_loss:3.4745 train_time:16316276ms step_avg:3284.27ms
step:4979/6200 train_loss:3.4436 train_time:16319558ms step_avg:3284.27ms
step:4980/6200 train_loss:3.3920 train_time:16322847ms step_avg:3284.28ms
step:4981/6200 train_loss:3.3323 train_time:16326132ms step_avg:3284.28ms
step:4982/6200 train_loss:3.3436 train_time:16329416ms step_avg:3284.28ms
step:4983/6200 train_loss:3.2525 train_time:16332699ms step_avg:3284.27ms
step:4984/6200 train_loss:3.2942 train_time:16335983ms step_avg:3284.27ms
step:4985/6200 train_loss:3.2058 train_time:16339268ms step_avg:3284.27ms
step:4986/6200 train_loss:3.3060 train_time:16342553ms step_avg:3284.28ms
step:4987/6200 train_loss:3.3521 train_time:16345838ms step_avg:3284.28ms
step:4988/6200 train_loss:3.2542 train_time:16349126ms step_avg:3284.28ms
step:4989/6200 train_loss:3.2366 train_time:16352413ms step_avg:3284.28ms
step:4990/6200 train_loss:3.1453 train_time:16355702ms step_avg:3284.28ms
step:4991/6200 train_loss:3.4058 train_time:16358985ms step_avg:3284.28ms
step:4992/6200 train_loss:3.5605 train_time:16362269ms step_avg:3284.28ms
step:4993/6200 train_loss:3.2720 train_time:16365558ms step_avg:3284.28ms
step:4994/6200 train_loss:3.3100 train_time:16368842ms step_avg:3284.28ms
step:4995/6200 train_loss:3.6654 train_time:16372126ms step_avg:3284.28ms
step:4996/6200 train_loss:3.2962 train_time:16375414ms step_avg:3284.28ms
step:4997/6200 train_loss:3.4724 train_time:16378706ms step_avg:3284.28ms
step:4998/6200 train_loss:3.2066 train_time:16381989ms step_avg:3284.28ms
step:4999/6200 train_loss:3.2581 train_time:16385272ms step_avg:3284.28ms
step:5000/6200 train_loss:3.1282 train_time:16388561ms step_avg:3284.28ms
step:5000/6200 val_loss:3.3862 train_time:16388573ms step_avg:3284.28ms
step:5001/6200 train_loss:3.4107 train_time:16391844ms step_avg:3284.28ms
step:5002/6200 train_loss:3.3971 train_time:16395122ms step_avg:3284.28ms
step:5003/6200 train_loss:3.5383 train_time:16398401ms step_avg:3284.28ms
step:5004/6200 train_loss:3.4101 train_time:16401683ms step_avg:3284.28ms
step:5005/6200 train_loss:3.2012 train_time:16404964ms step_avg:3284.28ms
step:5006/6200 train_loss:3.0937 train_time:16408246ms step_avg:3284.28ms
step:5007/6200 train_loss:3.5108 train_time:16411525ms step_avg:3284.28ms
step:5008/6200 train_loss:3.4244 train_time:16414798ms step_avg:3284.27ms
step:5009/6200 train_loss:3.3267 train_time:16418082ms step_avg:3284.27ms
step:5010/6200 train_loss:3.1353 train_time:16421363ms step_avg:3284.27ms
step:5011/6200 train_loss:3.4539 train_time:16424643ms step_avg:3284.27ms
step:5012/6200 train_loss:3.3376 train_time:16427925ms step_avg:3284.27ms
step:5013/6200 train_loss:3.3384 train_time:16431205ms step_avg:3284.27ms
step:5014/6200 train_loss:3.3532 train_time:16434485ms step_avg:3284.27ms
step:5015/6200 train_loss:3.2345 train_time:16437767ms step_avg:3284.27ms
step:5016/6200 train_loss:3.3125 train_time:16441050ms step_avg:3284.27ms
step:5017/6200 train_loss:3.4074 train_time:16444330ms step_avg:3284.27ms
step:5018/6200 train_loss:3.1580 train_time:16447614ms step_avg:3284.27ms
step:5019/6200 train_loss:3.2713 train_time:16450893ms step_avg:3284.27ms
step:5020/6200 train_loss:3.6039 train_time:16454176ms step_avg:3284.27ms
step:5021/6200 train_loss:3.2774 train_time:16457460ms step_avg:3284.27ms
step:5022/6200 train_loss:3.4624 train_time:16460741ms step_avg:3284.27ms
step:5023/6200 train_loss:3.5760 train_time:16464022ms step_avg:3284.27ms
step:5024/6200 train_loss:3.3768 train_time:16467304ms step_avg:3284.26ms
step:5025/6200 train_loss:3.4005 train_time:16470586ms step_avg:3284.26ms
step:5026/6200 train_loss:3.2406 train_time:16473868ms step_avg:3284.26ms
step:5027/6200 train_loss:3.3315 train_time:16477148ms step_avg:3284.26ms
step:5028/6200 train_loss:3.7328 train_time:16480431ms step_avg:3284.26ms
step:5029/6200 train_loss:3.1903 train_time:16483719ms step_avg:3284.26ms
step:5030/6200 train_loss:3.3439 train_time:16487003ms step_avg:3284.26ms
step:5031/6200 train_loss:3.3951 train_time:16490286ms step_avg:3284.26ms
step:5032/6200 train_loss:3.2920 train_time:16493570ms step_avg:3284.26ms
step:5033/6200 train_loss:3.4028 train_time:16496855ms step_avg:3284.26ms
step:5034/6200 train_loss:3.4600 train_time:16500136ms step_avg:3284.26ms
step:5035/6200 train_loss:3.0767 train_time:16503418ms step_avg:3284.26ms
step:5036/6200 train_loss:3.3302 train_time:16506703ms step_avg:3284.26ms
step:5037/6200 train_loss:3.3962 train_time:16509987ms step_avg:3284.26ms
step:5038/6200 train_loss:3.2332 train_time:16513271ms step_avg:3284.26ms
step:5039/6200 train_loss:3.2730 train_time:16516554ms step_avg:3284.26ms
step:5040/6200 train_loss:3.4822 train_time:16519838ms step_avg:3284.26ms
step:5041/6200 train_loss:3.3106 train_time:16523121ms step_avg:3284.26ms
step:5042/6200 train_loss:3.2092 train_time:16526407ms step_avg:3284.26ms
step:5043/6200 train_loss:3.2078 train_time:16529688ms step_avg:3284.26ms
step:5044/6200 train_loss:3.5905 train_time:16532972ms step_avg:3284.26ms
step:5045/6200 train_loss:3.3335 train_time:16536260ms step_avg:3284.26ms
step:5046/6200 train_loss:3.1708 train_time:16539541ms step_avg:3284.26ms
step:5047/6200 train_loss:3.4152 train_time:16542821ms step_avg:3284.26ms
step:5048/6200 train_loss:3.2336 train_time:16546104ms step_avg:3284.26ms
step:5049/6200 train_loss:3.4092 train_time:16549388ms step_avg:3284.26ms
step:5050/6200 train_loss:3.4650 train_time:16552674ms step_avg:3284.26ms
step:5051/6200 train_loss:3.3607 train_time:16555956ms step_avg:3284.26ms
step:5052/6200 train_loss:3.5346 train_time:16559239ms step_avg:3284.26ms
step:5053/6200 train_loss:3.3567 train_time:16562520ms step_avg:3284.26ms
step:5054/6200 train_loss:3.5475 train_time:16565801ms step_avg:3284.26ms
step:5055/6200 train_loss:3.2537 train_time:16569086ms step_avg:3284.26ms
step:5056/6200 train_loss:3.2736 train_time:16572368ms step_avg:3284.26ms
step:5057/6200 train_loss:3.4374 train_time:16575651ms step_avg:3284.26ms
step:5058/6200 train_loss:3.3608 train_time:16578933ms step_avg:3284.26ms
step:5059/6200 train_loss:3.4615 train_time:16582221ms step_avg:3284.26ms
step:5060/6200 train_loss:3.2981 train_time:16585502ms step_avg:3284.26ms
step:5061/6200 train_loss:3.1081 train_time:16588789ms step_avg:3284.26ms
step:5062/6200 train_loss:3.2590 train_time:16592076ms step_avg:3284.26ms
step:5063/6200 train_loss:3.3894 train_time:16595360ms step_avg:3284.26ms
step:5064/6200 train_loss:3.4162 train_time:16598643ms step_avg:3284.26ms
step:5065/6200 train_loss:3.6747 train_time:16601926ms step_avg:3284.26ms
step:5066/6200 train_loss:3.2037 train_time:16605211ms step_avg:3284.26ms
step:5067/6200 train_loss:3.2210 train_time:16608490ms step_avg:3284.26ms
step:5068/6200 train_loss:3.3523 train_time:16611774ms step_avg:3284.26ms
step:5069/6200 train_loss:3.1643 train_time:16615060ms step_avg:3284.26ms
step:5070/6200 train_loss:3.4171 train_time:16618346ms step_avg:3284.26ms
step:5071/6200 train_loss:3.5666 train_time:16621631ms step_avg:3284.26ms
step:5072/6200 train_loss:3.3650 train_time:16624916ms step_avg:3284.26ms
step:5073/6200 train_loss:3.3125 train_time:16628200ms step_avg:3284.26ms
step:5074/6200 train_loss:3.3431 train_time:16631488ms step_avg:3284.26ms
step:5075/6200 train_loss:3.1431 train_time:16634773ms step_avg:3284.26ms
step:5076/6200 train_loss:3.2548 train_time:16638059ms step_avg:3284.26ms
step:5077/6200 train_loss:3.2887 train_time:16641342ms step_avg:3284.26ms
step:5078/6200 train_loss:3.4406 train_time:16644629ms step_avg:3284.26ms
step:5079/6200 train_loss:3.1645 train_time:16647914ms step_avg:3284.26ms
step:5080/6200 train_loss:3.5473 train_time:16651200ms step_avg:3284.26ms
step:5081/6200 train_loss:3.2457 train_time:16654485ms step_avg:3284.26ms
step:5082/6200 train_loss:3.5554 train_time:16657770ms step_avg:3284.26ms
step:5083/6200 train_loss:3.6191 train_time:16661053ms step_avg:3284.26ms
step:5084/6200 train_loss:3.1638 train_time:16664335ms step_avg:3284.26ms
step:5085/6200 train_loss:3.4649 train_time:16667618ms step_avg:3284.26ms
step:5086/6200 train_loss:3.2514 train_time:16670903ms step_avg:3284.26ms
step:5087/6200 train_loss:3.3069 train_time:16674189ms step_avg:3284.26ms
step:5088/6200 train_loss:3.0470 train_time:16677473ms step_avg:3284.26ms
step:5089/6200 train_loss:3.2004 train_time:16680755ms step_avg:3284.26ms
step:5090/6200 train_loss:3.8430 train_time:16684042ms step_avg:3284.26ms
step:5091/6200 train_loss:3.4012 train_time:16687326ms step_avg:3284.26ms
step:5092/6200 train_loss:3.2393 train_time:16690609ms step_avg:3284.26ms
step:5093/6200 train_loss:3.3175 train_time:16693889ms step_avg:3284.26ms
step:5094/6200 train_loss:3.2556 train_time:16697170ms step_avg:3284.26ms
step:5095/6200 train_loss:3.6480 train_time:16700454ms step_avg:3284.26ms
step:5096/6200 train_loss:3.3214 train_time:16703739ms step_avg:3284.26ms
step:5097/6200 train_loss:3.2050 train_time:16707025ms step_avg:3284.26ms
step:5098/6200 train_loss:3.5181 train_time:16710308ms step_avg:3284.26ms
step:5099/6200 train_loss:3.1732 train_time:16713591ms step_avg:3284.26ms
step:5100/6200 train_loss:3.2850 train_time:16716875ms step_avg:3284.26ms
step:5101/6200 train_loss:3.4580 train_time:16720163ms step_avg:3284.26ms
step:5102/6200 train_loss:3.4230 train_time:16723446ms step_avg:3284.26ms
step:5103/6200 train_loss:3.3052 train_time:16726731ms step_avg:3284.26ms
step:5104/6200 train_loss:3.3926 train_time:16730015ms step_avg:3284.26ms
step:5105/6200 train_loss:3.2723 train_time:16733300ms step_avg:3284.26ms
step:5106/6200 train_loss:3.2943 train_time:16736582ms step_avg:3284.26ms
step:5107/6200 train_loss:3.3799 train_time:16739863ms step_avg:3284.26ms
step:5108/6200 train_loss:3.3836 train_time:16743148ms step_avg:3284.26ms
step:5109/6200 train_loss:3.3909 train_time:16746440ms step_avg:3284.26ms
step:5110/6200 train_loss:3.3384 train_time:16749729ms step_avg:3284.26ms
step:5111/6200 train_loss:3.3028 train_time:16753021ms step_avg:3284.26ms
step:5112/6200 train_loss:3.4395 train_time:16756305ms step_avg:3284.26ms
step:5113/6200 train_loss:3.2545 train_time:16759590ms step_avg:3284.26ms
step:5114/6200 train_loss:3.3951 train_time:16762877ms step_avg:3284.26ms
step:5115/6200 train_loss:3.4242 train_time:16766162ms step_avg:3284.26ms
step:5116/6200 train_loss:3.3165 train_time:16769448ms step_avg:3284.26ms
step:5117/6200 train_loss:3.3952 train_time:16772731ms step_avg:3284.26ms
step:5118/6200 train_loss:3.3406 train_time:16776018ms step_avg:3284.26ms
step:5119/6200 train_loss:3.2817 train_time:16779302ms step_avg:3284.26ms
step:5120/6200 train_loss:3.3888 train_time:16782590ms step_avg:3284.26ms
step:5121/6200 train_loss:3.4592 train_time:16785877ms step_avg:3284.26ms
step:5122/6200 train_loss:3.3237 train_time:16789163ms step_avg:3284.27ms
step:5123/6200 train_loss:3.6559 train_time:16792445ms step_avg:3284.26ms
step:5124/6200 train_loss:2.9591 train_time:16795731ms step_avg:3284.26ms
step:5125/6200 train_loss:3.3797 train_time:16799017ms step_avg:3284.27ms
step:5125/6200 val_loss:3.3764 train_time:16799030ms step_avg:3284.27ms
step:5126/6200 train_loss:3.4350 train_time:16802301ms step_avg:3284.27ms
step:5127/6200 train_loss:3.2797 train_time:16805579ms step_avg:3284.26ms
step:5128/6200 train_loss:3.3691 train_time:16808854ms step_avg:3284.26ms
step:5129/6200 train_loss:3.2311 train_time:16812132ms step_avg:3284.26ms
step:5130/6200 train_loss:3.3167 train_time:16815411ms step_avg:3284.26ms
step:5131/6200 train_loss:3.6173 train_time:16818690ms step_avg:3284.26ms
step:5132/6200 train_loss:3.3134 train_time:16821968ms step_avg:3284.26ms
step:5133/6200 train_loss:3.3131 train_time:16825242ms step_avg:3284.26ms
step:5134/6200 train_loss:3.2563 train_time:16828518ms step_avg:3284.25ms
step:5135/6200 train_loss:3.3211 train_time:16831794ms step_avg:3284.25ms
step:5136/6200 train_loss:3.2703 train_time:16835070ms step_avg:3284.25ms
step:5137/6200 train_loss:3.2274 train_time:16838344ms step_avg:3284.25ms
step:5138/6200 train_loss:3.1048 train_time:16841618ms step_avg:3284.25ms
step:5139/6200 train_loss:3.4884 train_time:16844896ms step_avg:3284.25ms
step:5140/6200 train_loss:3.1868 train_time:16848173ms step_avg:3284.24ms
step:5141/6200 train_loss:3.3975 train_time:16851453ms step_avg:3284.24ms
step:5142/6200 train_loss:3.5763 train_time:16854733ms step_avg:3284.24ms
step:5143/6200 train_loss:3.3231 train_time:16858008ms step_avg:3284.24ms
step:5144/6200 train_loss:4.0484 train_time:16861290ms step_avg:3284.24ms
step:5145/6200 train_loss:3.3390 train_time:16864565ms step_avg:3284.24ms
step:5146/6200 train_loss:3.2771 train_time:16867841ms step_avg:3284.24ms
step:5147/6200 train_loss:3.2925 train_time:16871120ms step_avg:3284.24ms
step:5148/6200 train_loss:3.0845 train_time:16874395ms step_avg:3284.23ms
step:5149/6200 train_loss:3.2889 train_time:16877673ms step_avg:3284.23ms
step:5150/6200 train_loss:3.3171 train_time:16880952ms step_avg:3284.23ms
step:5151/6200 train_loss:3.2323 train_time:16884230ms step_avg:3284.23ms
step:5152/6200 train_loss:3.3274 train_time:16887507ms step_avg:3284.23ms
step:5153/6200 train_loss:3.3576 train_time:16890783ms step_avg:3284.23ms
step:5154/6200 train_loss:3.4117 train_time:16894060ms step_avg:3284.23ms
step:5155/6200 train_loss:3.7321 train_time:16897339ms step_avg:3284.23ms
step:5156/6200 train_loss:3.2866 train_time:16900621ms step_avg:3284.22ms
step:5157/6200 train_loss:3.3823 train_time:16903897ms step_avg:3284.22ms
step:5158/6200 train_loss:3.2699 train_time:16907173ms step_avg:3284.22ms
step:5159/6200 train_loss:3.3687 train_time:16910450ms step_avg:3284.22ms
step:5160/6200 train_loss:3.3098 train_time:16913730ms step_avg:3284.22ms
step:5161/6200 train_loss:3.0398 train_time:16917008ms step_avg:3284.22ms
step:5162/6200 train_loss:3.2943 train_time:16920286ms step_avg:3284.22ms
step:5163/6200 train_loss:3.4967 train_time:16923571ms step_avg:3284.22ms
step:5164/6200 train_loss:3.3000 train_time:16926849ms step_avg:3284.22ms
step:5165/6200 train_loss:3.2393 train_time:16930126ms step_avg:3284.21ms
step:5166/6200 train_loss:3.2318 train_time:16933405ms step_avg:3284.21ms
step:5167/6200 train_loss:3.3700 train_time:16936684ms step_avg:3284.21ms
step:5168/6200 train_loss:3.1990 train_time:16939965ms step_avg:3284.21ms
step:5169/6200 train_loss:3.3714 train_time:16943244ms step_avg:3284.21ms
step:5170/6200 train_loss:3.0977 train_time:16946525ms step_avg:3284.21ms
step:5171/6200 train_loss:3.4854 train_time:16949805ms step_avg:3284.21ms
step:5172/6200 train_loss:3.4330 train_time:16953085ms step_avg:3284.21ms
step:5173/6200 train_loss:3.2470 train_time:16956366ms step_avg:3284.21ms
step:5174/6200 train_loss:3.2660 train_time:16959646ms step_avg:3284.21ms
step:5175/6200 train_loss:3.2469 train_time:16962926ms step_avg:3284.21ms
step:5176/6200 train_loss:3.3451 train_time:16966205ms step_avg:3284.21ms
step:5177/6200 train_loss:3.2967 train_time:16969482ms step_avg:3284.20ms
step:5178/6200 train_loss:3.3835 train_time:16972766ms step_avg:3284.20ms
step:5179/6200 train_loss:3.7988 train_time:16976046ms step_avg:3284.20ms
step:5180/6200 train_loss:3.1514 train_time:16979326ms step_avg:3284.20ms
step:5181/6200 train_loss:3.2514 train_time:16982607ms step_avg:3284.20ms
step:5182/6200 train_loss:3.2455 train_time:16985890ms step_avg:3284.20ms
step:5183/6200 train_loss:3.4648 train_time:16989174ms step_avg:3284.20ms
step:5184/6200 train_loss:3.2531 train_time:16992465ms step_avg:3284.20ms
step:5185/6200 train_loss:3.4002 train_time:16995749ms step_avg:3284.20ms
step:5186/6200 train_loss:3.1864 train_time:16999035ms step_avg:3284.20ms
step:5187/6200 train_loss:3.4483 train_time:17002317ms step_avg:3284.20ms
step:5188/6200 train_loss:3.3057 train_time:17005602ms step_avg:3284.20ms
step:5189/6200 train_loss:3.3831 train_time:17008883ms step_avg:3284.20ms
step:5190/6200 train_loss:3.2945 train_time:17012166ms step_avg:3284.20ms
step:5191/6200 train_loss:3.4754 train_time:17015444ms step_avg:3284.20ms
step:5192/6200 train_loss:3.2294 train_time:17018726ms step_avg:3284.20ms
step:5193/6200 train_loss:3.2336 train_time:17022010ms step_avg:3284.20ms
step:5194/6200 train_loss:3.4026 train_time:17025294ms step_avg:3284.20ms
step:5195/6200 train_loss:3.3913 train_time:17028578ms step_avg:3284.20ms
step:5196/6200 train_loss:3.2404 train_time:17031865ms step_avg:3284.20ms
step:5197/6200 train_loss:3.2787 train_time:17035146ms step_avg:3284.20ms
step:5198/6200 train_loss:3.2922 train_time:17038427ms step_avg:3284.20ms
step:5199/6200 train_loss:3.3621 train_time:17041710ms step_avg:3284.20ms
step:5200/6200 train_loss:3.2258 train_time:17044996ms step_avg:3284.20ms
step:5201/6200 train_loss:3.2894 train_time:17048283ms step_avg:3284.20ms
step:5202/6200 train_loss:3.2240 train_time:17051569ms step_avg:3284.20ms
step:5203/6200 train_loss:3.3448 train_time:17054853ms step_avg:3284.20ms
step:5204/6200 train_loss:3.5382 train_time:17058137ms step_avg:3284.20ms
step:5205/6200 train_loss:3.3007 train_time:17061426ms step_avg:3284.20ms
step:5206/6200 train_loss:3.2618 train_time:17064709ms step_avg:3284.20ms
step:5207/6200 train_loss:3.1765 train_time:17067991ms step_avg:3284.20ms
step:5208/6200 train_loss:3.3165 train_time:17071276ms step_avg:3284.20ms
step:5209/6200 train_loss:3.4813 train_time:17074565ms step_avg:3284.20ms
step:5210/6200 train_loss:3.5639 train_time:17077851ms step_avg:3284.20ms
step:5211/6200 train_loss:3.4141 train_time:17081137ms step_avg:3284.20ms
step:5212/6200 train_loss:3.2487 train_time:17084426ms step_avg:3284.20ms
step:5213/6200 train_loss:3.0830 train_time:17087714ms step_avg:3284.20ms
step:5214/6200 train_loss:3.3128 train_time:17091001ms step_avg:3284.20ms
step:5215/6200 train_loss:3.3990 train_time:17094286ms step_avg:3284.20ms
step:5216/6200 train_loss:3.3041 train_time:17097575ms step_avg:3284.21ms
step:5217/6200 train_loss:3.4476 train_time:17100860ms step_avg:3284.21ms
step:5218/6200 train_loss:3.6699 train_time:17104150ms step_avg:3284.21ms
step:5219/6200 train_loss:3.3255 train_time:17107436ms step_avg:3284.21ms
step:5220/6200 train_loss:3.5832 train_time:17110723ms step_avg:3284.21ms
step:5221/6200 train_loss:3.3784 train_time:17114010ms step_avg:3284.21ms
step:5222/6200 train_loss:3.3132 train_time:17117296ms step_avg:3284.21ms
step:5223/6200 train_loss:3.4115 train_time:17120579ms step_avg:3284.21ms
step:5224/6200 train_loss:3.3659 train_time:17123865ms step_avg:3284.21ms
step:5225/6200 train_loss:3.4440 train_time:17127150ms step_avg:3284.21ms
step:5226/6200 train_loss:3.3040 train_time:17130434ms step_avg:3284.21ms
step:5227/6200 train_loss:3.4344 train_time:17133718ms step_avg:3284.21ms
step:5228/6200 train_loss:3.3681 train_time:17137009ms step_avg:3284.21ms
step:5229/6200 train_loss:3.3843 train_time:17140297ms step_avg:3284.21ms
step:5230/6200 train_loss:3.1472 train_time:17143587ms step_avg:3284.21ms
step:5231/6200 train_loss:3.5635 train_time:17146877ms step_avg:3284.21ms
step:5232/6200 train_loss:3.3230 train_time:17150167ms step_avg:3284.21ms
step:5233/6200 train_loss:3.3482 train_time:17153455ms step_avg:3284.21ms
step:5234/6200 train_loss:3.2203 train_time:17156747ms step_avg:3284.22ms
step:5235/6200 train_loss:3.3026 train_time:17160036ms step_avg:3284.22ms
step:5236/6200 train_loss:3.4057 train_time:17163327ms step_avg:3284.22ms
step:5237/6200 train_loss:3.2217 train_time:17166617ms step_avg:3284.22ms
step:5238/6200 train_loss:3.1757 train_time:17169906ms step_avg:3284.22ms
step:5239/6200 train_loss:3.3627 train_time:17173197ms step_avg:3284.22ms
step:5240/6200 train_loss:3.2287 train_time:17176487ms step_avg:3284.22ms
step:5241/6200 train_loss:3.1051 train_time:17179771ms step_avg:3284.22ms
step:5242/6200 train_loss:3.1919 train_time:17183054ms step_avg:3284.22ms
step:5243/6200 train_loss:3.3201 train_time:17186345ms step_avg:3284.22ms
step:5244/6200 train_loss:3.2634 train_time:17189640ms step_avg:3284.23ms
step:5245/6200 train_loss:3.1954 train_time:17192922ms step_avg:3284.23ms
step:5246/6200 train_loss:3.4733 train_time:17196208ms step_avg:3284.23ms
step:5247/6200 train_loss:3.3889 train_time:17199495ms step_avg:3284.23ms
step:5248/6200 train_loss:3.6172 train_time:17202784ms step_avg:3284.23ms
step:5249/6200 train_loss:3.2593 train_time:17206073ms step_avg:3284.23ms
step:5250/6200 train_loss:3.2693 train_time:17209364ms step_avg:3284.23ms
step:5250/6200 val_loss:3.3666 train_time:17209376ms step_avg:3284.23ms
step:5251/6200 train_loss:3.2384 train_time:17212645ms step_avg:3284.23ms
step:5252/6200 train_loss:3.6317 train_time:17215927ms step_avg:3284.23ms
step:5253/6200 train_loss:3.2676 train_time:17219206ms step_avg:3284.23ms
step:5254/6200 train_loss:3.2773 train_time:17222489ms step_avg:3284.23ms
step:5255/6200 train_loss:3.5054 train_time:17225770ms step_avg:3284.23ms
step:5256/6200 train_loss:3.5097 train_time:17229052ms step_avg:3284.23ms
step:5257/6200 train_loss:3.3085 train_time:17232336ms step_avg:3284.23ms
step:5258/6200 train_loss:3.2290 train_time:17235613ms step_avg:3284.23ms
step:5259/6200 train_loss:3.1088 train_time:17238895ms step_avg:3284.22ms
step:5260/6200 train_loss:3.3194 train_time:17242174ms step_avg:3284.22ms
step:5261/6200 train_loss:3.2457 train_time:17245451ms step_avg:3284.22ms
step:5262/6200 train_loss:3.2368 train_time:17248730ms step_avg:3284.22ms
step:5263/6200 train_loss:3.3199 train_time:17252009ms step_avg:3284.22ms
step:5264/6200 train_loss:3.1503 train_time:17255290ms step_avg:3284.22ms
step:5265/6200 train_loss:3.4319 train_time:17258568ms step_avg:3284.22ms
step:5266/6200 train_loss:3.3587 train_time:17261849ms step_avg:3284.22ms
step:5267/6200 train_loss:3.1266 train_time:17265129ms step_avg:3284.22ms
step:5268/6200 train_loss:3.3483 train_time:17268409ms step_avg:3284.22ms
step:5269/6200 train_loss:3.1960 train_time:17271683ms step_avg:3284.21ms
step:5270/6200 train_loss:2.9549 train_time:17274960ms step_avg:3284.21ms
step:5271/6200 train_loss:3.3498 train_time:17278238ms step_avg:3284.21ms
step:5272/6200 train_loss:3.3386 train_time:17281519ms step_avg:3284.21ms
step:5273/6200 train_loss:3.2923 train_time:17284799ms step_avg:3284.21ms
step:5274/6200 train_loss:3.2950 train_time:17288074ms step_avg:3284.21ms
step:5275/6200 train_loss:3.7016 train_time:17291355ms step_avg:3284.21ms
step:5276/6200 train_loss:3.2871 train_time:17294636ms step_avg:3284.21ms
step:5277/6200 train_loss:3.3916 train_time:17297912ms step_avg:3284.21ms
step:5278/6200 train_loss:3.3770 train_time:17301195ms step_avg:3284.21ms
step:5279/6200 train_loss:3.4849 train_time:17304474ms step_avg:3284.20ms
step:5280/6200 train_loss:3.4064 train_time:17307755ms step_avg:3284.20ms
step:5281/6200 train_loss:3.1310 train_time:17311034ms step_avg:3284.20ms
step:5282/6200 train_loss:3.3179 train_time:17314314ms step_avg:3284.20ms
step:5283/6200 train_loss:3.3599 train_time:17317595ms step_avg:3284.20ms
step:5284/6200 train_loss:3.2727 train_time:17320871ms step_avg:3284.20ms
step:5285/6200 train_loss:3.4098 train_time:17324148ms step_avg:3284.20ms
step:5286/6200 train_loss:3.1027 train_time:17327429ms step_avg:3284.20ms
step:5287/6200 train_loss:3.3236 train_time:17330707ms step_avg:3284.20ms
step:5288/6200 train_loss:3.2551 train_time:17333985ms step_avg:3284.20ms
step:5289/6200 train_loss:3.2033 train_time:17337262ms step_avg:3284.19ms
step:5290/6200 train_loss:3.3865 train_time:17340535ms step_avg:3284.19ms
step:5291/6200 train_loss:3.0320 train_time:17343810ms step_avg:3284.19ms
step:5292/6200 train_loss:3.2763 train_time:17347087ms step_avg:3284.19ms
step:5293/6200 train_loss:3.3228 train_time:17350364ms step_avg:3284.19ms
step:5294/6200 train_loss:3.2086 train_time:17353645ms step_avg:3284.19ms
step:5295/6200 train_loss:3.2237 train_time:17356924ms step_avg:3284.19ms
step:5296/6200 train_loss:3.2776 train_time:17360204ms step_avg:3284.19ms
step:5297/6200 train_loss:3.1380 train_time:17363490ms step_avg:3284.19ms
step:5298/6200 train_loss:3.2639 train_time:17366768ms step_avg:3284.18ms
step:5299/6200 train_loss:3.3738 train_time:17370044ms step_avg:3284.18ms
step:5300/6200 train_loss:3.3772 train_time:17373324ms step_avg:3284.18ms
step:5301/6200 train_loss:3.4502 train_time:17376604ms step_avg:3284.18ms
step:5302/6200 train_loss:3.3212 train_time:17379888ms step_avg:3284.18ms
step:5303/6200 train_loss:3.2216 train_time:17383172ms step_avg:3284.18ms
step:5304/6200 train_loss:3.3940 train_time:17386451ms step_avg:3284.18ms
step:5305/6200 train_loss:3.2346 train_time:17389732ms step_avg:3284.18ms
step:5306/6200 train_loss:3.5187 train_time:17393010ms step_avg:3284.18ms
step:5307/6200 train_loss:3.6490 train_time:17396290ms step_avg:3284.18ms
step:5308/6200 train_loss:3.3258 train_time:17399568ms step_avg:3284.18ms
step:5309/6200 train_loss:3.6214 train_time:17402847ms step_avg:3284.18ms
step:5310/6200 train_loss:3.1089 train_time:17406126ms step_avg:3284.17ms
step:5311/6200 train_loss:3.3254 train_time:17409406ms step_avg:3284.17ms
step:5312/6200 train_loss:3.3812 train_time:17412689ms step_avg:3284.17ms
step:5313/6200 train_loss:3.8159 train_time:17415966ms step_avg:3284.17ms
step:5314/6200 train_loss:3.3588 train_time:17419249ms step_avg:3284.17ms
step:5315/6200 train_loss:3.1833 train_time:17422531ms step_avg:3284.17ms
step:5316/6200 train_loss:3.4172 train_time:17425814ms step_avg:3284.17ms
step:5317/6200 train_loss:3.3285 train_time:17429095ms step_avg:3284.17ms
step:5318/6200 train_loss:3.2021 train_time:17432381ms step_avg:3284.17ms
step:5319/6200 train_loss:3.1553 train_time:17435659ms step_avg:3284.17ms
step:5320/6200 train_loss:3.3153 train_time:17438937ms step_avg:3284.17ms
step:5321/6200 train_loss:3.2950 train_time:17442217ms step_avg:3284.17ms
step:5322/6200 train_loss:3.2896 train_time:17445495ms step_avg:3284.17ms
step:5323/6200 train_loss:3.2728 train_time:17448778ms step_avg:3284.17ms
step:5324/6200 train_loss:3.2548 train_time:17452056ms step_avg:3284.17ms
step:5325/6200 train_loss:3.1393 train_time:17455334ms step_avg:3284.16ms
step:5326/6200 train_loss:3.1190 train_time:17458616ms step_avg:3284.16ms
step:5327/6200 train_loss:3.4618 train_time:17461895ms step_avg:3284.16ms
step:5328/6200 train_loss:3.1745 train_time:17465170ms step_avg:3284.16ms
step:5329/6200 train_loss:3.2466 train_time:17468443ms step_avg:3284.16ms
step:5330/6200 train_loss:3.1965 train_time:17471722ms step_avg:3284.16ms
step:5331/6200 train_loss:3.7235 train_time:17475003ms step_avg:3284.16ms
step:5332/6200 train_loss:3.3611 train_time:17478281ms step_avg:3284.16ms
step:5333/6200 train_loss:3.2382 train_time:17481560ms step_avg:3284.16ms
step:5334/6200 train_loss:3.3267 train_time:17484836ms step_avg:3284.15ms
step:5335/6200 train_loss:3.2743 train_time:17488114ms step_avg:3284.15ms
step:5336/6200 train_loss:3.1974 train_time:17491389ms step_avg:3284.15ms
step:5337/6200 train_loss:3.1957 train_time:17494669ms step_avg:3284.15ms
step:5338/6200 train_loss:3.2187 train_time:17497965ms step_avg:3284.15ms
step:5339/6200 train_loss:3.4495 train_time:17501253ms step_avg:3284.15ms
step:5340/6200 train_loss:3.4272 train_time:17504531ms step_avg:3284.15ms
step:5341/6200 train_loss:3.2789 train_time:17507809ms step_avg:3284.15ms
step:5342/6200 train_loss:3.1363 train_time:17511088ms step_avg:3284.15ms
step:5343/6200 train_loss:3.3076 train_time:17514368ms step_avg:3284.15ms
step:5344/6200 train_loss:3.2911 train_time:17517649ms step_avg:3284.15ms
step:5345/6200 train_loss:3.2855 train_time:17520930ms step_avg:3284.15ms
step:5346/6200 train_loss:3.4120 train_time:17524212ms step_avg:3284.15ms
step:5347/6200 train_loss:3.1688 train_time:17527494ms step_avg:3284.15ms
step:5348/6200 train_loss:3.3241 train_time:17530768ms step_avg:3284.15ms
step:5349/6200 train_loss:3.0777 train_time:17534047ms step_avg:3284.14ms
step:5350/6200 train_loss:3.3522 train_time:17537330ms step_avg:3284.14ms
step:5351/6200 train_loss:3.7597 train_time:17540615ms step_avg:3284.14ms
step:5352/6200 train_loss:3.2450 train_time:17543898ms step_avg:3284.14ms
step:5353/6200 train_loss:3.3550 train_time:17547179ms step_avg:3284.14ms
step:5354/6200 train_loss:3.2593 train_time:17550460ms step_avg:3284.14ms
step:5355/6200 train_loss:3.4651 train_time:17553744ms step_avg:3284.14ms
step:5356/6200 train_loss:3.2731 train_time:17557027ms step_avg:3284.14ms
step:5357/6200 train_loss:3.1429 train_time:17560308ms step_avg:3284.14ms
step:5358/6200 train_loss:3.2710 train_time:17563586ms step_avg:3284.14ms
step:5359/6200 train_loss:3.3349 train_time:17566867ms step_avg:3284.14ms
step:5360/6200 train_loss:3.2101 train_time:17570149ms step_avg:3284.14ms
step:5361/6200 train_loss:3.3214 train_time:17573431ms step_avg:3284.14ms
step:5362/6200 train_loss:3.2829 train_time:17576716ms step_avg:3284.14ms
step:5363/6200 train_loss:3.3270 train_time:17579999ms step_avg:3284.14ms
step:5364/6200 train_loss:3.4012 train_time:17583280ms step_avg:3284.14ms
step:5365/6200 train_loss:3.2656 train_time:17586562ms step_avg:3284.14ms
step:5366/6200 train_loss:3.3933 train_time:17589845ms step_avg:3284.14ms
step:5367/6200 train_loss:3.2777 train_time:17593127ms step_avg:3284.14ms
step:5368/6200 train_loss:3.6155 train_time:17596410ms step_avg:3284.14ms
step:5369/6200 train_loss:3.4348 train_time:17599693ms step_avg:3284.14ms
step:5370/6200 train_loss:3.2807 train_time:17602973ms step_avg:3284.14ms
step:5371/6200 train_loss:3.2632 train_time:17606258ms step_avg:3284.14ms
step:5372/6200 train_loss:3.3700 train_time:17609543ms step_avg:3284.14ms
step:5373/6200 train_loss:3.7946 train_time:17612826ms step_avg:3284.14ms
step:5374/6200 train_loss:3.3716 train_time:17616107ms step_avg:3284.14ms
step:5375/6200 train_loss:3.6119 train_time:17619391ms step_avg:3284.14ms
step:5375/6200 val_loss:3.3588 train_time:17619403ms step_avg:3284.14ms
step:5376/6200 train_loss:3.5024 train_time:17622673ms step_avg:3284.14ms
step:5377/6200 train_loss:3.3991 train_time:17625952ms step_avg:3284.13ms
step:5378/6200 train_loss:3.6069 train_time:17629230ms step_avg:3284.13ms
step:5379/6200 train_loss:3.2347 train_time:17632504ms step_avg:3284.13ms
step:5380/6200 train_loss:3.2954 train_time:17635778ms step_avg:3284.13ms
step:5381/6200 train_loss:3.2710 train_time:17639058ms step_avg:3284.13ms
step:5382/6200 train_loss:3.0966 train_time:17642339ms step_avg:3284.13ms
step:5383/6200 train_loss:3.2699 train_time:17645619ms step_avg:3284.13ms
step:5384/6200 train_loss:3.1029 train_time:17648898ms step_avg:3284.13ms
step:5385/6200 train_loss:3.3259 train_time:17652177ms step_avg:3284.13ms
step:5386/6200 train_loss:3.9538 train_time:17655457ms step_avg:3284.13ms
step:5387/6200 train_loss:3.2399 train_time:17658735ms step_avg:3284.12ms
step:5388/6200 train_loss:3.3310 train_time:17662013ms step_avg:3284.12ms
step:5389/6200 train_loss:3.2725 train_time:17665291ms step_avg:3284.12ms
step:5390/6200 train_loss:3.2702 train_time:17668575ms step_avg:3284.12ms
step:5391/6200 train_loss:3.4149 train_time:17671854ms step_avg:3284.12ms
step:5392/6200 train_loss:3.3386 train_time:17675133ms step_avg:3284.12ms
step:5393/6200 train_loss:3.2229 train_time:17678411ms step_avg:3284.12ms
step:5394/6200 train_loss:3.2519 train_time:17681690ms step_avg:3284.12ms
step:5395/6200 train_loss:3.3195 train_time:17684968ms step_avg:3284.12ms
step:5396/6200 train_loss:3.2666 train_time:17688249ms step_avg:3284.12ms
step:5397/6200 train_loss:3.4944 train_time:17691527ms step_avg:3284.11ms
step:5398/6200 train_loss:3.3524 train_time:17694804ms step_avg:3284.11ms
step:5399/6200 train_loss:3.2606 train_time:17698086ms step_avg:3284.11ms
step:5400/6200 train_loss:3.2584 train_time:17701365ms step_avg:3284.11ms
step:5401/6200 train_loss:3.3121 train_time:17704644ms step_avg:3284.11ms
step:5402/6200 train_loss:3.2910 train_time:17707928ms step_avg:3284.11ms
step:5403/6200 train_loss:3.2707 train_time:17711210ms step_avg:3284.11ms
step:5404/6200 train_loss:3.2368 train_time:17714492ms step_avg:3284.11ms
step:5405/6200 train_loss:3.2983 train_time:17717775ms step_avg:3284.11ms
step:5406/6200 train_loss:3.2272 train_time:17721051ms step_avg:3284.11ms
step:5407/6200 train_loss:3.3467 train_time:17724330ms step_avg:3284.11ms
step:5408/6200 train_loss:3.6157 train_time:17727611ms step_avg:3284.11ms
step:5409/6200 train_loss:3.4176 train_time:17730895ms step_avg:3284.11ms
step:5410/6200 train_loss:3.2484 train_time:17734176ms step_avg:3284.11ms
step:5411/6200 train_loss:3.3309 train_time:17737455ms step_avg:3284.11ms
step:5412/6200 train_loss:3.2201 train_time:17740741ms step_avg:3284.11ms
step:5413/6200 train_loss:3.2512 train_time:17744025ms step_avg:3284.11ms
step:5414/6200 train_loss:3.3255 train_time:17747311ms step_avg:3284.11ms
step:5415/6200 train_loss:3.1555 train_time:17750592ms step_avg:3284.11ms
step:5416/6200 train_loss:3.3736 train_time:17753874ms step_avg:3284.11ms
step:5417/6200 train_loss:3.2155 train_time:17757156ms step_avg:3284.11ms
step:5418/6200 train_loss:3.1817 train_time:17760439ms step_avg:3284.10ms
step:5419/6200 train_loss:3.2233 train_time:17763720ms step_avg:3284.10ms
step:5420/6200 train_loss:3.3663 train_time:17767001ms step_avg:3284.10ms
step:5421/6200 train_loss:3.3012 train_time:17770281ms step_avg:3284.10ms
step:5422/6200 train_loss:3.0912 train_time:17773562ms step_avg:3284.10ms
step:5423/6200 train_loss:3.2628 train_time:17776843ms step_avg:3284.10ms
step:5424/6200 train_loss:3.3045 train_time:17780127ms step_avg:3284.10ms
step:5425/6200 train_loss:3.4864 train_time:17783409ms step_avg:3284.10ms
step:5426/6200 train_loss:3.3242 train_time:17786690ms step_avg:3284.10ms
step:5427/6200 train_loss:3.8628 train_time:17789972ms step_avg:3284.10ms
step:5428/6200 train_loss:3.2830 train_time:17793253ms step_avg:3284.10ms
step:5429/6200 train_loss:3.1239 train_time:17796535ms step_avg:3284.10ms
step:5430/6200 train_loss:3.1635 train_time:17799814ms step_avg:3284.10ms
step:5431/6200 train_loss:3.3513 train_time:17803101ms step_avg:3284.10ms
step:5432/6200 train_loss:3.2734 train_time:17806382ms step_avg:3284.10ms
step:5433/6200 train_loss:3.3167 train_time:17809663ms step_avg:3284.10ms
step:5434/6200 train_loss:3.2764 train_time:17812945ms step_avg:3284.10ms
step:5435/6200 train_loss:3.1393 train_time:17816223ms step_avg:3284.10ms
step:5436/6200 train_loss:3.1822 train_time:17819505ms step_avg:3284.10ms
step:5437/6200 train_loss:3.3071 train_time:17822788ms step_avg:3284.10ms
step:5438/6200 train_loss:3.0820 train_time:17826070ms step_avg:3284.10ms
step:5439/6200 train_loss:2.9963 train_time:17829354ms step_avg:3284.10ms
step:5440/6200 train_loss:3.3645 train_time:17832637ms step_avg:3284.10ms
step:5441/6200 train_loss:3.5518 train_time:17835921ms step_avg:3284.10ms
step:5442/6200 train_loss:3.1891 train_time:17839203ms step_avg:3284.09ms
step:5443/6200 train_loss:3.2508 train_time:17842486ms step_avg:3284.09ms
step:5444/6200 train_loss:3.3573 train_time:17845768ms step_avg:3284.09ms
step:5445/6200 train_loss:3.2696 train_time:17849049ms step_avg:3284.09ms
step:5446/6200 train_loss:3.3934 train_time:17852333ms step_avg:3284.09ms
step:5447/6200 train_loss:3.4201 train_time:17855614ms step_avg:3284.09ms
step:5448/6200 train_loss:3.3057 train_time:17858897ms step_avg:3284.09ms
step:5449/6200 train_loss:3.3488 train_time:17862179ms step_avg:3284.09ms
step:5450/6200 train_loss:3.3186 train_time:17865461ms step_avg:3284.09ms
step:5451/6200 train_loss:3.3368 train_time:17868742ms step_avg:3284.09ms
step:5452/6200 train_loss:3.4484 train_time:17872026ms step_avg:3284.09ms
step:5453/6200 train_loss:3.2390 train_time:17875313ms step_avg:3284.09ms
step:5454/6200 train_loss:3.1742 train_time:17878596ms step_avg:3284.09ms
step:5455/6200 train_loss:3.3249 train_time:17881878ms step_avg:3284.09ms
step:5456/6200 train_loss:3.0894 train_time:17885162ms step_avg:3284.09ms
step:5457/6200 train_loss:3.2741 train_time:17888440ms step_avg:3284.09ms
step:5458/6200 train_loss:3.4233 train_time:17891724ms step_avg:3284.09ms
step:5459/6200 train_loss:3.3918 train_time:17895007ms step_avg:3284.09ms
step:5460/6200 train_loss:3.1905 train_time:17898289ms step_avg:3284.09ms
step:5461/6200 train_loss:3.3639 train_time:17901572ms step_avg:3284.09ms
step:5462/6200 train_loss:3.0928 train_time:17904855ms step_avg:3284.09ms
step:5463/6200 train_loss:3.3254 train_time:17908136ms step_avg:3284.09ms
step:5464/6200 train_loss:3.2310 train_time:17911420ms step_avg:3284.09ms
step:5465/6200 train_loss:3.3585 train_time:17914705ms step_avg:3284.09ms
step:5466/6200 train_loss:3.2185 train_time:17917990ms step_avg:3284.09ms
step:5467/6200 train_loss:2.8606 train_time:17921270ms step_avg:3284.09ms
step:5468/6200 train_loss:3.1546 train_time:17924551ms step_avg:3284.09ms
step:5469/6200 train_loss:3.5102 train_time:17927834ms step_avg:3284.09ms
step:5470/6200 train_loss:3.2267 train_time:17931121ms step_avg:3284.09ms
step:5471/6200 train_loss:3.1267 train_time:17934401ms step_avg:3284.09ms
step:5472/6200 train_loss:3.3064 train_time:17937682ms step_avg:3284.09ms
step:5473/6200 train_loss:3.3159 train_time:17940963ms step_avg:3284.09ms
step:5474/6200 train_loss:3.2656 train_time:17944246ms step_avg:3284.09ms
step:5475/6200 train_loss:3.3446 train_time:17947531ms step_avg:3284.09ms
step:5476/6200 train_loss:3.2089 train_time:17950817ms step_avg:3284.09ms
step:5477/6200 train_loss:3.2117 train_time:17954103ms step_avg:3284.09ms
step:5478/6200 train_loss:3.1238 train_time:17957387ms step_avg:3284.09ms
step:5479/6200 train_loss:4.2348 train_time:17960666ms step_avg:3284.09ms
step:5480/6200 train_loss:3.1720 train_time:17963950ms step_avg:3284.09ms
step:5481/6200 train_loss:3.2523 train_time:17967235ms step_avg:3284.09ms
step:5482/6200 train_loss:3.2392 train_time:17970516ms step_avg:3284.09ms
step:5483/6200 train_loss:3.2117 train_time:17973800ms step_avg:3284.09ms
step:5484/6200 train_loss:3.3544 train_time:17977082ms step_avg:3284.09ms
step:5485/6200 train_loss:3.2223 train_time:17980364ms step_avg:3284.08ms
step:5486/6200 train_loss:3.3309 train_time:17983649ms step_avg:3284.09ms
step:5487/6200 train_loss:3.3368 train_time:17986933ms step_avg:3284.08ms
step:5488/6200 train_loss:3.2780 train_time:17990213ms step_avg:3284.08ms
step:5489/6200 train_loss:3.2196 train_time:17993498ms step_avg:3284.08ms
step:5490/6200 train_loss:3.3203 train_time:17996782ms step_avg:3284.08ms
step:5491/6200 train_loss:3.3869 train_time:18000067ms step_avg:3284.08ms
step:5492/6200 train_loss:3.1806 train_time:18003350ms step_avg:3284.08ms
step:5493/6200 train_loss:3.2756 train_time:18006634ms step_avg:3284.08ms
step:5494/6200 train_loss:3.2571 train_time:18009915ms step_avg:3284.08ms
step:5495/6200 train_loss:3.1695 train_time:18013201ms step_avg:3284.08ms
step:5496/6200 train_loss:3.2377 train_time:18016485ms step_avg:3284.08ms
step:5497/6200 train_loss:3.4039 train_time:18019768ms step_avg:3284.08ms
step:5498/6200 train_loss:3.2274 train_time:18023050ms step_avg:3284.08ms
step:5499/6200 train_loss:3.2917 train_time:18026330ms step_avg:3284.08ms
step:5500/6200 train_loss:3.1778 train_time:18029617ms step_avg:3284.08ms
step:5500/6200 val_loss:3.3501 train_time:18029629ms step_avg:3284.09ms
step:5501/6200 train_loss:3.2017 train_time:18032899ms step_avg:3284.08ms
step:5502/6200 train_loss:3.3085 train_time:18036179ms step_avg:3284.08ms
step:5503/6200 train_loss:3.2562 train_time:18039462ms step_avg:3284.08ms
step:5504/6200 train_loss:3.2935 train_time:18042741ms step_avg:3284.08ms
step:5505/6200 train_loss:3.2931 train_time:18046021ms step_avg:3284.08ms
step:5506/6200 train_loss:3.3862 train_time:18049306ms step_avg:3284.08ms
step:5507/6200 train_loss:3.5544 train_time:18052584ms step_avg:3284.08ms
step:5508/6200 train_loss:3.4893 train_time:18055867ms step_avg:3284.08ms
step:5509/6200 train_loss:3.8062 train_time:18059141ms step_avg:3284.08ms
step:5510/6200 train_loss:3.1313 train_time:18062422ms step_avg:3284.08ms
step:5511/6200 train_loss:3.4599 train_time:18065703ms step_avg:3284.08ms
step:5512/6200 train_loss:3.2272 train_time:18068982ms step_avg:3284.08ms
step:5513/6200 train_loss:3.4951 train_time:18072262ms step_avg:3284.07ms
step:5514/6200 train_loss:3.3232 train_time:18075540ms step_avg:3284.07ms
step:5515/6200 train_loss:3.0584 train_time:18078814ms step_avg:3284.07ms
step:5516/6200 train_loss:3.3184 train_time:18082090ms step_avg:3284.07ms
step:5517/6200 train_loss:3.2273 train_time:18085369ms step_avg:3284.07ms
step:5518/6200 train_loss:3.2950 train_time:18088650ms step_avg:3284.07ms
step:5519/6200 train_loss:3.4187 train_time:18091929ms step_avg:3284.07ms
step:5520/6200 train_loss:3.5284 train_time:18095207ms step_avg:3284.07ms
step:5521/6200 train_loss:3.2790 train_time:18098483ms step_avg:3284.07ms
step:5522/6200 train_loss:3.5743 train_time:18101764ms step_avg:3284.06ms
step:5523/6200 train_loss:3.1602 train_time:18105043ms step_avg:3284.06ms
step:5524/6200 train_loss:3.6394 train_time:18108324ms step_avg:3284.06ms
step:5525/6200 train_loss:3.2181 train_time:18111605ms step_avg:3284.06ms
step:5526/6200 train_loss:3.1749 train_time:18114883ms step_avg:3284.06ms
step:5527/6200 train_loss:3.1018 train_time:18118167ms step_avg:3284.06ms
step:5528/6200 train_loss:3.2162 train_time:18121444ms step_avg:3284.06ms
step:5529/6200 train_loss:3.2845 train_time:18124803ms step_avg:3284.07ms
step:5530/6200 train_loss:3.3217 train_time:18128083ms step_avg:3284.07ms
step:5531/6200 train_loss:3.4657 train_time:18131363ms step_avg:3284.07ms
step:5532/6200 train_loss:3.2710 train_time:18134648ms step_avg:3284.07ms
step:5533/6200 train_loss:3.6308 train_time:18137924ms step_avg:3284.07ms
step:5534/6200 train_loss:3.2404 train_time:18141204ms step_avg:3284.07ms
step:5535/6200 train_loss:3.4237 train_time:18144483ms step_avg:3284.07ms
step:5536/6200 train_loss:3.2334 train_time:18147761ms step_avg:3284.07ms
step:5537/6200 train_loss:3.4405 train_time:18151039ms step_avg:3284.07ms
step:5538/6200 train_loss:3.1264 train_time:18154317ms step_avg:3284.07ms
step:5539/6200 train_loss:3.1313 train_time:18157592ms step_avg:3284.06ms
step:5540/6200 train_loss:3.1876 train_time:18160869ms step_avg:3284.06ms
step:5541/6200 train_loss:3.2703 train_time:18164148ms step_avg:3284.06ms
step:5542/6200 train_loss:3.3325 train_time:18167429ms step_avg:3284.06ms
step:5543/6200 train_loss:3.4465 train_time:18170709ms step_avg:3284.06ms
step:5544/6200 train_loss:3.4049 train_time:18173988ms step_avg:3284.06ms
step:5545/6200 train_loss:3.2652 train_time:18177265ms step_avg:3284.06ms
step:5546/6200 train_loss:3.4068 train_time:18180544ms step_avg:3284.06ms
step:5547/6200 train_loss:3.2510 train_time:18183821ms step_avg:3284.06ms
step:5548/6200 train_loss:3.5868 train_time:18187102ms step_avg:3284.06ms
step:5549/6200 train_loss:3.1893 train_time:18190386ms step_avg:3284.06ms
step:5550/6200 train_loss:3.2860 train_time:18193668ms step_avg:3284.06ms
step:5551/6200 train_loss:3.1733 train_time:18196949ms step_avg:3284.06ms
step:5552/6200 train_loss:3.1105 train_time:18200230ms step_avg:3284.05ms
step:5553/6200 train_loss:3.3242 train_time:18203509ms step_avg:3284.05ms
step:5554/6200 train_loss:3.2604 train_time:18206786ms step_avg:3284.05ms
step:5555/6200 train_loss:3.2755 train_time:18210068ms step_avg:3284.05ms
step:5556/6200 train_loss:3.2951 train_time:18213352ms step_avg:3284.05ms
step:5557/6200 train_loss:3.3840 train_time:18216632ms step_avg:3284.05ms
step:5558/6200 train_loss:3.3400 train_time:18219913ms step_avg:3284.05ms
step:5559/6200 train_loss:3.2080 train_time:18223197ms step_avg:3284.05ms
step:5560/6200 train_loss:3.3593 train_time:18226476ms step_avg:3284.05ms
step:5561/6200 train_loss:3.3246 train_time:18229757ms step_avg:3284.05ms
step:5562/6200 train_loss:3.5409 train_time:18233039ms step_avg:3284.05ms
step:5563/6200 train_loss:3.1564 train_time:18236321ms step_avg:3284.05ms
step:5564/6200 train_loss:3.3254 train_time:18239602ms step_avg:3284.05ms
step:5565/6200 train_loss:3.2306 train_time:18242885ms step_avg:3284.05ms
step:5566/6200 train_loss:3.0978 train_time:18246169ms step_avg:3284.05ms
step:5567/6200 train_loss:3.2666 train_time:18249450ms step_avg:3284.05ms
step:5568/6200 train_loss:3.2222 train_time:18252736ms step_avg:3284.05ms
step:5569/6200 train_loss:3.2808 train_time:18256023ms step_avg:3284.05ms
step:5570/6200 train_loss:3.2265 train_time:18259307ms step_avg:3284.05ms
step:5571/6200 train_loss:3.1950 train_time:18262591ms step_avg:3284.05ms
step:5572/6200 train_loss:3.1570 train_time:18265871ms step_avg:3284.05ms
step:5573/6200 train_loss:3.4600 train_time:18269150ms step_avg:3284.05ms
step:5574/6200 train_loss:3.1930 train_time:18272431ms step_avg:3284.05ms
step:5575/6200 train_loss:3.3797 train_time:18275715ms step_avg:3284.05ms
step:5576/6200 train_loss:3.2393 train_time:18278997ms step_avg:3284.05ms
step:5577/6200 train_loss:3.2272 train_time:18282280ms step_avg:3284.05ms
step:5578/6200 train_loss:3.1542 train_time:18285562ms step_avg:3284.04ms
step:5579/6200 train_loss:3.3124 train_time:18288839ms step_avg:3284.04ms
step:5580/6200 train_loss:3.3968 train_time:18292122ms step_avg:3284.04ms
step:5581/6200 train_loss:3.3349 train_time:18295404ms step_avg:3284.04ms
step:5582/6200 train_loss:3.3863 train_time:18298683ms step_avg:3284.04ms
step:5583/6200 train_loss:3.3483 train_time:18301962ms step_avg:3284.04ms
step:5584/6200 train_loss:3.2225 train_time:18305246ms step_avg:3284.04ms
step:5585/6200 train_loss:3.2225 train_time:18308526ms step_avg:3284.04ms
step:5586/6200 train_loss:3.3236 train_time:18311806ms step_avg:3284.04ms
step:5587/6200 train_loss:3.2101 train_time:18315087ms step_avg:3284.04ms
step:5588/6200 train_loss:3.3357 train_time:18318365ms step_avg:3284.04ms
step:5589/6200 train_loss:3.2847 train_time:18321648ms step_avg:3284.04ms
step:5590/6200 train_loss:3.3521 train_time:18324931ms step_avg:3284.04ms
step:5591/6200 train_loss:3.2927 train_time:18328219ms step_avg:3284.04ms
step:5592/6200 train_loss:3.6247 train_time:18331500ms step_avg:3284.04ms
step:5593/6200 train_loss:3.5852 train_time:18334779ms step_avg:3284.04ms
step:5594/6200 train_loss:3.1259 train_time:18338057ms step_avg:3284.04ms
step:5595/6200 train_loss:3.4175 train_time:18341337ms step_avg:3284.04ms
step:5596/6200 train_loss:3.2179 train_time:18344618ms step_avg:3284.03ms
step:5597/6200 train_loss:3.1058 train_time:18347899ms step_avg:3284.03ms
step:5598/6200 train_loss:3.2124 train_time:18351177ms step_avg:3284.03ms
step:5599/6200 train_loss:3.2361 train_time:18354458ms step_avg:3284.03ms
step:5600/6200 train_loss:2.8845 train_time:18357736ms step_avg:3284.03ms
step:5601/6200 train_loss:3.2370 train_time:18361015ms step_avg:3284.03ms
step:5602/6200 train_loss:3.2348 train_time:18364301ms step_avg:3284.03ms
step:5603/6200 train_loss:3.3350 train_time:18367583ms step_avg:3284.03ms
step:5604/6200 train_loss:3.1886 train_time:18370864ms step_avg:3284.03ms
step:5605/6200 train_loss:3.4060 train_time:18374144ms step_avg:3284.03ms
step:5606/6200 train_loss:3.1556 train_time:18377427ms step_avg:3284.03ms
step:5607/6200 train_loss:3.2098 train_time:18380706ms step_avg:3284.03ms
step:5608/6200 train_loss:3.3752 train_time:18383987ms step_avg:3284.03ms
step:5609/6200 train_loss:3.3022 train_time:18387272ms step_avg:3284.03ms
step:5610/6200 train_loss:3.4229 train_time:18390549ms step_avg:3284.03ms
step:5611/6200 train_loss:3.2595 train_time:18393830ms step_avg:3284.03ms
step:5612/6200 train_loss:3.2446 train_time:18397113ms step_avg:3284.03ms
step:5613/6200 train_loss:3.2874 train_time:18400393ms step_avg:3284.03ms
step:5614/6200 train_loss:3.6552 train_time:18403671ms step_avg:3284.02ms
step:5615/6200 train_loss:3.2789 train_time:18406949ms step_avg:3284.02ms
step:5616/6200 train_loss:3.3931 train_time:18410231ms step_avg:3284.02ms
step:5617/6200 train_loss:3.2388 train_time:18413509ms step_avg:3284.02ms
step:5618/6200 train_loss:3.3630 train_time:18416786ms step_avg:3284.02ms
step:5619/6200 train_loss:3.2106 train_time:18420062ms step_avg:3284.02ms
step:5620/6200 train_loss:3.3404 train_time:18423338ms step_avg:3284.02ms
step:5621/6200 train_loss:3.2567 train_time:18426612ms step_avg:3284.02ms
step:5622/6200 train_loss:3.1116 train_time:18429886ms step_avg:3284.01ms
step:5623/6200 train_loss:3.2004 train_time:18433160ms step_avg:3284.01ms
step:5624/6200 train_loss:3.3040 train_time:18436433ms step_avg:3284.01ms
step:5625/6200 train_loss:3.2043 train_time:18439706ms step_avg:3284.01ms
step:5625/6200 val_loss:3.3411 train_time:18439718ms step_avg:3284.01ms
step:5626/6200 train_loss:3.3253 train_time:18442985ms step_avg:3284.01ms
step:5627/6200 train_loss:3.2869 train_time:18446258ms step_avg:3284.01ms
step:5628/6200 train_loss:3.2465 train_time:18449538ms step_avg:3284.00ms
step:5629/6200 train_loss:3.1172 train_time:18452815ms step_avg:3284.00ms
step:5630/6200 train_loss:3.2915 train_time:18456090ms step_avg:3284.00ms
step:5631/6200 train_loss:3.2991 train_time:18459366ms step_avg:3284.00ms
step:5632/6200 train_loss:3.1967 train_time:18462646ms step_avg:3284.00ms
step:5633/6200 train_loss:3.2527 train_time:18465925ms step_avg:3284.00ms
step:5634/6200 train_loss:3.2315 train_time:18469201ms step_avg:3284.00ms
step:5635/6200 train_loss:3.3681 train_time:18472474ms step_avg:3284.00ms
step:5636/6200 train_loss:3.3617 train_time:18475750ms step_avg:3283.99ms
step:5637/6200 train_loss:3.3517 train_time:18479027ms step_avg:3283.99ms
step:5638/6200 train_loss:3.3155 train_time:18482300ms step_avg:3283.99ms
step:5639/6200 train_loss:3.2905 train_time:18485581ms step_avg:3283.99ms
step:5640/6200 train_loss:3.2423 train_time:18488861ms step_avg:3283.99ms
step:5641/6200 train_loss:3.1445 train_time:18492143ms step_avg:3283.99ms
step:5642/6200 train_loss:3.2579 train_time:18495422ms step_avg:3283.99ms
step:5643/6200 train_loss:3.3175 train_time:18498698ms step_avg:3283.99ms
step:5644/6200 train_loss:3.3002 train_time:18501979ms step_avg:3283.99ms
step:5645/6200 train_loss:3.4268 train_time:18505258ms step_avg:3283.99ms
step:5646/6200 train_loss:3.4381 train_time:18508536ms step_avg:3283.98ms
step:5647/6200 train_loss:3.3654 train_time:18511816ms step_avg:3283.98ms
step:5648/6200 train_loss:3.2047 train_time:18515091ms step_avg:3283.98ms
step:5649/6200 train_loss:3.1699 train_time:18518366ms step_avg:3283.98ms
step:5650/6200 train_loss:3.1585 train_time:18521644ms step_avg:3283.98ms
step:5651/6200 train_loss:3.4593 train_time:18524924ms step_avg:3283.98ms
step:5652/6200 train_loss:3.4179 train_time:18528204ms step_avg:3283.98ms
step:5653/6200 train_loss:3.2202 train_time:18531481ms step_avg:3283.98ms
step:5654/6200 train_loss:3.3920 train_time:18534757ms step_avg:3283.98ms
step:5655/6200 train_loss:3.1426 train_time:18538032ms step_avg:3283.97ms
step:5656/6200 train_loss:3.3913 train_time:18541312ms step_avg:3283.97ms
step:5657/6200 train_loss:3.2199 train_time:18544594ms step_avg:3283.97ms
step:5658/6200 train_loss:3.1693 train_time:18547872ms step_avg:3283.97ms
step:5659/6200 train_loss:3.3837 train_time:18551150ms step_avg:3283.97ms
step:5660/6200 train_loss:3.5062 train_time:18554431ms step_avg:3283.97ms
step:5661/6200 train_loss:3.1773 train_time:18557712ms step_avg:3283.97ms
step:5662/6200 train_loss:3.1747 train_time:18560991ms step_avg:3283.97ms
step:5663/6200 train_loss:3.1221 train_time:18564277ms step_avg:3283.97ms
step:5664/6200 train_loss:3.2838 train_time:18567559ms step_avg:3283.97ms
step:5665/6200 train_loss:3.6886 train_time:18570845ms step_avg:3283.97ms
step:5666/6200 train_loss:3.2840 train_time:18574125ms step_avg:3283.97ms
step:5667/6200 train_loss:3.1940 train_time:18577407ms step_avg:3283.97ms
step:5668/6200 train_loss:3.3134 train_time:18580688ms step_avg:3283.97ms
step:5669/6200 train_loss:3.3825 train_time:18583971ms step_avg:3283.97ms
step:5670/6200 train_loss:3.2617 train_time:18587253ms step_avg:3283.97ms
step:5671/6200 train_loss:3.1010 train_time:18590536ms step_avg:3283.97ms
step:5672/6200 train_loss:3.3103 train_time:18593815ms step_avg:3283.97ms
step:5673/6200 train_loss:2.9624 train_time:18597094ms step_avg:3283.97ms
step:5674/6200 train_loss:3.3332 train_time:18600378ms step_avg:3283.97ms
step:5675/6200 train_loss:3.6699 train_time:18603663ms step_avg:3283.97ms
step:5676/6200 train_loss:3.3694 train_time:18606944ms step_avg:3283.96ms
step:5677/6200 train_loss:3.3477 train_time:18610228ms step_avg:3283.96ms
step:5678/6200 train_loss:3.2790 train_time:18613509ms step_avg:3283.96ms
step:5679/6200 train_loss:3.3145 train_time:18616794ms step_avg:3283.96ms
step:5680/6200 train_loss:3.2347 train_time:18620077ms step_avg:3283.96ms
step:5681/6200 train_loss:3.1778 train_time:18623360ms step_avg:3283.96ms
step:5682/6200 train_loss:3.3370 train_time:18626643ms step_avg:3283.96ms
step:5683/6200 train_loss:3.1541 train_time:18629924ms step_avg:3283.96ms
step:5684/6200 train_loss:3.3198 train_time:18633208ms step_avg:3283.96ms
step:5685/6200 train_loss:3.2676 train_time:18636493ms step_avg:3283.96ms
step:5686/6200 train_loss:3.2842 train_time:18639776ms step_avg:3283.96ms
step:5687/6200 train_loss:3.2350 train_time:18643062ms step_avg:3283.96ms
step:5688/6200 train_loss:3.3544 train_time:18646349ms step_avg:3283.96ms
step:5689/6200 train_loss:3.1506 train_time:18649633ms step_avg:3283.96ms
step:5690/6200 train_loss:3.1291 train_time:18652918ms step_avg:3283.96ms
step:5691/6200 train_loss:3.4715 train_time:18656204ms step_avg:3283.96ms
step:5692/6200 train_loss:3.2670 train_time:18659486ms step_avg:3283.96ms
step:5693/6200 train_loss:3.2784 train_time:18662773ms step_avg:3283.97ms
step:5694/6200 train_loss:3.2849 train_time:18666059ms step_avg:3283.97ms
step:5695/6200 train_loss:3.2103 train_time:18669347ms step_avg:3283.97ms
step:5696/6200 train_loss:3.3076 train_time:18672629ms step_avg:3283.97ms
step:5697/6200 train_loss:3.2221 train_time:18675915ms step_avg:3283.97ms
step:5698/6200 train_loss:3.4588 train_time:18679199ms step_avg:3283.97ms
step:5699/6200 train_loss:3.2809 train_time:18682485ms step_avg:3283.97ms
step:5700/6200 train_loss:3.1429 train_time:18685766ms step_avg:3283.97ms
step:5701/6200 train_loss:3.0849 train_time:18689049ms step_avg:3283.97ms
step:5702/6200 train_loss:3.2576 train_time:18692331ms step_avg:3283.97ms
step:5703/6200 train_loss:3.2617 train_time:18695613ms step_avg:3283.97ms
step:5704/6200 train_loss:3.1733 train_time:18698896ms step_avg:3283.96ms
step:5705/6200 train_loss:3.4241 train_time:18702181ms step_avg:3283.97ms
step:5706/6200 train_loss:3.2187 train_time:18705464ms step_avg:3283.96ms
step:5707/6200 train_loss:3.2699 train_time:18708747ms step_avg:3283.96ms
step:5708/6200 train_loss:3.4241 train_time:18712034ms step_avg:3283.97ms
step:5709/6200 train_loss:3.3836 train_time:18715320ms step_avg:3283.97ms
step:5710/6200 train_loss:3.1695 train_time:18718608ms step_avg:3283.97ms
step:5711/6200 train_loss:3.5198 train_time:18721899ms step_avg:3283.97ms
step:5712/6200 train_loss:3.2399 train_time:18725186ms step_avg:3283.97ms
step:5713/6200 train_loss:3.6196 train_time:18728473ms step_avg:3283.97ms
step:5714/6200 train_loss:3.3345 train_time:18731761ms step_avg:3283.97ms
step:5715/6200 train_loss:4.3457 train_time:18735046ms step_avg:3283.97ms
step:5716/6200 train_loss:3.2232 train_time:18738332ms step_avg:3283.97ms
step:5717/6200 train_loss:3.0701 train_time:18741616ms step_avg:3283.97ms
step:5718/6200 train_loss:3.3923 train_time:18744902ms step_avg:3283.97ms
step:5719/6200 train_loss:3.4897 train_time:18748210ms step_avg:3283.97ms
step:5720/6200 train_loss:3.3571 train_time:18751495ms step_avg:3283.97ms
step:5721/6200 train_loss:3.2948 train_time:18754778ms step_avg:3283.97ms
step:5722/6200 train_loss:3.2315 train_time:18758064ms step_avg:3283.97ms
step:5723/6200 train_loss:3.2881 train_time:18761354ms step_avg:3283.98ms
step:5724/6200 train_loss:3.5959 train_time:18764640ms step_avg:3283.98ms
step:5725/6200 train_loss:3.4207 train_time:18767928ms step_avg:3283.98ms
step:5726/6200 train_loss:3.2411 train_time:18771217ms step_avg:3283.98ms
step:5727/6200 train_loss:3.0838 train_time:18774506ms step_avg:3283.98ms
step:5728/6200 train_loss:3.1852 train_time:18777793ms step_avg:3283.98ms
step:5729/6200 train_loss:3.2100 train_time:18781074ms step_avg:3283.98ms
step:5730/6200 train_loss:3.5820 train_time:18784360ms step_avg:3283.98ms
step:5731/6200 train_loss:3.3986 train_time:18787647ms step_avg:3283.98ms
step:5732/6200 train_loss:3.4272 train_time:18790932ms step_avg:3283.98ms
step:5733/6200 train_loss:3.0463 train_time:18794218ms step_avg:3283.98ms
step:5734/6200 train_loss:3.4786 train_time:18797504ms step_avg:3283.98ms
step:5735/6200 train_loss:3.3180 train_time:18800791ms step_avg:3283.98ms
step:5736/6200 train_loss:3.0880 train_time:18804079ms step_avg:3283.98ms
step:5737/6200 train_loss:3.2221 train_time:18807369ms step_avg:3283.98ms
step:5738/6200 train_loss:3.1288 train_time:18810656ms step_avg:3283.98ms
step:5739/6200 train_loss:3.0979 train_time:18813942ms step_avg:3283.98ms
step:5740/6200 train_loss:3.1363 train_time:18817228ms step_avg:3283.98ms
step:5741/6200 train_loss:3.3561 train_time:18820512ms step_avg:3283.98ms
step:5742/6200 train_loss:3.2575 train_time:18823800ms step_avg:3283.98ms
step:5743/6200 train_loss:3.0789 train_time:18827088ms step_avg:3283.99ms
step:5744/6200 train_loss:3.2522 train_time:18830370ms step_avg:3283.99ms
step:5745/6200 train_loss:3.2687 train_time:18833659ms step_avg:3283.99ms
step:5746/6200 train_loss:3.4386 train_time:18836939ms step_avg:3283.99ms
step:5747/6200 train_loss:3.1806 train_time:18840224ms step_avg:3283.99ms
step:5748/6200 train_loss:3.2678 train_time:18843515ms step_avg:3283.99ms
step:5749/6200 train_loss:3.2396 train_time:18846799ms step_avg:3283.99ms
step:5750/6200 train_loss:3.2664 train_time:18850087ms step_avg:3283.99ms
step:5750/6200 val_loss:3.3336 train_time:18850100ms step_avg:3283.99ms
step:5751/6200 train_loss:3.4283 train_time:18853362ms step_avg:3283.99ms
step:5752/6200 train_loss:3.1670 train_time:18856638ms step_avg:3283.98ms
step:5753/6200 train_loss:3.2420 train_time:18859908ms step_avg:3283.98ms
step:5754/6200 train_loss:3.4048 train_time:18863179ms step_avg:3283.98ms
step:5755/6200 train_loss:3.1781 train_time:18866456ms step_avg:3283.98ms
step:5756/6200 train_loss:3.3596 train_time:18869731ms step_avg:3283.98ms
step:5757/6200 train_loss:3.1618 train_time:18873004ms step_avg:3283.97ms
step:5758/6200 train_loss:3.0857 train_time:18876280ms step_avg:3283.97ms
step:5759/6200 train_loss:3.0162 train_time:18879553ms step_avg:3283.97ms
step:5760/6200 train_loss:3.2807 train_time:18882830ms step_avg:3283.97ms
step:5761/6200 train_loss:3.1002 train_time:18886107ms step_avg:3283.97ms
step:5762/6200 train_loss:3.4865 train_time:18889384ms step_avg:3283.97ms
step:5763/6200 train_loss:3.4528 train_time:18892665ms step_avg:3283.97ms
step:5764/6200 train_loss:3.2449 train_time:18895941ms step_avg:3283.97ms
step:5765/6200 train_loss:3.2575 train_time:18899220ms step_avg:3283.97ms
step:5766/6200 train_loss:3.2614 train_time:18902494ms step_avg:3283.96ms
step:5767/6200 train_loss:3.0802 train_time:18905769ms step_avg:3283.96ms
step:5768/6200 train_loss:3.3011 train_time:18909044ms step_avg:3283.96ms
step:5769/6200 train_loss:3.6995 train_time:18912320ms step_avg:3283.96ms
step:5770/6200 train_loss:3.2252 train_time:18915594ms step_avg:3283.96ms
step:5771/6200 train_loss:3.1468 train_time:18918869ms step_avg:3283.96ms
step:5772/6200 train_loss:3.4095 train_time:18922146ms step_avg:3283.95ms
step:5773/6200 train_loss:3.2281 train_time:18925422ms step_avg:3283.95ms
step:5774/6200 train_loss:3.1665 train_time:18928701ms step_avg:3283.95ms
step:5775/6200 train_loss:3.1310 train_time:18931982ms step_avg:3283.95ms
step:5776/6200 train_loss:3.1362 train_time:18935261ms step_avg:3283.95ms
step:5777/6200 train_loss:3.2476 train_time:18938539ms step_avg:3283.95ms
step:5778/6200 train_loss:3.3125 train_time:18941824ms step_avg:3283.95ms
step:5779/6200 train_loss:3.4492 train_time:18945103ms step_avg:3283.95ms
step:5780/6200 train_loss:3.4714 train_time:18948382ms step_avg:3283.95ms
step:5781/6200 train_loss:3.2551 train_time:18951662ms step_avg:3283.95ms
step:5782/6200 train_loss:3.1746 train_time:18954942ms step_avg:3283.95ms
step:5783/6200 train_loss:3.2740 train_time:18958222ms step_avg:3283.95ms
step:5784/6200 train_loss:3.3621 train_time:18961500ms step_avg:3283.95ms
step:5785/6200 train_loss:3.4212 train_time:18964771ms step_avg:3283.94ms
step:5786/6200 train_loss:3.1763 train_time:18968046ms step_avg:3283.94ms
step:5787/6200 train_loss:3.1198 train_time:18971320ms step_avg:3283.94ms
step:5788/6200 train_loss:3.0320 train_time:18974594ms step_avg:3283.94ms
step:5789/6200 train_loss:3.3187 train_time:18977872ms step_avg:3283.94ms
step:5790/6200 train_loss:3.3867 train_time:18981153ms step_avg:3283.94ms
step:5791/6200 train_loss:3.2317 train_time:18984431ms step_avg:3283.94ms
step:5792/6200 train_loss:3.0576 train_time:18987708ms step_avg:3283.93ms
step:5793/6200 train_loss:3.4347 train_time:18990985ms step_avg:3283.93ms
step:5794/6200 train_loss:3.1777 train_time:18994263ms step_avg:3283.93ms
step:5795/6200 train_loss:3.2405 train_time:18997541ms step_avg:3283.93ms
step:5796/6200 train_loss:3.2717 train_time:19000819ms step_avg:3283.93ms
step:5797/6200 train_loss:3.2863 train_time:19004103ms step_avg:3283.93ms
step:5798/6200 train_loss:3.2736 train_time:19007383ms step_avg:3283.93ms
step:5799/6200 train_loss:3.4311 train_time:19010660ms step_avg:3283.93ms
step:5800/6200 train_loss:3.1854 train_time:19013943ms step_avg:3283.93ms
step:5801/6200 train_loss:3.1869 train_time:19017222ms step_avg:3283.93ms
step:5802/6200 train_loss:3.0318 train_time:19020499ms step_avg:3283.93ms
step:5803/6200 train_loss:3.1702 train_time:19023777ms step_avg:3283.92ms
step:5804/6200 train_loss:3.1936 train_time:19027058ms step_avg:3283.92ms
step:5805/6200 train_loss:3.2264 train_time:19030337ms step_avg:3283.92ms
step:5806/6200 train_loss:3.2900 train_time:19033614ms step_avg:3283.92ms
step:5807/6200 train_loss:3.2042 train_time:19036898ms step_avg:3283.92ms
step:5808/6200 train_loss:3.4897 train_time:19040181ms step_avg:3283.92ms
step:5809/6200 train_loss:3.5179 train_time:19043462ms step_avg:3283.92ms
step:5810/6200 train_loss:3.4031 train_time:19046742ms step_avg:3283.92ms
step:5811/6200 train_loss:3.3483 train_time:19050024ms step_avg:3283.92ms
step:5812/6200 train_loss:3.4988 train_time:19053306ms step_avg:3283.92ms
step:5813/6200 train_loss:3.2088 train_time:19056586ms step_avg:3283.92ms
step:5814/6200 train_loss:3.1480 train_time:19059868ms step_avg:3283.92ms
step:5815/6200 train_loss:3.0760 train_time:19063151ms step_avg:3283.92ms
step:5816/6200 train_loss:3.0910 train_time:19066435ms step_avg:3283.92ms
step:5817/6200 train_loss:3.2277 train_time:19069717ms step_avg:3283.92ms
step:5818/6200 train_loss:3.1129 train_time:19073004ms step_avg:3283.92ms
step:5819/6200 train_loss:3.3137 train_time:19076289ms step_avg:3283.92ms
step:5820/6200 train_loss:3.2056 train_time:19079576ms step_avg:3283.92ms
step:5821/6200 train_loss:3.3089 train_time:19082859ms step_avg:3283.92ms
step:5822/6200 train_loss:3.3353 train_time:19086145ms step_avg:3283.92ms
step:5823/6200 train_loss:3.0505 train_time:19089427ms step_avg:3283.92ms
step:5824/6200 train_loss:3.1892 train_time:19092712ms step_avg:3283.92ms
step:5825/6200 train_loss:3.2920 train_time:19095996ms step_avg:3283.92ms
step:5826/6200 train_loss:3.3626 train_time:19099280ms step_avg:3283.92ms
step:5827/6200 train_loss:3.3051 train_time:19102564ms step_avg:3283.92ms
step:5828/6200 train_loss:3.1576 train_time:19105851ms step_avg:3283.92ms
step:5829/6200 train_loss:3.2613 train_time:19109133ms step_avg:3283.92ms
step:5830/6200 train_loss:3.2207 train_time:19112421ms step_avg:3283.92ms
step:5831/6200 train_loss:3.2634 train_time:19115709ms step_avg:3283.92ms
step:5832/6200 train_loss:3.3909 train_time:19118991ms step_avg:3283.92ms
step:5833/6200 train_loss:3.3242 train_time:19122276ms step_avg:3283.92ms
step:5834/6200 train_loss:3.3783 train_time:19125559ms step_avg:3283.92ms
step:5835/6200 train_loss:3.3525 train_time:19128840ms step_avg:3283.92ms
step:5836/6200 train_loss:3.2787 train_time:19132121ms step_avg:3283.92ms
step:5837/6200 train_loss:3.2029 train_time:19135407ms step_avg:3283.92ms
step:5838/6200 train_loss:3.0966 train_time:19138697ms step_avg:3283.92ms
step:5839/6200 train_loss:3.0206 train_time:19141987ms step_avg:3283.92ms
step:5840/6200 train_loss:3.3526 train_time:19145274ms step_avg:3283.92ms
step:5841/6200 train_loss:3.0917 train_time:19148563ms step_avg:3283.92ms
step:5842/6200 train_loss:3.3803 train_time:19151854ms step_avg:3283.93ms
step:5843/6200 train_loss:3.3038 train_time:19155138ms step_avg:3283.93ms
step:5844/6200 train_loss:3.2792 train_time:19158427ms step_avg:3283.93ms
step:5845/6200 train_loss:3.3802 train_time:19161715ms step_avg:3283.93ms
step:5846/6200 train_loss:3.2020 train_time:19165006ms step_avg:3283.93ms
step:5847/6200 train_loss:3.1910 train_time:19168292ms step_avg:3283.93ms
step:5848/6200 train_loss:3.1624 train_time:19171580ms step_avg:3283.93ms
step:5849/6200 train_loss:3.1518 train_time:19174869ms step_avg:3283.93ms
step:5850/6200 train_loss:3.1766 train_time:19178159ms step_avg:3283.93ms
step:5851/6200 train_loss:3.1989 train_time:19181447ms step_avg:3283.93ms
step:5852/6200 train_loss:3.2560 train_time:19184734ms step_avg:3283.93ms
step:5853/6200 train_loss:3.3367 train_time:19188022ms step_avg:3283.93ms
step:5854/6200 train_loss:3.3567 train_time:19191309ms step_avg:3283.93ms
step:5855/6200 train_loss:3.3013 train_time:19194597ms step_avg:3283.93ms
step:5856/6200 train_loss:3.2145 train_time:19197886ms step_avg:3283.94ms
step:5857/6200 train_loss:3.0722 train_time:19201171ms step_avg:3283.94ms
step:5858/6200 train_loss:3.1444 train_time:19204455ms step_avg:3283.94ms
step:5859/6200 train_loss:3.3560 train_time:19207744ms step_avg:3283.94ms
step:5860/6200 train_loss:3.2773 train_time:19211036ms step_avg:3283.94ms
step:5861/6200 train_loss:3.3328 train_time:19214321ms step_avg:3283.94ms
step:5862/6200 train_loss:3.2812 train_time:19217607ms step_avg:3283.94ms
step:5863/6200 train_loss:3.2529 train_time:19220893ms step_avg:3283.94ms
step:5864/6200 train_loss:3.0993 train_time:19224182ms step_avg:3283.94ms
step:5865/6200 train_loss:3.1736 train_time:19227469ms step_avg:3283.94ms
step:5866/6200 train_loss:3.1536 train_time:19230753ms step_avg:3283.94ms
step:5867/6200 train_loss:3.0793 train_time:19234039ms step_avg:3283.94ms
step:5868/6200 train_loss:3.2557 train_time:19237331ms step_avg:3283.94ms
step:5869/6200 train_loss:3.2872 train_time:19240614ms step_avg:3283.94ms
step:5870/6200 train_loss:3.3441 train_time:19243905ms step_avg:3283.94ms
step:5871/6200 train_loss:3.3577 train_time:19247190ms step_avg:3283.94ms
step:5872/6200 train_loss:3.0034 train_time:19250477ms step_avg:3283.94ms
step:5873/6200 train_loss:3.1334 train_time:19253768ms step_avg:3283.94ms
step:5874/6200 train_loss:3.3134 train_time:19257056ms step_avg:3283.95ms
step:5875/6200 train_loss:3.0796 train_time:19260342ms step_avg:3283.95ms
step:5875/6200 val_loss:3.3261 train_time:19260354ms step_avg:3283.95ms
step:5876/6200 train_loss:3.3001 train_time:19263625ms step_avg:3283.95ms
step:5877/6200 train_loss:3.2718 train_time:19266899ms step_avg:3283.94ms
step:5878/6200 train_loss:3.3420 train_time:19270178ms step_avg:3283.94ms
step:5879/6200 train_loss:3.2948 train_time:19273460ms step_avg:3283.94ms
step:5880/6200 train_loss:3.4982 train_time:19276741ms step_avg:3283.94ms
step:5881/6200 train_loss:3.0412 train_time:19280020ms step_avg:3283.94ms
step:5882/6200 train_loss:3.5846 train_time:19283301ms step_avg:3283.94ms
step:5883/6200 train_loss:3.1796 train_time:19286581ms step_avg:3283.94ms
step:5884/6200 train_loss:3.4161 train_time:19289862ms step_avg:3283.94ms
step:5885/6200 train_loss:3.5549 train_time:19293145ms step_avg:3283.94ms
step:5886/6200 train_loss:3.1651 train_time:19296426ms step_avg:3283.94ms
step:5887/6200 train_loss:3.1740 train_time:19299709ms step_avg:3283.94ms
step:5888/6200 train_loss:3.3373 train_time:19302991ms step_avg:3283.94ms
step:5889/6200 train_loss:3.2468 train_time:19306272ms step_avg:3283.94ms
step:5890/6200 train_loss:3.1903 train_time:19309557ms step_avg:3283.94ms
step:5891/6200 train_loss:3.2950 train_time:19312841ms step_avg:3283.94ms
step:5892/6200 train_loss:2.9520 train_time:19316125ms step_avg:3283.94ms
step:5893/6200 train_loss:3.1065 train_time:19319408ms step_avg:3283.94ms
step:5894/6200 train_loss:3.2582 train_time:19322692ms step_avg:3283.94ms
step:5895/6200 train_loss:3.3721 train_time:19325973ms step_avg:3283.94ms
step:5896/6200 train_loss:3.1636 train_time:19329253ms step_avg:3283.94ms
step:5897/6200 train_loss:3.2512 train_time:19332534ms step_avg:3283.94ms
step:5898/6200 train_loss:3.3681 train_time:19335818ms step_avg:3283.94ms
step:5899/6200 train_loss:3.3531 train_time:19339098ms step_avg:3283.94ms
step:5900/6200 train_loss:3.2271 train_time:19342384ms step_avg:3283.94ms
step:5901/6200 train_loss:3.2215 train_time:19345663ms step_avg:3283.94ms
step:5902/6200 train_loss:3.5032 train_time:19348942ms step_avg:3283.93ms
step:5903/6200 train_loss:3.5515 train_time:19352221ms step_avg:3283.93ms
step:5904/6200 train_loss:3.2586 train_time:19355505ms step_avg:3283.93ms
step:5905/6200 train_loss:3.1059 train_time:19358788ms step_avg:3283.93ms
step:5906/6200 train_loss:3.5077 train_time:19362072ms step_avg:3283.93ms
step:5907/6200 train_loss:3.2682 train_time:19365353ms step_avg:3283.93ms
step:5908/6200 train_loss:3.4857 train_time:19368630ms step_avg:3283.93ms
step:5909/6200 train_loss:3.1593 train_time:19371908ms step_avg:3283.93ms
step:5910/6200 train_loss:3.2222 train_time:19375186ms step_avg:3283.93ms
step:5911/6200 train_loss:3.2654 train_time:19378468ms step_avg:3283.93ms
step:5912/6200 train_loss:3.2857 train_time:19381753ms step_avg:3283.93ms
step:5913/6200 train_loss:3.1759 train_time:19385039ms step_avg:3283.93ms
step:5914/6200 train_loss:3.1757 train_time:19388323ms step_avg:3283.93ms
step:5915/6200 train_loss:3.2122 train_time:19391608ms step_avg:3283.93ms
step:5916/6200 train_loss:3.2769 train_time:19394889ms step_avg:3283.93ms
step:5917/6200 train_loss:3.1827 train_time:19398172ms step_avg:3283.93ms
step:5918/6200 train_loss:3.3687 train_time:19401455ms step_avg:3283.93ms
step:5919/6200 train_loss:3.0655 train_time:19404738ms step_avg:3283.93ms
step:5920/6200 train_loss:3.2623 train_time:19408023ms step_avg:3283.93ms
step:5921/6200 train_loss:3.4771 train_time:19411308ms step_avg:3283.93ms
step:5922/6200 train_loss:3.2247 train_time:19414593ms step_avg:3283.93ms
step:5923/6200 train_loss:3.3097 train_time:19417875ms step_avg:3283.93ms
step:5924/6200 train_loss:3.2694 train_time:19421158ms step_avg:3283.93ms
step:5925/6200 train_loss:3.5378 train_time:19424439ms step_avg:3283.93ms
step:5926/6200 train_loss:3.3278 train_time:19427721ms step_avg:3283.93ms
step:5927/6200 train_loss:3.1363 train_time:19431003ms step_avg:3283.93ms
step:5928/6200 train_loss:3.1933 train_time:19434286ms step_avg:3283.93ms
step:5929/6200 train_loss:3.1064 train_time:19437572ms step_avg:3283.93ms
step:5930/6200 train_loss:3.3061 train_time:19440853ms step_avg:3283.93ms
step:5931/6200 train_loss:3.5395 train_time:19444140ms step_avg:3283.93ms
step:5932/6200 train_loss:3.2691 train_time:19447424ms step_avg:3283.93ms
step:5933/6200 train_loss:3.2584 train_time:19450706ms step_avg:3283.93ms
step:5934/6200 train_loss:3.1218 train_time:19453990ms step_avg:3283.93ms
step:5935/6200 train_loss:3.3975 train_time:19457274ms step_avg:3283.93ms
step:5936/6200 train_loss:4.2292 train_time:19460559ms step_avg:3283.93ms
step:5937/6200 train_loss:3.1694 train_time:19463839ms step_avg:3283.93ms
step:5938/6200 train_loss:3.1469 train_time:19467123ms step_avg:3283.93ms
step:5939/6200 train_loss:3.1806 train_time:19470405ms step_avg:3283.93ms
step:5940/6200 train_loss:2.9158 train_time:19473686ms step_avg:3283.93ms
step:5941/6200 train_loss:3.2618 train_time:19476971ms step_avg:3283.93ms
step:5942/6200 train_loss:2.8082 train_time:19480253ms step_avg:3283.93ms
step:5943/6200 train_loss:3.2107 train_time:19483537ms step_avg:3283.93ms
step:5944/6200 train_loss:3.3149 train_time:19486818ms step_avg:3283.93ms
step:5945/6200 train_loss:3.1450 train_time:19490101ms step_avg:3283.93ms
step:5946/6200 train_loss:3.6198 train_time:19493383ms step_avg:3283.93ms
step:5947/6200 train_loss:3.6309 train_time:19496665ms step_avg:3283.93ms
step:5948/6200 train_loss:3.2067 train_time:19499948ms step_avg:3283.93ms
step:5949/6200 train_loss:3.5226 train_time:19503232ms step_avg:3283.93ms
step:5950/6200 train_loss:3.6099 train_time:19506515ms step_avg:3283.93ms
step:5951/6200 train_loss:3.2610 train_time:19509798ms step_avg:3283.92ms
step:5952/6200 train_loss:3.2434 train_time:19513085ms step_avg:3283.93ms
step:5953/6200 train_loss:3.1405 train_time:19516373ms step_avg:3283.93ms
step:5954/6200 train_loss:3.3575 train_time:19519655ms step_avg:3283.93ms
step:5955/6200 train_loss:3.2031 train_time:19522941ms step_avg:3283.93ms
step:5956/6200 train_loss:3.1962 train_time:19526224ms step_avg:3283.93ms
step:5957/6200 train_loss:3.1952 train_time:19529508ms step_avg:3283.93ms
step:5958/6200 train_loss:3.1154 train_time:19532786ms step_avg:3283.92ms
step:5959/6200 train_loss:3.4737 train_time:19536070ms step_avg:3283.93ms
step:5960/6200 train_loss:3.2150 train_time:19539352ms step_avg:3283.92ms
step:5961/6200 train_loss:3.5321 train_time:19542637ms step_avg:3283.92ms
step:5962/6200 train_loss:2.9010 train_time:19545919ms step_avg:3283.92ms
step:5963/6200 train_loss:3.3014 train_time:19549201ms step_avg:3283.92ms
step:5964/6200 train_loss:3.1494 train_time:19552484ms step_avg:3283.92ms
step:5965/6200 train_loss:3.3516 train_time:19555765ms step_avg:3283.92ms
step:5966/6200 train_loss:3.4168 train_time:19559049ms step_avg:3283.92ms
step:5967/6200 train_loss:3.0581 train_time:19562333ms step_avg:3283.92ms
step:5968/6200 train_loss:3.3326 train_time:19565613ms step_avg:3283.92ms
step:5969/6200 train_loss:3.4292 train_time:19568893ms step_avg:3283.92ms
step:5970/6200 train_loss:3.0091 train_time:19572175ms step_avg:3283.92ms
step:5971/6200 train_loss:3.0511 train_time:19575453ms step_avg:3283.92ms
step:5972/6200 train_loss:3.2310 train_time:19578733ms step_avg:3283.92ms
step:5973/6200 train_loss:3.3148 train_time:19582016ms step_avg:3283.92ms
step:5974/6200 train_loss:3.1694 train_time:19585297ms step_avg:3283.92ms
step:5975/6200 train_loss:3.3615 train_time:19588586ms step_avg:3283.92ms
step:5976/6200 train_loss:2.9982 train_time:19591871ms step_avg:3283.92ms
step:5977/6200 train_loss:3.1957 train_time:19595153ms step_avg:3283.92ms
step:5978/6200 train_loss:3.2352 train_time:19598434ms step_avg:3283.92ms
step:5979/6200 train_loss:3.6402 train_time:19601714ms step_avg:3283.92ms
step:5980/6200 train_loss:3.1247 train_time:19604998ms step_avg:3283.92ms
step:5981/6200 train_loss:2.9204 train_time:19608279ms step_avg:3283.92ms
step:5982/6200 train_loss:3.3082 train_time:19611564ms step_avg:3283.92ms
step:5983/6200 train_loss:3.4225 train_time:19614845ms step_avg:3283.92ms
step:5984/6200 train_loss:3.1007 train_time:19618129ms step_avg:3283.92ms
step:5985/6200 train_loss:3.1941 train_time:19621414ms step_avg:3283.92ms
step:5986/6200 train_loss:3.3886 train_time:19624694ms step_avg:3283.92ms
step:5987/6200 train_loss:3.3756 train_time:19627974ms step_avg:3283.92ms
step:5988/6200 train_loss:3.5115 train_time:19631258ms step_avg:3283.92ms
step:5989/6200 train_loss:3.1244 train_time:19634539ms step_avg:3283.92ms
step:5990/6200 train_loss:3.1905 train_time:19637827ms step_avg:3283.92ms
step:5991/6200 train_loss:3.1943 train_time:19641108ms step_avg:3283.92ms
step:5992/6200 train_loss:3.2053 train_time:19644395ms step_avg:3283.92ms
step:5993/6200 train_loss:3.0482 train_time:19647676ms step_avg:3283.92ms
step:5994/6200 train_loss:3.4301 train_time:19650961ms step_avg:3283.92ms
step:5995/6200 train_loss:3.1280 train_time:19654247ms step_avg:3283.92ms
step:5996/6200 train_loss:3.1657 train_time:19657533ms step_avg:3283.92ms
step:5997/6200 train_loss:3.1258 train_time:19660819ms step_avg:3283.92ms
step:5998/6200 train_loss:3.6762 train_time:19664102ms step_avg:3283.92ms
step:5999/6200 train_loss:3.4071 train_time:19667383ms step_avg:3283.92ms
step:6000/6200 train_loss:3.1187 train_time:19670664ms step_avg:3283.92ms
step:6000/6200 val_loss:3.3191 train_time:19670676ms step_avg:3283.92ms
step:6001/6200 train_loss:3.1206 train_time:19673944ms step_avg:3283.92ms
step:6002/6200 train_loss:2.9415 train_time:19677223ms step_avg:3283.92ms
step:6003/6200 train_loss:3.2243 train_time:19680500ms step_avg:3283.91ms
step:6004/6200 train_loss:3.3341 train_time:19683782ms step_avg:3283.91ms
step:6005/6200 train_loss:3.1370 train_time:19687062ms step_avg:3283.91ms
step:6006/6200 train_loss:3.1850 train_time:19690348ms step_avg:3283.91ms
step:6007/6200 train_loss:3.0243 train_time:19693627ms step_avg:3283.91ms
step:6008/6200 train_loss:3.1363 train_time:19696903ms step_avg:3283.91ms
step:6009/6200 train_loss:3.0892 train_time:19700179ms step_avg:3283.91ms
step:6010/6200 train_loss:3.1498 train_time:19703466ms step_avg:3283.91ms
step:6011/6200 train_loss:3.1690 train_time:19706741ms step_avg:3283.91ms
step:6012/6200 train_loss:3.1674 train_time:19710018ms step_avg:3283.91ms
step:6013/6200 train_loss:3.1746 train_time:19713300ms step_avg:3283.91ms
step:6014/6200 train_loss:3.2906 train_time:19716581ms step_avg:3283.91ms
step:6015/6200 train_loss:3.3770 train_time:19719857ms step_avg:3283.91ms
step:6016/6200 train_loss:3.4132 train_time:19723137ms step_avg:3283.91ms
step:6017/6200 train_loss:3.2409 train_time:19726416ms step_avg:3283.90ms
step:6018/6200 train_loss:3.1909 train_time:19729695ms step_avg:3283.90ms
step:6019/6200 train_loss:3.1518 train_time:19732977ms step_avg:3283.90ms
step:6020/6200 train_loss:3.1512 train_time:19736256ms step_avg:3283.90ms
step:6021/6200 train_loss:2.9358 train_time:19739538ms step_avg:3283.90ms
step:6022/6200 train_loss:3.3166 train_time:19742817ms step_avg:3283.90ms
step:6023/6200 train_loss:3.1589 train_time:19746096ms step_avg:3283.90ms
step:6024/6200 train_loss:3.2938 train_time:19749374ms step_avg:3283.90ms
step:6025/6200 train_loss:3.1977 train_time:19752648ms step_avg:3283.90ms
step:6026/6200 train_loss:3.1996 train_time:19755926ms step_avg:3283.90ms
step:6027/6200 train_loss:3.2043 train_time:19759211ms step_avg:3283.90ms
step:6028/6200 train_loss:3.3571 train_time:19762499ms step_avg:3283.90ms
step:6029/6200 train_loss:3.1577 train_time:19765779ms step_avg:3283.90ms
step:6030/6200 train_loss:2.9632 train_time:19769060ms step_avg:3283.90ms
step:6031/6200 train_loss:3.2405 train_time:19772344ms step_avg:3283.90ms
step:6032/6200 train_loss:3.1318 train_time:19775623ms step_avg:3283.90ms
step:6033/6200 train_loss:3.3716 train_time:19778906ms step_avg:3283.90ms
step:6034/6200 train_loss:3.2509 train_time:19782186ms step_avg:3283.90ms
step:6035/6200 train_loss:3.3965 train_time:19785469ms step_avg:3283.90ms
step:6036/6200 train_loss:3.3453 train_time:19788750ms step_avg:3283.89ms
step:6037/6200 train_loss:2.9791 train_time:19792031ms step_avg:3283.89ms
step:6038/6200 train_loss:3.1147 train_time:19795312ms step_avg:3283.89ms
step:6039/6200 train_loss:3.0710 train_time:19798597ms step_avg:3283.89ms
step:6040/6200 train_loss:3.3077 train_time:19801881ms step_avg:3283.89ms
step:6041/6200 train_loss:3.3212 train_time:19805164ms step_avg:3283.89ms
step:6042/6200 train_loss:3.2736 train_time:19808446ms step_avg:3283.89ms
step:6043/6200 train_loss:3.2914 train_time:19811724ms step_avg:3283.89ms
step:6044/6200 train_loss:3.2282 train_time:19815005ms step_avg:3283.89ms
step:6045/6200 train_loss:3.2591 train_time:19818286ms step_avg:3283.89ms
step:6046/6200 train_loss:3.1564 train_time:19821563ms step_avg:3283.89ms
step:6047/6200 train_loss:3.2622 train_time:19824846ms step_avg:3283.89ms
step:6048/6200 train_loss:3.3585 train_time:19828129ms step_avg:3283.89ms
step:6049/6200 train_loss:3.1305 train_time:19831414ms step_avg:3283.89ms
step:6050/6200 train_loss:3.2125 train_time:19834694ms step_avg:3283.89ms
step:6051/6200 train_loss:3.4995 train_time:19837976ms step_avg:3283.89ms
step:6052/6200 train_loss:3.2920 train_time:19841257ms step_avg:3283.89ms
step:6053/6200 train_loss:3.1144 train_time:19844533ms step_avg:3283.89ms
step:6054/6200 train_loss:3.1938 train_time:19847815ms step_avg:3283.89ms
step:6055/6200 train_loss:3.2770 train_time:19851095ms step_avg:3283.89ms
step:6056/6200 train_loss:3.1786 train_time:19854374ms step_avg:3283.89ms
step:6057/6200 train_loss:3.0918 train_time:19857651ms step_avg:3283.88ms
step:6058/6200 train_loss:3.2682 train_time:19860935ms step_avg:3283.88ms
step:6059/6200 train_loss:2.9780 train_time:19864215ms step_avg:3283.88ms
step:6060/6200 train_loss:3.2670 train_time:19867492ms step_avg:3283.88ms
step:6061/6200 train_loss:3.2214 train_time:19870771ms step_avg:3283.88ms
step:6062/6200 train_loss:3.2018 train_time:19874050ms step_avg:3283.88ms
step:6063/6200 train_loss:3.0791 train_time:19877330ms step_avg:3283.88ms
step:6064/6200 train_loss:3.1662 train_time:19880610ms step_avg:3283.88ms
step:6065/6200 train_loss:2.9919 train_time:19883892ms step_avg:3283.88ms
step:6066/6200 train_loss:3.2023 train_time:19887172ms step_avg:3283.88ms
step:6067/6200 train_loss:3.1238 train_time:19890460ms step_avg:3283.88ms
step:6068/6200 train_loss:2.9708 train_time:19893742ms step_avg:3283.88ms
step:6069/6200 train_loss:3.1777 train_time:19897025ms step_avg:3283.88ms
step:6070/6200 train_loss:3.2228 train_time:19900310ms step_avg:3283.88ms
step:6071/6200 train_loss:3.1338 train_time:19903594ms step_avg:3283.88ms
step:6072/6200 train_loss:3.1429 train_time:19906876ms step_avg:3283.88ms
step:6073/6200 train_loss:3.2628 train_time:19910152ms step_avg:3283.88ms
step:6074/6200 train_loss:3.0137 train_time:19913433ms step_avg:3283.88ms
step:6075/6200 train_loss:3.1548 train_time:19916715ms step_avg:3283.88ms
step:6076/6200 train_loss:3.3969 train_time:19919996ms step_avg:3283.88ms
step:6077/6200 train_loss:3.2587 train_time:19923272ms step_avg:3283.88ms
step:6078/6200 train_loss:3.2745 train_time:19926549ms step_avg:3283.87ms
step:6079/6200 train_loss:3.2420 train_time:19929827ms step_avg:3283.87ms
step:6080/6200 train_loss:3.2027 train_time:19933107ms step_avg:3283.87ms
step:6081/6200 train_loss:3.1658 train_time:19936388ms step_avg:3283.87ms
step:6082/6200 train_loss:3.1159 train_time:19939668ms step_avg:3283.87ms
step:6083/6200 train_loss:3.2329 train_time:19942950ms step_avg:3283.87ms
step:6084/6200 train_loss:3.1678 train_time:19946231ms step_avg:3283.87ms
step:6085/6200 train_loss:3.2165 train_time:19949510ms step_avg:3283.87ms
step:6086/6200 train_loss:3.2856 train_time:19952791ms step_avg:3283.87ms
step:6087/6200 train_loss:3.2114 train_time:19956073ms step_avg:3283.87ms
step:6088/6200 train_loss:3.3043 train_time:19959358ms step_avg:3283.87ms
step:6089/6200 train_loss:3.1063 train_time:19962640ms step_avg:3283.87ms
step:6090/6200 train_loss:3.1635 train_time:19965919ms step_avg:3283.87ms
step:6091/6200 train_loss:3.1316 train_time:19969200ms step_avg:3283.87ms
step:6092/6200 train_loss:3.0987 train_time:19972483ms step_avg:3283.87ms
step:6093/6200 train_loss:3.4074 train_time:19975762ms step_avg:3283.87ms
step:6094/6200 train_loss:3.4546 train_time:19979043ms step_avg:3283.87ms
step:6095/6200 train_loss:3.2670 train_time:19982321ms step_avg:3283.87ms
step:6096/6200 train_loss:3.2274 train_time:19985596ms step_avg:3283.86ms
step:6097/6200 train_loss:3.1385 train_time:19988870ms step_avg:3283.86ms
step:6098/6200 train_loss:3.1513 train_time:19992147ms step_avg:3283.86ms
step:6099/6200 train_loss:3.2261 train_time:19995422ms step_avg:3283.86ms
step:6100/6200 train_loss:3.2143 train_time:19998722ms step_avg:3283.86ms
step:6101/6200 train_loss:3.2000 train_time:20002001ms step_avg:3283.86ms
step:6102/6200 train_loss:3.0929 train_time:20005278ms step_avg:3283.86ms
step:6103/6200 train_loss:3.2586 train_time:20008559ms step_avg:3283.86ms
step:6104/6200 train_loss:3.4402 train_time:20011838ms step_avg:3283.86ms
step:6105/6200 train_loss:3.2584 train_time:20015117ms step_avg:3283.86ms
step:6106/6200 train_loss:3.1058 train_time:20018396ms step_avg:3283.86ms
step:6107/6200 train_loss:3.1851 train_time:20021676ms step_avg:3283.86ms
step:6108/6200 train_loss:3.3143 train_time:20024960ms step_avg:3283.86ms
step:6109/6200 train_loss:3.0900 train_time:20028245ms step_avg:3283.86ms
step:6110/6200 train_loss:3.1847 train_time:20031523ms step_avg:3283.86ms
step:6111/6200 train_loss:3.2664 train_time:20034806ms step_avg:3283.86ms
step:6112/6200 train_loss:3.3774 train_time:20038085ms step_avg:3283.86ms
step:6113/6200 train_loss:3.3377 train_time:20041362ms step_avg:3283.85ms
step:6114/6200 train_loss:3.2027 train_time:20044639ms step_avg:3283.85ms
step:6115/6200 train_loss:3.3383 train_time:20047920ms step_avg:3283.85ms
step:6116/6200 train_loss:3.4564 train_time:20051204ms step_avg:3283.85ms
step:6117/6200 train_loss:3.0962 train_time:20054485ms step_avg:3283.85ms
step:6118/6200 train_loss:3.1929 train_time:20057767ms step_avg:3283.85ms
step:6119/6200 train_loss:3.1491 train_time:20061045ms step_avg:3283.85ms
step:6120/6200 train_loss:3.1966 train_time:20064325ms step_avg:3283.85ms
step:6121/6200 train_loss:3.4810 train_time:20067609ms step_avg:3283.85ms
step:6122/6200 train_loss:3.2978 train_time:20070889ms step_avg:3283.85ms
step:6123/6200 train_loss:3.2455 train_time:20074168ms step_avg:3283.85ms
step:6124/6200 train_loss:3.1428 train_time:20077450ms step_avg:3283.85ms
step:6125/6200 train_loss:3.3432 train_time:20080735ms step_avg:3283.85ms
step:6125/6200 val_loss:3.3130 train_time:20080747ms step_avg:3283.85ms
step:6126/6200 train_loss:3.2108 train_time:20084021ms step_avg:3283.85ms
step:6127/6200 train_loss:3.2652 train_time:20087295ms step_avg:3283.85ms
step:6128/6200 train_loss:3.2203 train_time:20090569ms step_avg:3283.85ms
step:6129/6200 train_loss:3.3818 train_time:20093843ms step_avg:3283.84ms
step:6130/6200 train_loss:3.3060 train_time:20097121ms step_avg:3283.84ms
step:6131/6200 train_loss:3.1723 train_time:20100401ms step_avg:3283.84ms
step:6132/6200 train_loss:3.4043 train_time:20103681ms step_avg:3283.84ms
step:6133/6200 train_loss:3.3433 train_time:20106961ms step_avg:3283.84ms
step:6134/6200 train_loss:3.2060 train_time:20110235ms step_avg:3283.84ms
step:6135/6200 train_loss:3.2805 train_time:20113510ms step_avg:3283.84ms
step:6136/6200 train_loss:3.2095 train_time:20116788ms step_avg:3283.84ms
step:6137/6200 train_loss:3.2734 train_time:20120063ms step_avg:3283.84ms
step:6138/6200 train_loss:3.0657 train_time:20123340ms step_avg:3283.83ms
step:6139/6200 train_loss:3.3389 train_time:20126620ms step_avg:3283.83ms
step:6140/6200 train_loss:3.2018 train_time:20129899ms step_avg:3283.83ms
step:6141/6200 train_loss:3.2794 train_time:20133180ms step_avg:3283.83ms
step:6142/6200 train_loss:3.1317 train_time:20136461ms step_avg:3283.83ms
step:6143/6200 train_loss:3.3236 train_time:20139740ms step_avg:3283.83ms
step:6144/6200 train_loss:3.1148 train_time:20143015ms step_avg:3283.83ms
step:6145/6200 train_loss:3.2336 train_time:20146293ms step_avg:3283.83ms
step:6146/6200 train_loss:3.3495 train_time:20149573ms step_avg:3283.83ms
step:6147/6200 train_loss:3.1913 train_time:20152849ms step_avg:3283.83ms
step:6148/6200 train_loss:3.2339 train_time:20156123ms step_avg:3283.83ms
step:6149/6200 train_loss:3.1373 train_time:20159396ms step_avg:3283.82ms
step:6150/6200 train_loss:3.3330 train_time:20162671ms step_avg:3283.82ms
step:6151/6200 train_loss:3.1654 train_time:20165949ms step_avg:3283.82ms
step:6152/6200 train_loss:3.2331 train_time:20169227ms step_avg:3283.82ms
step:6153/6200 train_loss:3.2384 train_time:20172505ms step_avg:3283.82ms
step:6154/6200 train_loss:3.2106 train_time:20175789ms step_avg:3283.82ms
step:6155/6200 train_loss:3.2207 train_time:20179067ms step_avg:3283.82ms
step:6156/6200 train_loss:3.2890 train_time:20182347ms step_avg:3283.82ms
step:6157/6200 train_loss:3.2203 train_time:20185628ms step_avg:3283.82ms
step:6158/6200 train_loss:2.9651 train_time:20188906ms step_avg:3283.82ms
step:6159/6200 train_loss:3.2987 train_time:20192182ms step_avg:3283.82ms
step:6160/6200 train_loss:3.2560 train_time:20195461ms step_avg:3283.81ms
step:6161/6200 train_loss:2.8667 train_time:20198743ms step_avg:3283.81ms
step:6162/6200 train_loss:3.5046 train_time:20202027ms step_avg:3283.81ms
step:6163/6200 train_loss:3.1273 train_time:20205304ms step_avg:3283.81ms
step:6164/6200 train_loss:3.4196 train_time:20208581ms step_avg:3283.81ms
step:6165/6200 train_loss:3.3047 train_time:20211856ms step_avg:3283.81ms
step:6166/6200 train_loss:3.3808 train_time:20215137ms step_avg:3283.81ms
step:6167/6200 train_loss:3.0003 train_time:20218418ms step_avg:3283.81ms
step:6168/6200 train_loss:3.1454 train_time:20221697ms step_avg:3283.81ms
step:6169/6200 train_loss:3.1459 train_time:20224979ms step_avg:3283.81ms
step:6170/6200 train_loss:3.1824 train_time:20228257ms step_avg:3283.81ms
step:6171/6200 train_loss:3.1139 train_time:20231534ms step_avg:3283.81ms
step:6172/6200 train_loss:3.1181 train_time:20234809ms step_avg:3283.81ms
step:6173/6200 train_loss:3.0832 train_time:20238088ms step_avg:3283.80ms
step:6174/6200 train_loss:3.4297 train_time:20241374ms step_avg:3283.80ms
step:6175/6200 train_loss:3.2008 train_time:20244650ms step_avg:3283.80ms
step:6176/6200 train_loss:3.1551 train_time:20247924ms step_avg:3283.80ms
step:6177/6200 train_loss:3.1966 train_time:20251208ms step_avg:3283.80ms
step:6178/6200 train_loss:3.1873 train_time:20254489ms step_avg:3283.80ms
step:6179/6200 train_loss:3.2978 train_time:20257771ms step_avg:3283.80ms
step:6180/6200 train_loss:3.2764 train_time:20261052ms step_avg:3283.80ms
step:6181/6200 train_loss:3.2443 train_time:20264336ms step_avg:3283.80ms
step:6182/6200 train_loss:4.2345 train_time:20267620ms step_avg:3283.80ms
step:6183/6200 train_loss:3.1643 train_time:20270900ms step_avg:3283.80ms
step:6184/6200 train_loss:3.3438 train_time:20274181ms step_avg:3283.80ms
step:6185/6200 train_loss:3.2627 train_time:20277466ms step_avg:3283.80ms
step:6186/6200 train_loss:3.5013 train_time:20280747ms step_avg:3283.80ms
step:6187/6200 train_loss:3.1625 train_time:20284029ms step_avg:3283.80ms
step:6188/6200 train_loss:3.3629 train_time:20287311ms step_avg:3283.80ms
step:6189/6200 train_loss:3.2798 train_time:20290591ms step_avg:3283.80ms
step:6190/6200 train_loss:3.2045 train_time:20293874ms step_avg:3283.80ms
step:6191/6200 train_loss:3.0801 train_time:20297152ms step_avg:3283.80ms
step:6192/6200 train_loss:3.3546 train_time:20300433ms step_avg:3283.80ms
step:6193/6200 train_loss:3.1845 train_time:20303714ms step_avg:3283.80ms
step:6194/6200 train_loss:3.1622 train_time:20306998ms step_avg:3283.80ms
step:6195/6200 train_loss:3.1480 train_time:20310282ms step_avg:3283.80ms
step:6196/6200 train_loss:3.2219 train_time:20313565ms step_avg:3283.80ms
step:6197/6200 train_loss:3.2528 train_time:20316850ms step_avg:3283.80ms
step:6198/6200 train_loss:3.1285 train_time:20320134ms step_avg:3283.80ms
step:6199/6200 train_loss:3.3427 train_time:20323420ms step_avg:3283.80ms
step:6200/6200 train_loss:3.1396 train_time:20326700ms step_avg:3283.80ms
step:6200/6200 val_loss:3.3113 train_time:20326713ms step_avg:3283.80ms
peak memory consumption: 32822 MiB
