W0819 12:24:55.268000 2464813 site-packages/torch/distributed/run.py:874] 
W0819 12:24:55.268000 2464813 site-packages/torch/distributed/run.py:874] *****************************************
W0819 12:24:55.268000 2464813 site-packages/torch/distributed/run.py:874] Setting OMP_NUM_THREADS environment variable for each process to be 1 in default, to avoid your system being overloaded, please further tune the variable for optimal performance in your application as needed. 
W0819 12:24:55.268000 2464813 site-packages/torch/distributed/run.py:874] *****************************************
using device: cuda:0
using device: cuda:1
Training DataLoader: total number of tokens: 800000000 across 8 files
Validation DataLoader: total number of tokens: 100000000 across 1 files
step:0/6200 val_loss:11.0150 train_time:248ms step_avg:nanms
step:1/6200 train_loss:11.0177 train_time:42889ms step_avg:nanms
step:2/6200 train_loss:9.1271 train_time:44575ms step_avg:nanms
step:3/6200 train_loss:7.8468 train_time:46247ms step_avg:nanms
step:4/6200 train_loss:7.7721 train_time:47921ms step_avg:nanms
step:5/6200 train_loss:7.3945 train_time:49597ms step_avg:nanms
step:6/6200 train_loss:7.1021 train_time:51276ms step_avg:nanms
step:7/6200 train_loss:7.0055 train_time:52952ms step_avg:nanms
step:8/6200 train_loss:7.1562 train_time:54635ms step_avg:nanms
step:9/6200 train_loss:6.7556 train_time:56314ms step_avg:nanms
step:10/6200 train_loss:6.6779 train_time:57997ms step_avg:nanms
step:11/6200 train_loss:6.5419 train_time:1669ms step_avg:nanms
step:12/6200 train_loss:6.6430 train_time:3354ms step_avg:nanms
step:13/6200 train_loss:6.6573 train_time:5040ms step_avg:1680.14ms
step:14/6200 train_loss:6.4152 train_time:6726ms step_avg:1681.38ms
step:15/6200 train_loss:6.4726 train_time:8414ms step_avg:1682.86ms
step:16/6200 train_loss:6.5127 train_time:10103ms step_avg:1683.90ms
step:17/6200 train_loss:6.1507 train_time:11796ms step_avg:1685.09ms
step:18/6200 train_loss:6.4160 train_time:13487ms step_avg:1685.82ms
step:19/6200 train_loss:6.0400 train_time:15178ms step_avg:1686.43ms
step:20/6200 train_loss:6.1683 train_time:16870ms step_avg:1687.03ms
step:21/6200 train_loss:6.5058 train_time:18564ms step_avg:1687.65ms
step:22/6200 train_loss:6.1769 train_time:20259ms step_avg:1688.26ms
step:23/6200 train_loss:6.0804 train_time:21955ms step_avg:1688.84ms
step:24/6200 train_loss:5.9892 train_time:23652ms step_avg:1689.41ms
step:25/6200 train_loss:6.1355 train_time:25349ms step_avg:1689.94ms
step:26/6200 train_loss:6.1681 train_time:27046ms step_avg:1690.39ms
step:27/6200 train_loss:6.1622 train_time:28742ms step_avg:1690.71ms
step:28/6200 train_loss:6.0963 train_time:30439ms step_avg:1691.07ms
step:29/6200 train_loss:6.0235 train_time:32135ms step_avg:1691.30ms
step:30/6200 train_loss:6.1142 train_time:33836ms step_avg:1691.80ms
step:31/6200 train_loss:5.9886 train_time:35532ms step_avg:1691.99ms
step:32/6200 train_loss:6.3129 train_time:37231ms step_avg:1692.30ms
step:33/6200 train_loss:6.1434 train_time:38930ms step_avg:1692.59ms
step:34/6200 train_loss:5.9110 train_time:40627ms step_avg:1692.78ms
step:35/6200 train_loss:5.9202 train_time:42323ms step_avg:1692.94ms
step:36/6200 train_loss:6.0718 train_time:44020ms step_avg:1693.09ms
step:37/6200 train_loss:5.8084 train_time:45717ms step_avg:1693.23ms
step:38/6200 train_loss:6.0318 train_time:47416ms step_avg:1693.43ms
step:39/6200 train_loss:6.0044 train_time:49111ms step_avg:1693.49ms
step:40/6200 train_loss:6.0618 train_time:50808ms step_avg:1693.60ms
step:41/6200 train_loss:5.8228 train_time:52510ms step_avg:1693.86ms
step:42/6200 train_loss:5.9758 train_time:54208ms step_avg:1694.00ms
step:43/6200 train_loss:5.9316 train_time:55906ms step_avg:1694.11ms
step:44/6200 train_loss:5.8349 train_time:57606ms step_avg:1694.29ms
step:45/6200 train_loss:5.8354 train_time:59306ms step_avg:1694.45ms
step:46/6200 train_loss:5.9897 train_time:61005ms step_avg:1694.60ms
step:47/6200 train_loss:5.9440 train_time:62705ms step_avg:1694.74ms
step:48/6200 train_loss:5.8466 train_time:64405ms step_avg:1694.86ms
step:49/6200 train_loss:5.7703 train_time:66106ms step_avg:1695.02ms
step:50/6200 train_loss:5.7895 train_time:67805ms step_avg:1695.13ms
step:51/6200 train_loss:5.7692 train_time:69507ms step_avg:1695.29ms
step:52/6200 train_loss:5.6386 train_time:71207ms step_avg:1695.39ms
step:53/6200 train_loss:5.9036 train_time:72908ms step_avg:1695.54ms
step:54/6200 train_loss:5.6392 train_time:74611ms step_avg:1695.71ms
step:55/6200 train_loss:5.8347 train_time:76319ms step_avg:1695.97ms
step:56/6200 train_loss:5.8314 train_time:78019ms step_avg:1696.07ms
step:57/6200 train_loss:5.8120 train_time:79721ms step_avg:1696.20ms
step:58/6200 train_loss:5.3568 train_time:81425ms step_avg:1696.36ms
step:59/6200 train_loss:5.7392 train_time:83126ms step_avg:1696.45ms
step:60/6200 train_loss:5.7475 train_time:84828ms step_avg:1696.55ms
step:61/6200 train_loss:5.6247 train_time:86527ms step_avg:1696.60ms
step:62/6200 train_loss:5.9697 train_time:88226ms step_avg:1696.66ms
step:63/6200 train_loss:5.7077 train_time:89927ms step_avg:1696.74ms
step:64/6200 train_loss:5.8462 train_time:91627ms step_avg:1696.80ms
step:65/6200 train_loss:5.7329 train_time:93327ms step_avg:1696.86ms
step:66/6200 train_loss:5.7459 train_time:95030ms step_avg:1696.96ms
step:67/6200 train_loss:5.6827 train_time:96728ms step_avg:1696.99ms
step:68/6200 train_loss:5.8258 train_time:98431ms step_avg:1697.09ms
step:69/6200 train_loss:5.6453 train_time:100135ms step_avg:1697.21ms
step:70/6200 train_loss:5.6759 train_time:101837ms step_avg:1697.28ms
step:71/6200 train_loss:5.8040 train_time:103535ms step_avg:1697.29ms
step:72/6200 train_loss:5.6084 train_time:105234ms step_avg:1697.32ms
step:73/6200 train_loss:5.5460 train_time:106935ms step_avg:1697.37ms
step:74/6200 train_loss:5.7474 train_time:108634ms step_avg:1697.41ms
step:75/6200 train_loss:5.6289 train_time:110337ms step_avg:1697.49ms
step:76/6200 train_loss:5.5535 train_time:112038ms step_avg:1697.55ms
step:77/6200 train_loss:5.5855 train_time:113737ms step_avg:1697.57ms
step:78/6200 train_loss:5.5856 train_time:115436ms step_avg:1697.59ms
step:79/6200 train_loss:5.6329 train_time:117135ms step_avg:1697.61ms
step:80/6200 train_loss:5.5427 train_time:118836ms step_avg:1697.65ms
step:81/6200 train_loss:5.5265 train_time:120535ms step_avg:1697.68ms
step:82/6200 train_loss:6.2715 train_time:122239ms step_avg:1697.76ms
step:83/6200 train_loss:5.7265 train_time:123940ms step_avg:1697.81ms
step:84/6200 train_loss:5.6182 train_time:125641ms step_avg:1697.85ms
step:85/6200 train_loss:5.6087 train_time:127341ms step_avg:1697.88ms
step:86/6200 train_loss:5.7192 train_time:129045ms step_avg:1697.96ms
step:87/6200 train_loss:5.4427 train_time:130747ms step_avg:1698.01ms
step:88/6200 train_loss:5.4814 train_time:132448ms step_avg:1698.05ms
step:89/6200 train_loss:5.5088 train_time:134147ms step_avg:1698.06ms
step:90/6200 train_loss:5.4195 train_time:135847ms step_avg:1698.09ms
step:91/6200 train_loss:5.4438 train_time:137549ms step_avg:1698.14ms
step:92/6200 train_loss:5.6809 train_time:139251ms step_avg:1698.18ms
step:93/6200 train_loss:5.3641 train_time:140955ms step_avg:1698.25ms
step:94/6200 train_loss:5.3795 train_time:142657ms step_avg:1698.30ms
step:95/6200 train_loss:5.5584 train_time:144358ms step_avg:1698.33ms
step:96/6200 train_loss:5.3778 train_time:146063ms step_avg:1698.41ms
step:97/6200 train_loss:5.4009 train_time:147764ms step_avg:1698.44ms
step:98/6200 train_loss:5.2960 train_time:149466ms step_avg:1698.48ms
step:99/6200 train_loss:5.4937 train_time:151171ms step_avg:1698.55ms
step:100/6200 train_loss:5.0261 train_time:152876ms step_avg:1698.62ms
step:101/6200 train_loss:5.5781 train_time:154578ms step_avg:1698.66ms
step:102/6200 train_loss:5.4202 train_time:156280ms step_avg:1698.70ms
step:103/6200 train_loss:5.3902 train_time:157981ms step_avg:1698.72ms
step:104/6200 train_loss:5.1812 train_time:159681ms step_avg:1698.74ms
step:105/6200 train_loss:5.4583 train_time:161382ms step_avg:1698.76ms
step:106/6200 train_loss:5.4187 train_time:163086ms step_avg:1698.81ms
step:107/6200 train_loss:5.4771 train_time:164786ms step_avg:1698.82ms
step:108/6200 train_loss:5.3336 train_time:166488ms step_avg:1698.86ms
step:109/6200 train_loss:5.2458 train_time:168192ms step_avg:1698.91ms
step:110/6200 train_loss:5.6169 train_time:169895ms step_avg:1698.95ms
step:111/6200 train_loss:5.2716 train_time:171599ms step_avg:1699.00ms
step:112/6200 train_loss:5.3582 train_time:173301ms step_avg:1699.02ms
step:113/6200 train_loss:5.5584 train_time:175005ms step_avg:1699.07ms
step:114/6200 train_loss:5.3631 train_time:176709ms step_avg:1699.13ms
step:115/6200 train_loss:5.3397 train_time:178411ms step_avg:1699.15ms
step:116/6200 train_loss:5.3489 train_time:180110ms step_avg:1699.15ms
step:117/6200 train_loss:5.2931 train_time:181811ms step_avg:1699.17ms
step:118/6200 train_loss:5.2769 train_time:183515ms step_avg:1699.21ms
step:119/6200 train_loss:5.2861 train_time:185222ms step_avg:1699.28ms
step:120/6200 train_loss:5.1725 train_time:186922ms step_avg:1699.29ms
step:121/6200 train_loss:5.4177 train_time:188624ms step_avg:1699.31ms
step:122/6200 train_loss:5.0833 train_time:190327ms step_avg:1699.35ms
step:123/6200 train_loss:5.1548 train_time:192031ms step_avg:1699.39ms
step:124/6200 train_loss:5.1957 train_time:193734ms step_avg:1699.42ms
step:125/6200 train_loss:5.3012 train_time:195435ms step_avg:1699.43ms
step:125/6200 val_loss:5.2017 train_time:195449ms step_avg:1699.56ms
step:126/6200 train_loss:5.2171 train_time:197157ms step_avg:1699.63ms
step:127/6200 train_loss:5.4084 train_time:198855ms step_avg:1699.62ms
step:128/6200 train_loss:5.2390 train_time:200551ms step_avg:1699.59ms
step:129/6200 train_loss:5.0924 train_time:202250ms step_avg:1699.58ms
step:130/6200 train_loss:5.0465 train_time:203948ms step_avg:1699.57ms
step:131/6200 train_loss:5.4645 train_time:205648ms step_avg:1699.57ms
step:132/6200 train_loss:5.2363 train_time:207348ms step_avg:1699.57ms
step:133/6200 train_loss:5.2011 train_time:209047ms step_avg:1699.57ms
step:134/6200 train_loss:5.2043 train_time:210746ms step_avg:1699.56ms
step:135/6200 train_loss:5.1023 train_time:212445ms step_avg:1699.56ms
step:136/6200 train_loss:5.1496 train_time:214142ms step_avg:1699.54ms
step:137/6200 train_loss:4.9554 train_time:215835ms step_avg:1699.49ms
step:138/6200 train_loss:5.0845 train_time:217532ms step_avg:1699.47ms
step:139/6200 train_loss:5.0874 train_time:219229ms step_avg:1699.45ms
step:140/6200 train_loss:5.1920 train_time:220927ms step_avg:1699.44ms
step:141/6200 train_loss:5.2461 train_time:222622ms step_avg:1699.40ms
step:142/6200 train_loss:5.2328 train_time:224317ms step_avg:1699.37ms
step:143/6200 train_loss:5.2317 train_time:226014ms step_avg:1699.36ms
step:144/6200 train_loss:4.9356 train_time:227702ms step_avg:1699.27ms
step:145/6200 train_loss:4.9646 train_time:229397ms step_avg:1699.24ms
step:146/6200 train_loss:5.0599 train_time:231087ms step_avg:1699.17ms
step:147/6200 train_loss:5.0296 train_time:232785ms step_avg:1699.16ms
step:148/6200 train_loss:5.0749 train_time:234480ms step_avg:1699.13ms
step:149/6200 train_loss:5.2388 train_time:236174ms step_avg:1699.09ms
step:150/6200 train_loss:5.3357 train_time:237871ms step_avg:1699.08ms
step:151/6200 train_loss:4.8669 train_time:239563ms step_avg:1699.03ms
step:152/6200 train_loss:4.8739 train_time:241256ms step_avg:1698.99ms
step:153/6200 train_loss:4.5944 train_time:242948ms step_avg:1698.94ms
step:154/6200 train_loss:5.0673 train_time:244640ms step_avg:1698.89ms
step:155/6200 train_loss:5.1050 train_time:246329ms step_avg:1698.82ms
step:156/6200 train_loss:5.0879 train_time:248022ms step_avg:1698.78ms
step:157/6200 train_loss:4.9692 train_time:249716ms step_avg:1698.75ms
step:158/6200 train_loss:4.9241 train_time:251409ms step_avg:1698.71ms
step:159/6200 train_loss:4.9575 train_time:253101ms step_avg:1698.67ms
step:160/6200 train_loss:5.0111 train_time:254792ms step_avg:1698.61ms
step:161/6200 train_loss:4.7838 train_time:256484ms step_avg:1698.57ms
step:162/6200 train_loss:4.8860 train_time:258177ms step_avg:1698.54ms
step:163/6200 train_loss:4.8454 train_time:259871ms step_avg:1698.50ms
step:164/6200 train_loss:4.8740 train_time:261565ms step_avg:1698.48ms
step:165/6200 train_loss:4.8117 train_time:263258ms step_avg:1698.44ms
step:166/6200 train_loss:4.9688 train_time:264949ms step_avg:1698.39ms
step:167/6200 train_loss:4.6880 train_time:266642ms step_avg:1698.36ms
step:168/6200 train_loss:4.9738 train_time:268335ms step_avg:1698.32ms
step:169/6200 train_loss:4.9702 train_time:270028ms step_avg:1698.29ms
step:170/6200 train_loss:4.8323 train_time:271722ms step_avg:1698.26ms
step:171/6200 train_loss:4.8987 train_time:273415ms step_avg:1698.23ms
step:172/6200 train_loss:5.2622 train_time:275106ms step_avg:1698.19ms
step:173/6200 train_loss:4.9994 train_time:276798ms step_avg:1698.15ms
step:174/6200 train_loss:4.9020 train_time:278490ms step_avg:1698.11ms
step:175/6200 train_loss:5.0423 train_time:280183ms step_avg:1698.08ms
step:176/6200 train_loss:4.9277 train_time:281877ms step_avg:1698.05ms
step:177/6200 train_loss:4.9272 train_time:283569ms step_avg:1698.02ms
step:178/6200 train_loss:5.0572 train_time:285262ms step_avg:1697.99ms
step:179/6200 train_loss:4.7983 train_time:286954ms step_avg:1697.95ms
step:180/6200 train_loss:4.9570 train_time:288650ms step_avg:1697.94ms
step:181/6200 train_loss:4.8927 train_time:290341ms step_avg:1697.90ms
step:182/6200 train_loss:4.9147 train_time:292032ms step_avg:1697.86ms
step:183/6200 train_loss:4.8295 train_time:293725ms step_avg:1697.83ms
step:184/6200 train_loss:4.6640 train_time:295417ms step_avg:1697.80ms
step:185/6200 train_loss:4.8470 train_time:297111ms step_avg:1697.78ms
step:186/6200 train_loss:4.8607 train_time:298805ms step_avg:1697.75ms
step:187/6200 train_loss:5.0038 train_time:300501ms step_avg:1697.75ms
step:188/6200 train_loss:4.8544 train_time:302196ms step_avg:1697.73ms
step:189/6200 train_loss:4.7820 train_time:303895ms step_avg:1697.74ms
step:190/6200 train_loss:4.6731 train_time:305593ms step_avg:1697.74ms
step:191/6200 train_loss:4.7998 train_time:307619ms step_avg:1699.55ms
step:192/6200 train_loss:4.8132 train_time:309319ms step_avg:1699.56ms
step:193/6200 train_loss:4.3575 train_time:311014ms step_avg:1699.53ms
step:194/6200 train_loss:5.0070 train_time:312711ms step_avg:1699.52ms
step:195/6200 train_loss:4.6847 train_time:314410ms step_avg:1699.51ms
step:196/6200 train_loss:4.8326 train_time:316106ms step_avg:1699.49ms
step:197/6200 train_loss:4.8603 train_time:317802ms step_avg:1699.48ms
step:198/6200 train_loss:4.9087 train_time:319499ms step_avg:1699.46ms
step:199/6200 train_loss:4.6875 train_time:321195ms step_avg:1699.44ms
step:200/6200 train_loss:4.7474 train_time:322890ms step_avg:1699.42ms
step:201/6200 train_loss:4.7387 train_time:324586ms step_avg:1699.40ms
step:202/6200 train_loss:4.7425 train_time:326281ms step_avg:1699.38ms
step:203/6200 train_loss:4.8366 train_time:327977ms step_avg:1699.36ms
step:204/6200 train_loss:4.9323 train_time:329673ms step_avg:1699.35ms
step:205/6200 train_loss:5.0311 train_time:331369ms step_avg:1699.33ms
step:206/6200 train_loss:4.4407 train_time:333065ms step_avg:1699.31ms
step:207/6200 train_loss:4.8190 train_time:334763ms step_avg:1699.30ms
step:208/6200 train_loss:4.9103 train_time:336459ms step_avg:1699.29ms
step:209/6200 train_loss:4.7403 train_time:338154ms step_avg:1699.27ms
step:210/6200 train_loss:4.7468 train_time:339850ms step_avg:1699.25ms
step:211/6200 train_loss:4.6294 train_time:341546ms step_avg:1699.23ms
step:212/6200 train_loss:4.6708 train_time:343241ms step_avg:1699.21ms
step:213/6200 train_loss:4.5931 train_time:344938ms step_avg:1699.20ms
step:214/6200 train_loss:4.6886 train_time:346635ms step_avg:1699.19ms
step:215/6200 train_loss:4.7221 train_time:348330ms step_avg:1699.17ms
step:216/6200 train_loss:4.6202 train_time:350024ms step_avg:1699.15ms
step:217/6200 train_loss:4.7291 train_time:351720ms step_avg:1699.13ms
step:218/6200 train_loss:4.9055 train_time:353417ms step_avg:1699.12ms
step:219/6200 train_loss:4.7512 train_time:355113ms step_avg:1699.11ms
step:220/6200 train_loss:4.6530 train_time:356806ms step_avg:1699.08ms
step:221/6200 train_loss:4.7905 train_time:358503ms step_avg:1699.07ms
step:222/6200 train_loss:4.6446 train_time:360201ms step_avg:1699.06ms
step:223/6200 train_loss:4.8875 train_time:361899ms step_avg:1699.06ms
step:224/6200 train_loss:4.6597 train_time:363598ms step_avg:1699.06ms
step:225/6200 train_loss:4.6512 train_time:365298ms step_avg:1699.06ms
step:226/6200 train_loss:4.5855 train_time:366993ms step_avg:1699.04ms
step:227/6200 train_loss:4.7133 train_time:368686ms step_avg:1699.02ms
step:228/6200 train_loss:4.7048 train_time:370379ms step_avg:1698.99ms
step:229/6200 train_loss:4.7118 train_time:372073ms step_avg:1698.96ms
step:230/6200 train_loss:4.6951 train_time:373767ms step_avg:1698.94ms
step:231/6200 train_loss:4.6228 train_time:375463ms step_avg:1698.93ms
step:232/6200 train_loss:4.6812 train_time:377157ms step_avg:1698.91ms
step:233/6200 train_loss:4.7276 train_time:378855ms step_avg:1698.90ms
step:234/6200 train_loss:4.6058 train_time:380553ms step_avg:1698.90ms
step:235/6200 train_loss:4.7245 train_time:382247ms step_avg:1698.87ms
step:236/6200 train_loss:4.6784 train_time:383942ms step_avg:1698.86ms
step:237/6200 train_loss:4.3723 train_time:385638ms step_avg:1698.85ms
step:238/6200 train_loss:4.7486 train_time:387334ms step_avg:1698.83ms
step:239/6200 train_loss:4.5542 train_time:389031ms step_avg:1698.82ms
step:240/6200 train_loss:4.3478 train_time:390728ms step_avg:1698.82ms
step:241/6200 train_loss:4.6829 train_time:392423ms step_avg:1698.80ms
step:242/6200 train_loss:4.4650 train_time:394120ms step_avg:1698.79ms
step:243/6200 train_loss:4.5987 train_time:395816ms step_avg:1698.78ms
step:244/6200 train_loss:4.8690 train_time:397515ms step_avg:1698.78ms
step:245/6200 train_loss:4.4466 train_time:399214ms step_avg:1698.78ms
step:246/6200 train_loss:4.6488 train_time:400912ms step_avg:1698.78ms
step:247/6200 train_loss:4.5887 train_time:402609ms step_avg:1698.77ms
step:248/6200 train_loss:4.6097 train_time:404309ms step_avg:1698.78ms
step:249/6200 train_loss:4.5588 train_time:406006ms step_avg:1698.77ms
step:250/6200 train_loss:4.7005 train_time:407709ms step_avg:1698.79ms
step:250/6200 val_loss:4.5772 train_time:407722ms step_avg:1698.84ms
step:251/6200 train_loss:4.5595 train_time:409415ms step_avg:1698.82ms
step:252/6200 train_loss:4.6942 train_time:411110ms step_avg:1698.80ms
step:253/6200 train_loss:4.4764 train_time:412805ms step_avg:1698.78ms
step:254/6200 train_loss:4.5920 train_time:414498ms step_avg:1698.76ms
step:255/6200 train_loss:4.5274 train_time:416189ms step_avg:1698.73ms
step:256/6200 train_loss:4.5814 train_time:417882ms step_avg:1698.71ms
step:257/6200 train_loss:4.5442 train_time:419575ms step_avg:1698.69ms
step:258/6200 train_loss:4.6974 train_time:421269ms step_avg:1698.67ms
step:259/6200 train_loss:4.3473 train_time:422962ms step_avg:1698.64ms
step:260/6200 train_loss:4.3861 train_time:424655ms step_avg:1698.62ms
step:261/6200 train_loss:4.5809 train_time:426350ms step_avg:1698.61ms
step:262/6200 train_loss:4.4980 train_time:428046ms step_avg:1698.60ms
step:263/6200 train_loss:4.6404 train_time:429743ms step_avg:1698.59ms
step:264/6200 train_loss:4.6573 train_time:431437ms step_avg:1698.57ms
step:265/6200 train_loss:4.4460 train_time:433131ms step_avg:1698.55ms
step:266/6200 train_loss:4.5868 train_time:434824ms step_avg:1698.53ms
step:267/6200 train_loss:4.3221 train_time:436516ms step_avg:1698.51ms
step:268/6200 train_loss:4.7748 train_time:438208ms step_avg:1698.48ms
step:269/6200 train_loss:4.5195 train_time:439903ms step_avg:1698.47ms
step:270/6200 train_loss:4.3735 train_time:441595ms step_avg:1698.44ms
step:271/6200 train_loss:4.5017 train_time:443288ms step_avg:1698.42ms
step:272/6200 train_loss:4.5332 train_time:444982ms step_avg:1698.40ms
step:273/6200 train_loss:4.4727 train_time:446672ms step_avg:1698.37ms
step:274/6200 train_loss:4.3079 train_time:448364ms step_avg:1698.35ms
step:275/6200 train_loss:4.4930 train_time:450055ms step_avg:1698.32ms
step:276/6200 train_loss:4.6892 train_time:451747ms step_avg:1698.30ms
step:277/6200 train_loss:4.3542 train_time:453441ms step_avg:1698.28ms
step:278/6200 train_loss:4.4509 train_time:455135ms step_avg:1698.27ms
step:279/6200 train_loss:4.3834 train_time:456830ms step_avg:1698.25ms
step:280/6200 train_loss:4.4974 train_time:458525ms step_avg:1698.24ms
step:281/6200 train_loss:4.7174 train_time:460217ms step_avg:1698.22ms
step:282/6200 train_loss:4.9420 train_time:461911ms step_avg:1698.20ms
step:283/6200 train_loss:4.4461 train_time:463604ms step_avg:1698.18ms
step:284/6200 train_loss:4.0795 train_time:465298ms step_avg:1698.17ms
step:285/6200 train_loss:4.4704 train_time:466993ms step_avg:1698.16ms
step:286/6200 train_loss:4.6813 train_time:468693ms step_avg:1698.16ms
step:287/6200 train_loss:4.4927 train_time:470389ms step_avg:1698.15ms
step:288/6200 train_loss:4.4986 train_time:472084ms step_avg:1698.15ms
step:289/6200 train_loss:4.3759 train_time:473779ms step_avg:1698.13ms
step:290/6200 train_loss:4.3340 train_time:475473ms step_avg:1698.12ms
step:291/6200 train_loss:4.5533 train_time:477166ms step_avg:1698.10ms
step:292/6200 train_loss:4.4300 train_time:478862ms step_avg:1698.09ms
step:293/6200 train_loss:4.5972 train_time:480556ms step_avg:1698.08ms
step:294/6200 train_loss:4.2371 train_time:482250ms step_avg:1698.06ms
step:295/6200 train_loss:4.6892 train_time:483944ms step_avg:1698.05ms
step:296/6200 train_loss:4.5333 train_time:485639ms step_avg:1698.04ms
step:297/6200 train_loss:4.6610 train_time:487333ms step_avg:1698.03ms
step:298/6200 train_loss:4.5062 train_time:489030ms step_avg:1698.02ms
step:299/6200 train_loss:4.5050 train_time:490724ms step_avg:1698.01ms
step:300/6200 train_loss:4.3613 train_time:492418ms step_avg:1697.99ms
step:301/6200 train_loss:4.5274 train_time:494113ms step_avg:1697.98ms
step:302/6200 train_loss:4.4276 train_time:495808ms step_avg:1697.97ms
step:303/6200 train_loss:4.4351 train_time:497502ms step_avg:1697.96ms
step:304/6200 train_loss:4.2436 train_time:499198ms step_avg:1697.95ms
step:305/6200 train_loss:4.1871 train_time:500894ms step_avg:1697.95ms
step:306/6200 train_loss:4.3978 train_time:502591ms step_avg:1697.94ms
step:307/6200 train_loss:4.4710 train_time:504287ms step_avg:1697.93ms
step:308/6200 train_loss:4.4842 train_time:505983ms step_avg:1697.93ms
step:309/6200 train_loss:4.3082 train_time:507681ms step_avg:1697.93ms
step:310/6200 train_loss:4.5699 train_time:509378ms step_avg:1697.93ms
step:311/6200 train_loss:4.3361 train_time:511077ms step_avg:1697.93ms
step:312/6200 train_loss:4.3221 train_time:512772ms step_avg:1697.92ms
step:313/6200 train_loss:4.3837 train_time:514469ms step_avg:1697.92ms
step:314/6200 train_loss:4.4122 train_time:516163ms step_avg:1697.91ms
step:315/6200 train_loss:4.3047 train_time:517858ms step_avg:1697.90ms
step:316/6200 train_loss:4.2949 train_time:519555ms step_avg:1697.89ms
step:317/6200 train_loss:4.3240 train_time:521254ms step_avg:1697.90ms
step:318/6200 train_loss:4.4052 train_time:522952ms step_avg:1697.89ms
step:319/6200 train_loss:4.2413 train_time:524646ms step_avg:1697.88ms
step:320/6200 train_loss:4.4368 train_time:526341ms step_avg:1697.87ms
step:321/6200 train_loss:4.3235 train_time:528037ms step_avg:1697.87ms
step:322/6200 train_loss:4.1952 train_time:529732ms step_avg:1697.86ms
step:323/6200 train_loss:4.4079 train_time:531429ms step_avg:1697.85ms
step:324/6200 train_loss:4.6220 train_time:533123ms step_avg:1697.84ms
step:325/6200 train_loss:4.3281 train_time:534822ms step_avg:1697.85ms
step:326/6200 train_loss:4.5016 train_time:536518ms step_avg:1697.84ms
step:327/6200 train_loss:4.4284 train_time:538210ms step_avg:1697.82ms
step:328/6200 train_loss:4.4680 train_time:539907ms step_avg:1697.82ms
step:329/6200 train_loss:4.3729 train_time:541606ms step_avg:1697.82ms
step:330/6200 train_loss:4.2638 train_time:543304ms step_avg:1697.83ms
step:331/6200 train_loss:4.4089 train_time:545003ms step_avg:1697.83ms
step:332/6200 train_loss:4.3443 train_time:546704ms step_avg:1697.84ms
step:333/6200 train_loss:4.2736 train_time:548399ms step_avg:1697.83ms
step:334/6200 train_loss:4.1889 train_time:550097ms step_avg:1697.83ms
step:335/6200 train_loss:4.1346 train_time:551795ms step_avg:1697.83ms
step:336/6200 train_loss:4.4173 train_time:553494ms step_avg:1697.83ms
step:337/6200 train_loss:4.1937 train_time:555190ms step_avg:1697.83ms
step:338/6200 train_loss:4.2704 train_time:556886ms step_avg:1697.82ms
step:339/6200 train_loss:4.4936 train_time:558583ms step_avg:1697.82ms
step:340/6200 train_loss:4.2946 train_time:560283ms step_avg:1697.83ms
step:341/6200 train_loss:4.4570 train_time:561979ms step_avg:1697.82ms
step:342/6200 train_loss:4.3985 train_time:563676ms step_avg:1697.82ms
step:343/6200 train_loss:5.0087 train_time:565374ms step_avg:1697.82ms
step:344/6200 train_loss:4.3225 train_time:567074ms step_avg:1697.83ms
step:345/6200 train_loss:4.1478 train_time:568773ms step_avg:1697.83ms
step:346/6200 train_loss:4.0807 train_time:570469ms step_avg:1697.82ms
step:347/6200 train_loss:4.4391 train_time:572166ms step_avg:1697.82ms
step:348/6200 train_loss:4.2562 train_time:573863ms step_avg:1697.82ms
step:349/6200 train_loss:4.3436 train_time:575560ms step_avg:1697.82ms
step:350/6200 train_loss:4.1499 train_time:577258ms step_avg:1697.82ms
step:351/6200 train_loss:4.1664 train_time:578955ms step_avg:1697.81ms
step:352/6200 train_loss:4.5908 train_time:580652ms step_avg:1697.81ms
step:353/6200 train_loss:4.1525 train_time:582351ms step_avg:1697.82ms
step:354/6200 train_loss:4.3782 train_time:584048ms step_avg:1697.81ms
step:355/6200 train_loss:4.3558 train_time:585746ms step_avg:1697.82ms
step:356/6200 train_loss:4.1103 train_time:587447ms step_avg:1697.82ms
step:357/6200 train_loss:4.0710 train_time:589145ms step_avg:1697.82ms
step:358/6200 train_loss:4.4586 train_time:590841ms step_avg:1697.82ms
step:359/6200 train_loss:4.2371 train_time:592540ms step_avg:1697.82ms
step:360/6200 train_loss:4.1361 train_time:594237ms step_avg:1697.82ms
step:361/6200 train_loss:4.2379 train_time:595933ms step_avg:1697.82ms
step:362/6200 train_loss:4.0833 train_time:597631ms step_avg:1697.82ms
step:363/6200 train_loss:4.2691 train_time:599327ms step_avg:1697.81ms
step:364/6200 train_loss:4.1564 train_time:601025ms step_avg:1697.81ms
step:365/6200 train_loss:4.2035 train_time:602726ms step_avg:1697.82ms
step:366/6200 train_loss:4.3635 train_time:604423ms step_avg:1697.82ms
step:367/6200 train_loss:4.1439 train_time:606118ms step_avg:1697.81ms
step:368/6200 train_loss:4.2624 train_time:607815ms step_avg:1697.81ms
step:369/6200 train_loss:4.2445 train_time:609512ms step_avg:1697.81ms
step:370/6200 train_loss:4.0561 train_time:611212ms step_avg:1697.81ms
step:371/6200 train_loss:4.2266 train_time:612911ms step_avg:1697.81ms
step:372/6200 train_loss:4.1553 train_time:614606ms step_avg:1697.81ms
step:373/6200 train_loss:4.2738 train_time:616302ms step_avg:1697.80ms
step:374/6200 train_loss:4.2113 train_time:618002ms step_avg:1697.81ms
step:375/6200 train_loss:4.1315 train_time:619698ms step_avg:1697.80ms
step:375/6200 val_loss:4.1991 train_time:619712ms step_avg:1697.84ms
step:376/6200 train_loss:4.4455 train_time:621398ms step_avg:1697.81ms
step:377/6200 train_loss:3.9691 train_time:623090ms step_avg:1697.79ms
step:378/6200 train_loss:4.2866 train_time:624783ms step_avg:1697.78ms
step:379/6200 train_loss:4.1979 train_time:626477ms step_avg:1697.77ms
step:380/6200 train_loss:4.1715 train_time:628168ms step_avg:1697.75ms
step:381/6200 train_loss:4.1084 train_time:629861ms step_avg:1697.74ms
step:382/6200 train_loss:4.1152 train_time:631790ms step_avg:1698.36ms
step:383/6200 train_loss:4.0771 train_time:633482ms step_avg:1698.34ms
step:384/6200 train_loss:4.1383 train_time:635177ms step_avg:1698.33ms
step:385/6200 train_loss:3.9906 train_time:636870ms step_avg:1698.32ms
step:386/6200 train_loss:4.3094 train_time:638563ms step_avg:1698.30ms
step:387/6200 train_loss:4.0588 train_time:640254ms step_avg:1698.29ms
step:388/6200 train_loss:4.1828 train_time:641947ms step_avg:1698.27ms
step:389/6200 train_loss:4.2569 train_time:643639ms step_avg:1698.26ms
step:390/6200 train_loss:4.2290 train_time:645331ms step_avg:1698.24ms
step:391/6200 train_loss:4.0111 train_time:647022ms step_avg:1698.22ms
step:392/6200 train_loss:3.8631 train_time:648713ms step_avg:1698.20ms
step:393/6200 train_loss:4.0180 train_time:650406ms step_avg:1698.19ms
step:394/6200 train_loss:4.2481 train_time:652103ms step_avg:1698.19ms
step:395/6200 train_loss:4.1104 train_time:653798ms step_avg:1698.18ms
step:396/6200 train_loss:4.1813 train_time:655492ms step_avg:1698.16ms
step:397/6200 train_loss:3.9989 train_time:657189ms step_avg:1698.16ms
step:398/6200 train_loss:4.1626 train_time:658886ms step_avg:1698.16ms
step:399/6200 train_loss:4.1418 train_time:660581ms step_avg:1698.15ms
step:400/6200 train_loss:4.0860 train_time:662279ms step_avg:1698.15ms
step:401/6200 train_loss:4.1020 train_time:663978ms step_avg:1698.15ms
step:402/6200 train_loss:4.0447 train_time:665671ms step_avg:1698.14ms
step:403/6200 train_loss:4.2863 train_time:667367ms step_avg:1698.13ms
step:404/6200 train_loss:4.1884 train_time:669065ms step_avg:1698.13ms
step:405/6200 train_loss:4.2169 train_time:670761ms step_avg:1698.13ms
step:406/6200 train_loss:4.1903 train_time:672455ms step_avg:1698.12ms
step:407/6200 train_loss:4.0958 train_time:674148ms step_avg:1698.11ms
step:408/6200 train_loss:4.0344 train_time:675844ms step_avg:1698.10ms
step:409/6200 train_loss:4.0451 train_time:677541ms step_avg:1698.10ms
step:410/6200 train_loss:3.9788 train_time:679236ms step_avg:1698.09ms
step:411/6200 train_loss:4.1528 train_time:680933ms step_avg:1698.09ms
step:412/6200 train_loss:4.1385 train_time:682629ms step_avg:1698.08ms
step:413/6200 train_loss:4.0704 train_time:684325ms step_avg:1698.08ms
step:414/6200 train_loss:4.0737 train_time:686020ms step_avg:1698.07ms
step:415/6200 train_loss:3.9722 train_time:687716ms step_avg:1698.06ms
step:416/6200 train_loss:4.1434 train_time:689408ms step_avg:1698.05ms
step:417/6200 train_loss:4.3100 train_time:691102ms step_avg:1698.04ms
step:418/6200 train_loss:4.0109 train_time:692795ms step_avg:1698.03ms
step:419/6200 train_loss:4.1473 train_time:694490ms step_avg:1698.02ms
step:420/6200 train_loss:4.3271 train_time:696185ms step_avg:1698.01ms
step:421/6200 train_loss:4.1115 train_time:697880ms step_avg:1698.00ms
step:422/6200 train_loss:4.2382 train_time:699573ms step_avg:1697.99ms
step:423/6200 train_loss:3.9827 train_time:701270ms step_avg:1697.99ms
step:424/6200 train_loss:4.0426 train_time:702966ms step_avg:1697.98ms
step:425/6200 train_loss:3.9072 train_time:704663ms step_avg:1697.98ms
step:426/6200 train_loss:4.2254 train_time:706360ms step_avg:1697.98ms
step:427/6200 train_loss:4.1509 train_time:708056ms step_avg:1697.98ms
step:428/6200 train_loss:4.1804 train_time:709750ms step_avg:1697.97ms
step:429/6200 train_loss:4.2035 train_time:711444ms step_avg:1697.96ms
step:430/6200 train_loss:3.9522 train_time:713138ms step_avg:1697.95ms
step:431/6200 train_loss:3.8654 train_time:714830ms step_avg:1697.93ms
step:432/6200 train_loss:4.2741 train_time:716523ms step_avg:1697.92ms
step:433/6200 train_loss:4.1904 train_time:718214ms step_avg:1697.91ms
step:434/6200 train_loss:4.1186 train_time:719905ms step_avg:1697.89ms
step:435/6200 train_loss:3.8951 train_time:721595ms step_avg:1697.87ms
step:436/6200 train_loss:4.1793 train_time:723285ms step_avg:1697.85ms
step:437/6200 train_loss:4.1975 train_time:724980ms step_avg:1697.85ms
step:438/6200 train_loss:4.1137 train_time:726674ms step_avg:1697.84ms
step:439/6200 train_loss:4.0991 train_time:728367ms step_avg:1697.83ms
step:440/6200 train_loss:4.0322 train_time:730057ms step_avg:1697.81ms
step:441/6200 train_loss:4.0124 train_time:731752ms step_avg:1697.80ms
step:442/6200 train_loss:4.1810 train_time:733443ms step_avg:1697.78ms
step:443/6200 train_loss:3.8980 train_time:735135ms step_avg:1697.77ms
step:444/6200 train_loss:4.0079 train_time:736827ms step_avg:1697.76ms
step:445/6200 train_loss:4.3587 train_time:738519ms step_avg:1697.75ms
step:446/6200 train_loss:3.9850 train_time:740210ms step_avg:1697.73ms
step:447/6200 train_loss:4.2137 train_time:741904ms step_avg:1697.72ms
step:448/6200 train_loss:4.2543 train_time:743598ms step_avg:1697.71ms
step:449/6200 train_loss:4.0838 train_time:745292ms step_avg:1697.70ms
step:450/6200 train_loss:4.1446 train_time:746987ms step_avg:1697.70ms
step:451/6200 train_loss:4.1083 train_time:748680ms step_avg:1697.69ms
step:452/6200 train_loss:4.1422 train_time:750373ms step_avg:1697.68ms
step:453/6200 train_loss:4.4761 train_time:752067ms step_avg:1697.67ms
step:454/6200 train_loss:3.8932 train_time:753759ms step_avg:1697.66ms
step:455/6200 train_loss:4.0395 train_time:755454ms step_avg:1697.65ms
step:456/6200 train_loss:4.1503 train_time:757149ms step_avg:1697.64ms
step:457/6200 train_loss:4.0419 train_time:758844ms step_avg:1697.64ms
step:458/6200 train_loss:4.1312 train_time:760539ms step_avg:1697.63ms
step:459/6200 train_loss:4.2155 train_time:762235ms step_avg:1697.63ms
step:460/6200 train_loss:3.8604 train_time:763932ms step_avg:1697.63ms
step:461/6200 train_loss:4.0455 train_time:765628ms step_avg:1697.62ms
step:462/6200 train_loss:4.1158 train_time:767325ms step_avg:1697.62ms
step:463/6200 train_loss:3.9142 train_time:769021ms step_avg:1697.62ms
step:464/6200 train_loss:4.0051 train_time:770716ms step_avg:1697.61ms
step:465/6200 train_loss:4.2738 train_time:772411ms step_avg:1697.61ms
step:466/6200 train_loss:3.9532 train_time:774106ms step_avg:1697.60ms
step:467/6200 train_loss:3.9244 train_time:775802ms step_avg:1697.60ms
step:468/6200 train_loss:3.9277 train_time:777499ms step_avg:1697.60ms
step:469/6200 train_loss:4.3258 train_time:779195ms step_avg:1697.59ms
step:470/6200 train_loss:4.1174 train_time:780892ms step_avg:1697.59ms
step:471/6200 train_loss:3.8672 train_time:782589ms step_avg:1697.59ms
step:472/6200 train_loss:4.1675 train_time:784287ms step_avg:1697.59ms
step:473/6200 train_loss:3.9627 train_time:785983ms step_avg:1697.59ms
step:474/6200 train_loss:4.1715 train_time:787679ms step_avg:1697.58ms
step:475/6200 train_loss:4.1563 train_time:789371ms step_avg:1697.57ms
step:476/6200 train_loss:4.0451 train_time:791067ms step_avg:1697.57ms
step:477/6200 train_loss:4.2726 train_time:792759ms step_avg:1697.56ms
step:478/6200 train_loss:4.1069 train_time:794453ms step_avg:1697.55ms
step:479/6200 train_loss:4.2940 train_time:796148ms step_avg:1697.54ms
step:480/6200 train_loss:3.9323 train_time:797844ms step_avg:1697.54ms
step:481/6200 train_loss:3.9899 train_time:799541ms step_avg:1697.54ms
step:482/6200 train_loss:4.1463 train_time:801236ms step_avg:1697.53ms
step:483/6200 train_loss:4.0785 train_time:802930ms step_avg:1697.53ms
step:484/6200 train_loss:4.1379 train_time:804624ms step_avg:1697.52ms
step:485/6200 train_loss:4.0721 train_time:806319ms step_avg:1697.51ms
step:486/6200 train_loss:3.8632 train_time:808014ms step_avg:1697.51ms
step:487/6200 train_loss:4.0033 train_time:809712ms step_avg:1697.51ms
step:488/6200 train_loss:4.1052 train_time:811410ms step_avg:1697.51ms
step:489/6200 train_loss:4.0787 train_time:813105ms step_avg:1697.51ms
step:490/6200 train_loss:4.3635 train_time:814802ms step_avg:1697.50ms
step:491/6200 train_loss:3.9398 train_time:816497ms step_avg:1697.50ms
step:492/6200 train_loss:3.9200 train_time:818193ms step_avg:1697.50ms
step:493/6200 train_loss:4.0630 train_time:819892ms step_avg:1697.50ms
step:494/6200 train_loss:3.8199 train_time:821587ms step_avg:1697.49ms
step:495/6200 train_loss:4.1663 train_time:823283ms step_avg:1697.49ms
step:496/6200 train_loss:4.3176 train_time:824979ms step_avg:1697.49ms
step:497/6200 train_loss:4.0441 train_time:826674ms step_avg:1697.48ms
step:498/6200 train_loss:4.0182 train_time:828372ms step_avg:1697.48ms
step:499/6200 train_loss:4.0180 train_time:830067ms step_avg:1697.48ms
step:500/6200 train_loss:3.8826 train_time:831763ms step_avg:1697.47ms
step:500/6200 val_loss:4.0164 train_time:831777ms step_avg:1697.50ms
step:501/6200 train_loss:3.9659 train_time:833466ms step_avg:1697.49ms
step:502/6200 train_loss:3.9455 train_time:835161ms step_avg:1697.48ms
step:503/6200 train_loss:4.1324 train_time:836857ms step_avg:1697.48ms
step:504/6200 train_loss:3.9029 train_time:838555ms step_avg:1697.48ms
step:505/6200 train_loss:4.2813 train_time:840247ms step_avg:1697.47ms
step:506/6200 train_loss:3.9795 train_time:841945ms step_avg:1697.47ms
step:507/6200 train_loss:4.2099 train_time:843642ms step_avg:1697.47ms
step:508/6200 train_loss:4.3665 train_time:845339ms step_avg:1697.47ms
step:509/6200 train_loss:3.8439 train_time:847035ms step_avg:1697.46ms
step:510/6200 train_loss:4.1497 train_time:848732ms step_avg:1697.46ms
step:511/6200 train_loss:3.9868 train_time:850428ms step_avg:1697.46ms
step:512/6200 train_loss:3.9673 train_time:852126ms step_avg:1697.46ms
step:513/6200 train_loss:3.7672 train_time:853821ms step_avg:1697.46ms
step:514/6200 train_loss:3.9406 train_time:855518ms step_avg:1697.46ms
step:515/6200 train_loss:4.5254 train_time:857213ms step_avg:1697.45ms
step:516/6200 train_loss:4.1018 train_time:858908ms step_avg:1697.45ms
step:517/6200 train_loss:4.0076 train_time:860603ms step_avg:1697.44ms
step:518/6200 train_loss:3.9739 train_time:862293ms step_avg:1697.43ms
step:519/6200 train_loss:3.8936 train_time:863986ms step_avg:1697.42ms
step:520/6200 train_loss:4.3095 train_time:865680ms step_avg:1697.41ms
step:521/6200 train_loss:3.9789 train_time:867375ms step_avg:1697.41ms
step:522/6200 train_loss:3.8693 train_time:869069ms step_avg:1697.40ms
step:523/6200 train_loss:4.2267 train_time:870763ms step_avg:1697.39ms
step:524/6200 train_loss:3.8214 train_time:872459ms step_avg:1697.39ms
step:525/6200 train_loss:3.9058 train_time:874154ms step_avg:1697.39ms
step:526/6200 train_loss:4.1225 train_time:875845ms step_avg:1697.37ms
step:527/6200 train_loss:4.0739 train_time:877537ms step_avg:1697.36ms
step:528/6200 train_loss:3.9451 train_time:879227ms step_avg:1697.35ms
step:529/6200 train_loss:4.0594 train_time:880920ms step_avg:1697.34ms
step:530/6200 train_loss:3.9602 train_time:882613ms step_avg:1697.33ms
step:531/6200 train_loss:4.0089 train_time:884305ms step_avg:1697.32ms
step:532/6200 train_loss:4.0341 train_time:885995ms step_avg:1697.31ms
step:533/6200 train_loss:4.0273 train_time:887687ms step_avg:1697.30ms
step:534/6200 train_loss:4.0259 train_time:889382ms step_avg:1697.29ms
step:535/6200 train_loss:4.0026 train_time:891074ms step_avg:1697.28ms
step:536/6200 train_loss:3.9975 train_time:892769ms step_avg:1697.28ms
step:537/6200 train_loss:4.1262 train_time:894462ms step_avg:1697.27ms
step:538/6200 train_loss:3.8902 train_time:896156ms step_avg:1697.27ms
step:539/6200 train_loss:4.0433 train_time:897849ms step_avg:1697.26ms
step:540/6200 train_loss:4.0135 train_time:899540ms step_avg:1697.24ms
step:541/6200 train_loss:3.9669 train_time:901233ms step_avg:1697.24ms
step:542/6200 train_loss:4.0598 train_time:902929ms step_avg:1697.24ms
step:543/6200 train_loss:4.0175 train_time:904626ms step_avg:1697.23ms
step:544/6200 train_loss:3.9733 train_time:906320ms step_avg:1697.23ms
step:545/6200 train_loss:4.0330 train_time:908015ms step_avg:1697.22ms
step:546/6200 train_loss:4.1503 train_time:909709ms step_avg:1697.22ms
step:547/6200 train_loss:3.9705 train_time:911403ms step_avg:1697.21ms
step:548/6200 train_loss:4.3152 train_time:913098ms step_avg:1697.21ms
step:549/6200 train_loss:3.5375 train_time:914791ms step_avg:1697.20ms
step:550/6200 train_loss:4.1204 train_time:916484ms step_avg:1697.19ms
step:551/6200 train_loss:4.0870 train_time:918181ms step_avg:1697.19ms
step:552/6200 train_loss:3.8776 train_time:919879ms step_avg:1697.19ms
step:553/6200 train_loss:4.0920 train_time:921578ms step_avg:1697.20ms
step:554/6200 train_loss:3.9429 train_time:923272ms step_avg:1697.19ms
step:555/6200 train_loss:3.9645 train_time:924970ms step_avg:1697.19ms
step:556/6200 train_loss:4.2520 train_time:926665ms step_avg:1697.19ms
step:557/6200 train_loss:3.9629 train_time:928359ms step_avg:1697.18ms
step:558/6200 train_loss:3.9168 train_time:930053ms step_avg:1697.18ms
step:559/6200 train_loss:3.9299 train_time:931746ms step_avg:1697.17ms
step:560/6200 train_loss:3.9232 train_time:933444ms step_avg:1697.17ms
step:561/6200 train_loss:3.9258 train_time:935138ms step_avg:1697.17ms
step:562/6200 train_loss:3.8792 train_time:936831ms step_avg:1697.16ms
step:563/6200 train_loss:3.6960 train_time:938529ms step_avg:1697.16ms
step:564/6200 train_loss:4.0941 train_time:940224ms step_avg:1697.16ms
step:565/6200 train_loss:3.8844 train_time:941919ms step_avg:1697.15ms
step:566/6200 train_loss:4.0041 train_time:943615ms step_avg:1697.15ms
step:567/6200 train_loss:4.2458 train_time:945310ms step_avg:1697.15ms
step:568/6200 train_loss:3.9831 train_time:947005ms step_avg:1697.14ms
step:569/6200 train_loss:4.6500 train_time:948699ms step_avg:1697.14ms
step:570/6200 train_loss:3.9466 train_time:950394ms step_avg:1697.13ms
step:571/6200 train_loss:3.9408 train_time:952092ms step_avg:1697.13ms
step:572/6200 train_loss:3.9040 train_time:953972ms step_avg:1697.46ms
step:573/6200 train_loss:3.6715 train_time:955674ms step_avg:1697.47ms
step:574/6200 train_loss:3.9065 train_time:957369ms step_avg:1697.46ms
step:575/6200 train_loss:3.9944 train_time:959064ms step_avg:1697.46ms
step:576/6200 train_loss:3.8633 train_time:960761ms step_avg:1697.46ms
step:577/6200 train_loss:3.9570 train_time:962457ms step_avg:1697.46ms
step:578/6200 train_loss:4.0227 train_time:964152ms step_avg:1697.45ms
step:579/6200 train_loss:4.0597 train_time:965849ms step_avg:1697.45ms
step:580/6200 train_loss:4.3784 train_time:967542ms step_avg:1697.44ms
step:581/6200 train_loss:3.9672 train_time:969235ms step_avg:1697.43ms
step:582/6200 train_loss:3.9975 train_time:970927ms step_avg:1697.42ms
step:583/6200 train_loss:3.9037 train_time:972619ms step_avg:1697.42ms
step:584/6200 train_loss:4.0077 train_time:974312ms step_avg:1697.41ms
step:585/6200 train_loss:3.9256 train_time:976006ms step_avg:1697.40ms
step:586/6200 train_loss:3.7695 train_time:977705ms step_avg:1697.40ms
step:587/6200 train_loss:3.8519 train_time:979400ms step_avg:1697.40ms
step:588/6200 train_loss:4.1452 train_time:981093ms step_avg:1697.39ms
step:589/6200 train_loss:3.9527 train_time:982787ms step_avg:1697.39ms
step:590/6200 train_loss:3.8159 train_time:984484ms step_avg:1697.39ms
step:591/6200 train_loss:3.8820 train_time:986179ms step_avg:1697.38ms
step:592/6200 train_loss:3.9732 train_time:987873ms step_avg:1697.38ms
step:593/6200 train_loss:3.8146 train_time:989568ms step_avg:1697.37ms
step:594/6200 train_loss:4.0706 train_time:991264ms step_avg:1697.37ms
step:595/6200 train_loss:3.7421 train_time:992959ms step_avg:1697.37ms
step:596/6200 train_loss:4.1446 train_time:994650ms step_avg:1697.36ms
step:597/6200 train_loss:4.0298 train_time:996344ms step_avg:1697.35ms
step:598/6200 train_loss:3.8657 train_time:998037ms step_avg:1697.34ms
step:599/6200 train_loss:3.9119 train_time:999734ms step_avg:1697.34ms
step:600/6200 train_loss:3.8853 train_time:1001430ms step_avg:1697.34ms
step:601/6200 train_loss:3.9409 train_time:1003124ms step_avg:1697.33ms
step:602/6200 train_loss:3.8983 train_time:1004820ms step_avg:1697.33ms
step:603/6200 train_loss:3.9692 train_time:1006516ms step_avg:1697.33ms
step:604/6200 train_loss:4.4120 train_time:1008210ms step_avg:1697.32ms
step:605/6200 train_loss:3.8175 train_time:1009905ms step_avg:1697.32ms
step:606/6200 train_loss:3.9016 train_time:1011601ms step_avg:1697.32ms
step:607/6200 train_loss:3.8327 train_time:1013296ms step_avg:1697.31ms
step:608/6200 train_loss:4.0956 train_time:1014991ms step_avg:1697.31ms
step:609/6200 train_loss:3.9030 train_time:1016685ms step_avg:1697.30ms
step:610/6200 train_loss:3.9920 train_time:1018378ms step_avg:1697.30ms
step:611/6200 train_loss:3.8349 train_time:1020073ms step_avg:1697.29ms
step:612/6200 train_loss:4.0808 train_time:1021767ms step_avg:1697.29ms
step:613/6200 train_loss:3.8945 train_time:1023463ms step_avg:1697.29ms
step:614/6200 train_loss:3.9871 train_time:1025159ms step_avg:1697.28ms
step:615/6200 train_loss:3.8894 train_time:1026854ms step_avg:1697.28ms
step:616/6200 train_loss:4.1354 train_time:1028550ms step_avg:1697.28ms
step:617/6200 train_loss:3.8341 train_time:1030244ms step_avg:1697.27ms
step:618/6200 train_loss:3.8625 train_time:1031939ms step_avg:1697.27ms
step:619/6200 train_loss:4.0104 train_time:1033634ms step_avg:1697.26ms
step:620/6200 train_loss:4.0224 train_time:1035329ms step_avg:1697.26ms
step:621/6200 train_loss:3.8259 train_time:1037024ms step_avg:1697.26ms
step:622/6200 train_loss:3.9047 train_time:1038719ms step_avg:1697.25ms
step:623/6200 train_loss:3.8730 train_time:1040416ms step_avg:1697.25ms
step:624/6200 train_loss:3.9295 train_time:1042113ms step_avg:1697.25ms
step:625/6200 train_loss:3.8433 train_time:1043810ms step_avg:1697.25ms
step:625/6200 val_loss:3.9110 train_time:1043824ms step_avg:1697.27ms
step:626/6200 train_loss:3.8777 train_time:1045515ms step_avg:1697.26ms
step:627/6200 train_loss:3.8766 train_time:1047209ms step_avg:1697.26ms
step:628/6200 train_loss:3.8873 train_time:1048904ms step_avg:1697.26ms
step:629/6200 train_loss:4.1415 train_time:1050601ms step_avg:1697.25ms
step:630/6200 train_loss:3.8946 train_time:1052295ms step_avg:1697.25ms
step:631/6200 train_loss:3.8659 train_time:1053992ms step_avg:1697.25ms
step:632/6200 train_loss:3.7568 train_time:1055688ms step_avg:1697.25ms
step:633/6200 train_loss:3.9505 train_time:1057383ms step_avg:1697.24ms
step:634/6200 train_loss:4.0705 train_time:1059079ms step_avg:1697.24ms
step:635/6200 train_loss:4.1129 train_time:1060776ms step_avg:1697.24ms
step:636/6200 train_loss:3.9889 train_time:1062470ms step_avg:1697.24ms
step:637/6200 train_loss:3.8812 train_time:1064168ms step_avg:1697.24ms
step:638/6200 train_loss:3.7742 train_time:1065863ms step_avg:1697.23ms
step:639/6200 train_loss:3.8595 train_time:1067558ms step_avg:1697.23ms
step:640/6200 train_loss:4.0570 train_time:1069255ms step_avg:1697.23ms
step:641/6200 train_loss:3.9132 train_time:1070953ms step_avg:1697.23ms
step:642/6200 train_loss:4.0352 train_time:1072650ms step_avg:1697.23ms
step:643/6200 train_loss:4.2866 train_time:1074346ms step_avg:1697.23ms
step:644/6200 train_loss:3.9161 train_time:1076046ms step_avg:1697.23ms
step:645/6200 train_loss:4.1161 train_time:1077743ms step_avg:1697.23ms
step:646/6200 train_loss:3.9548 train_time:1079438ms step_avg:1697.23ms
step:647/6200 train_loss:3.9156 train_time:1081135ms step_avg:1697.23ms
step:648/6200 train_loss:3.9888 train_time:1082829ms step_avg:1697.22ms
step:649/6200 train_loss:3.9703 train_time:1084526ms step_avg:1697.22ms
step:650/6200 train_loss:4.0165 train_time:1086221ms step_avg:1697.22ms
step:651/6200 train_loss:3.9003 train_time:1087917ms step_avg:1697.22ms
step:652/6200 train_loss:3.9963 train_time:1089610ms step_avg:1697.21ms
step:653/6200 train_loss:3.9413 train_time:1091305ms step_avg:1697.21ms
step:654/6200 train_loss:3.9800 train_time:1093000ms step_avg:1697.20ms
step:655/6200 train_loss:3.7041 train_time:1094696ms step_avg:1697.20ms
step:656/6200 train_loss:4.1823 train_time:1096394ms step_avg:1697.20ms
step:657/6200 train_loss:3.8757 train_time:1098090ms step_avg:1697.20ms
step:658/6200 train_loss:3.9132 train_time:1099786ms step_avg:1697.20ms
step:659/6200 train_loss:3.8132 train_time:1101483ms step_avg:1697.20ms
step:660/6200 train_loss:3.8569 train_time:1103178ms step_avg:1697.20ms
step:661/6200 train_loss:3.9391 train_time:1104874ms step_avg:1697.20ms
step:662/6200 train_loss:3.8727 train_time:1106571ms step_avg:1697.19ms
step:663/6200 train_loss:3.8192 train_time:1108270ms step_avg:1697.20ms
step:664/6200 train_loss:3.9259 train_time:1109969ms step_avg:1697.20ms
step:665/6200 train_loss:3.8362 train_time:1111665ms step_avg:1697.20ms
step:666/6200 train_loss:3.6940 train_time:1113362ms step_avg:1697.20ms
step:667/6200 train_loss:3.7575 train_time:1115059ms step_avg:1697.20ms
step:668/6200 train_loss:3.9270 train_time:1116754ms step_avg:1697.19ms
step:669/6200 train_loss:3.8407 train_time:1118449ms step_avg:1697.19ms
step:670/6200 train_loss:3.7754 train_time:1120147ms step_avg:1697.19ms
step:671/6200 train_loss:4.0267 train_time:1121844ms step_avg:1697.19ms
step:672/6200 train_loss:3.9446 train_time:1123540ms step_avg:1697.19ms
step:673/6200 train_loss:4.2691 train_time:1125237ms step_avg:1697.19ms
step:674/6200 train_loss:3.8338 train_time:1126933ms step_avg:1697.19ms
step:675/6200 train_loss:3.8312 train_time:1128628ms step_avg:1697.19ms
step:676/6200 train_loss:3.7925 train_time:1130322ms step_avg:1697.18ms
step:677/6200 train_loss:4.2114 train_time:1132020ms step_avg:1697.18ms
step:678/6200 train_loss:3.8613 train_time:1133717ms step_avg:1697.18ms
step:679/6200 train_loss:3.8364 train_time:1135414ms step_avg:1697.18ms
step:680/6200 train_loss:4.0100 train_time:1137112ms step_avg:1697.18ms
step:681/6200 train_loss:4.1108 train_time:1138807ms step_avg:1697.18ms
step:682/6200 train_loss:3.8580 train_time:1140504ms step_avg:1697.18ms
step:683/6200 train_loss:3.7913 train_time:1142202ms step_avg:1697.18ms
step:684/6200 train_loss:3.6449 train_time:1143900ms step_avg:1697.18ms
step:685/6200 train_loss:3.9236 train_time:1145599ms step_avg:1697.18ms
step:686/6200 train_loss:3.7562 train_time:1147295ms step_avg:1697.18ms
step:687/6200 train_loss:3.8483 train_time:1148992ms step_avg:1697.18ms
step:688/6200 train_loss:3.8760 train_time:1150692ms step_avg:1697.19ms
step:689/6200 train_loss:3.7979 train_time:1152388ms step_avg:1697.18ms
step:690/6200 train_loss:4.0290 train_time:1154085ms step_avg:1697.18ms
step:691/6200 train_loss:3.9501 train_time:1155782ms step_avg:1697.18ms
step:692/6200 train_loss:3.7084 train_time:1157482ms step_avg:1697.19ms
step:693/6200 train_loss:3.9761 train_time:1159177ms step_avg:1697.18ms
step:694/6200 train_loss:3.8202 train_time:1160871ms step_avg:1697.18ms
step:695/6200 train_loss:3.6621 train_time:1162569ms step_avg:1697.18ms
step:696/6200 train_loss:3.9077 train_time:1164268ms step_avg:1697.18ms
step:697/6200 train_loss:3.9206 train_time:1165967ms step_avg:1697.19ms
step:698/6200 train_loss:3.7908 train_time:1167663ms step_avg:1697.18ms
step:699/6200 train_loss:3.8343 train_time:1169359ms step_avg:1697.18ms
step:700/6200 train_loss:4.3198 train_time:1171056ms step_avg:1697.18ms
step:701/6200 train_loss:3.8364 train_time:1172751ms step_avg:1697.18ms
step:702/6200 train_loss:3.9629 train_time:1174447ms step_avg:1697.18ms
step:703/6200 train_loss:3.9179 train_time:1176142ms step_avg:1697.17ms
step:704/6200 train_loss:4.0202 train_time:1177838ms step_avg:1697.17ms
step:705/6200 train_loss:3.9472 train_time:1179534ms step_avg:1697.17ms
step:706/6200 train_loss:3.7247 train_time:1181229ms step_avg:1697.17ms
step:707/6200 train_loss:3.8698 train_time:1182925ms step_avg:1697.17ms
step:708/6200 train_loss:3.9439 train_time:1184620ms step_avg:1697.16ms
step:709/6200 train_loss:3.7964 train_time:1186314ms step_avg:1697.16ms
step:710/6200 train_loss:3.9995 train_time:1188009ms step_avg:1697.16ms
step:711/6200 train_loss:3.6690 train_time:1189706ms step_avg:1697.16ms
step:712/6200 train_loss:3.8715 train_time:1191402ms step_avg:1697.15ms
step:713/6200 train_loss:3.8457 train_time:1193098ms step_avg:1697.15ms
step:714/6200 train_loss:3.7522 train_time:1194795ms step_avg:1697.15ms
step:715/6200 train_loss:3.9263 train_time:1196494ms step_avg:1697.15ms
step:716/6200 train_loss:3.6203 train_time:1198194ms step_avg:1697.16ms
step:717/6200 train_loss:3.8108 train_time:1199894ms step_avg:1697.16ms
step:718/6200 train_loss:3.8904 train_time:1201594ms step_avg:1697.17ms
step:719/6200 train_loss:3.7495 train_time:1203292ms step_avg:1697.17ms
step:720/6200 train_loss:3.7458 train_time:1204992ms step_avg:1697.17ms
step:721/6200 train_loss:3.8666 train_time:1206692ms step_avg:1697.18ms
step:722/6200 train_loss:3.7381 train_time:1208392ms step_avg:1697.18ms
step:723/6200 train_loss:3.8228 train_time:1210092ms step_avg:1697.18ms
step:724/6200 train_loss:3.9022 train_time:1211793ms step_avg:1697.19ms
step:725/6200 train_loss:3.9336 train_time:1213492ms step_avg:1697.19ms
step:726/6200 train_loss:4.0151 train_time:1215189ms step_avg:1697.19ms
step:727/6200 train_loss:3.8658 train_time:1216886ms step_avg:1697.19ms
step:728/6200 train_loss:3.7525 train_time:1218587ms step_avg:1697.20ms
step:729/6200 train_loss:3.9889 train_time:1220283ms step_avg:1697.19ms
step:730/6200 train_loss:3.7764 train_time:1221980ms step_avg:1697.19ms
step:731/6200 train_loss:4.1117 train_time:1223676ms step_avg:1697.19ms
step:732/6200 train_loss:4.2130 train_time:1225377ms step_avg:1697.20ms
step:733/6200 train_loss:3.8978 train_time:1227072ms step_avg:1697.19ms
step:734/6200 train_loss:4.1583 train_time:1228766ms step_avg:1697.19ms
step:735/6200 train_loss:3.7081 train_time:1230464ms step_avg:1697.19ms
step:736/6200 train_loss:3.8585 train_time:1232163ms step_avg:1697.19ms
step:737/6200 train_loss:3.9634 train_time:1233858ms step_avg:1697.19ms
step:738/6200 train_loss:4.4154 train_time:1235556ms step_avg:1697.19ms
step:739/6200 train_loss:3.9170 train_time:1237253ms step_avg:1697.19ms
step:740/6200 train_loss:3.7721 train_time:1238949ms step_avg:1697.19ms
step:741/6200 train_loss:3.9421 train_time:1240646ms step_avg:1697.19ms
step:742/6200 train_loss:3.8722 train_time:1242341ms step_avg:1697.19ms
step:743/6200 train_loss:3.8182 train_time:1244037ms step_avg:1697.19ms
step:744/6200 train_loss:3.5749 train_time:1245735ms step_avg:1697.19ms
step:745/6200 train_loss:3.8832 train_time:1247432ms step_avg:1697.19ms
step:746/6200 train_loss:3.8592 train_time:1249131ms step_avg:1697.19ms
step:747/6200 train_loss:3.8467 train_time:1250827ms step_avg:1697.19ms
step:748/6200 train_loss:3.8022 train_time:1252525ms step_avg:1697.19ms
step:749/6200 train_loss:3.7972 train_time:1254221ms step_avg:1697.19ms
step:750/6200 train_loss:3.6426 train_time:1255920ms step_avg:1697.19ms
step:750/6200 val_loss:3.8449 train_time:1255934ms step_avg:1697.21ms
step:751/6200 train_loss:3.6935 train_time:1257625ms step_avg:1697.20ms
step:752/6200 train_loss:3.9321 train_time:1259320ms step_avg:1697.20ms
step:753/6200 train_loss:3.7055 train_time:1261015ms step_avg:1697.19ms
step:754/6200 train_loss:3.8393 train_time:1262707ms step_avg:1697.19ms
step:755/6200 train_loss:3.7853 train_time:1264404ms step_avg:1697.19ms
step:756/6200 train_loss:4.3297 train_time:1266098ms step_avg:1697.18ms
step:757/6200 train_loss:3.9145 train_time:1267790ms step_avg:1697.18ms
step:758/6200 train_loss:3.7760 train_time:1269484ms step_avg:1697.17ms
step:759/6200 train_loss:3.8868 train_time:1271179ms step_avg:1697.17ms
step:760/6200 train_loss:3.8338 train_time:1272874ms step_avg:1697.17ms
step:761/6200 train_loss:3.6834 train_time:1274570ms step_avg:1697.16ms
step:762/6200 train_loss:3.6826 train_time:1276266ms step_avg:1697.16ms
step:763/6200 train_loss:3.7756 train_time:1278210ms step_avg:1697.49ms
step:764/6200 train_loss:4.0130 train_time:1279906ms step_avg:1697.49ms
step:765/6200 train_loss:4.0016 train_time:1281600ms step_avg:1697.48ms
step:766/6200 train_loss:3.8285 train_time:1283291ms step_avg:1697.47ms
step:767/6200 train_loss:3.7296 train_time:1284983ms step_avg:1697.47ms
step:768/6200 train_loss:3.9051 train_time:1286678ms step_avg:1697.46ms
step:769/6200 train_loss:3.8516 train_time:1288370ms step_avg:1697.46ms
step:770/6200 train_loss:3.8014 train_time:1290063ms step_avg:1697.45ms
step:771/6200 train_loss:3.9518 train_time:1291755ms step_avg:1697.44ms
step:772/6200 train_loss:3.6956 train_time:1293449ms step_avg:1697.44ms
step:773/6200 train_loss:3.8693 train_time:1295142ms step_avg:1697.43ms
step:774/6200 train_loss:3.6670 train_time:1296835ms step_avg:1697.43ms
step:775/6200 train_loss:3.8813 train_time:1298529ms step_avg:1697.42ms
step:776/6200 train_loss:4.3528 train_time:1300226ms step_avg:1697.42ms
step:777/6200 train_loss:3.7680 train_time:1301922ms step_avg:1697.42ms
step:778/6200 train_loss:3.8975 train_time:1303618ms step_avg:1697.42ms
step:779/6200 train_loss:3.7845 train_time:1305316ms step_avg:1697.42ms
step:780/6200 train_loss:4.0054 train_time:1307012ms step_avg:1697.42ms
step:781/6200 train_loss:3.8279 train_time:1308709ms step_avg:1697.42ms
step:782/6200 train_loss:3.7206 train_time:1310401ms step_avg:1697.41ms
step:783/6200 train_loss:3.7806 train_time:1312096ms step_avg:1697.41ms
step:784/6200 train_loss:3.8695 train_time:1313793ms step_avg:1697.41ms
step:785/6200 train_loss:3.7629 train_time:1315488ms step_avg:1697.40ms
step:786/6200 train_loss:3.8175 train_time:1317184ms step_avg:1697.40ms
step:787/6200 train_loss:3.9659 train_time:1318881ms step_avg:1697.40ms
step:788/6200 train_loss:3.8917 train_time:1320578ms step_avg:1697.40ms
step:789/6200 train_loss:3.9141 train_time:1322275ms step_avg:1697.40ms
step:790/6200 train_loss:3.7541 train_time:1323974ms step_avg:1697.40ms
step:791/6200 train_loss:3.9215 train_time:1325670ms step_avg:1697.40ms
step:792/6200 train_loss:3.7424 train_time:1327367ms step_avg:1697.40ms
step:793/6200 train_loss:4.2099 train_time:1329062ms step_avg:1697.40ms
step:794/6200 train_loss:3.9651 train_time:1330757ms step_avg:1697.39ms
step:795/6200 train_loss:3.7708 train_time:1332449ms step_avg:1697.39ms
step:796/6200 train_loss:3.7894 train_time:1334144ms step_avg:1697.38ms
step:797/6200 train_loss:3.8371 train_time:1335836ms step_avg:1697.38ms
step:798/6200 train_loss:4.3163 train_time:1337530ms step_avg:1697.37ms
step:799/6200 train_loss:3.8976 train_time:1339224ms step_avg:1697.37ms
step:800/6200 train_loss:4.0944 train_time:1340917ms step_avg:1697.36ms
step:801/6200 train_loss:4.0400 train_time:1342610ms step_avg:1697.36ms
step:802/6200 train_loss:3.9078 train_time:1344305ms step_avg:1697.35ms
step:803/6200 train_loss:4.1604 train_time:1346001ms step_avg:1697.35ms
step:804/6200 train_loss:3.7796 train_time:1347696ms step_avg:1697.35ms
step:805/6200 train_loss:3.8292 train_time:1349392ms step_avg:1697.35ms
step:806/6200 train_loss:3.7701 train_time:1351089ms step_avg:1697.35ms
step:807/6200 train_loss:3.6898 train_time:1352786ms step_avg:1697.35ms
step:808/6200 train_loss:3.8300 train_time:1354484ms step_avg:1697.35ms
step:809/6200 train_loss:3.6639 train_time:1356178ms step_avg:1697.34ms
step:810/6200 train_loss:3.8532 train_time:1357874ms step_avg:1697.34ms
step:811/6200 train_loss:4.6678 train_time:1359571ms step_avg:1697.34ms
step:812/6200 train_loss:3.7477 train_time:1361267ms step_avg:1697.34ms
step:813/6200 train_loss:3.8825 train_time:1362964ms step_avg:1697.34ms
step:814/6200 train_loss:3.7749 train_time:1364659ms step_avg:1697.34ms
step:815/6200 train_loss:3.8240 train_time:1366356ms step_avg:1697.34ms
step:816/6200 train_loss:3.9618 train_time:1368052ms step_avg:1697.33ms
step:817/6200 train_loss:3.8287 train_time:1369750ms step_avg:1697.34ms
step:818/6200 train_loss:3.7463 train_time:1371445ms step_avg:1697.33ms
step:819/6200 train_loss:3.7832 train_time:1373142ms step_avg:1697.33ms
step:820/6200 train_loss:3.8453 train_time:1374838ms step_avg:1697.33ms
step:821/6200 train_loss:3.8016 train_time:1376536ms step_avg:1697.33ms
step:822/6200 train_loss:3.9911 train_time:1378232ms step_avg:1697.33ms
step:823/6200 train_loss:3.8701 train_time:1379931ms step_avg:1697.33ms
step:824/6200 train_loss:3.8181 train_time:1381628ms step_avg:1697.33ms
step:825/6200 train_loss:3.8008 train_time:1383325ms step_avg:1697.33ms
step:826/6200 train_loss:3.8272 train_time:1385021ms step_avg:1697.33ms
step:827/6200 train_loss:3.7786 train_time:1386722ms step_avg:1697.33ms
step:828/6200 train_loss:3.8375 train_time:1388420ms step_avg:1697.33ms
step:829/6200 train_loss:3.7430 train_time:1390117ms step_avg:1697.33ms
step:830/6200 train_loss:3.8426 train_time:1391813ms step_avg:1697.33ms
step:831/6200 train_loss:3.7961 train_time:1393510ms step_avg:1697.33ms
step:832/6200 train_loss:3.8276 train_time:1395208ms step_avg:1697.33ms
step:833/6200 train_loss:4.1057 train_time:1396905ms step_avg:1697.33ms
step:834/6200 train_loss:3.9352 train_time:1398605ms step_avg:1697.34ms
step:835/6200 train_loss:3.7610 train_time:1400299ms step_avg:1697.33ms
step:836/6200 train_loss:3.8252 train_time:1401998ms step_avg:1697.33ms
step:837/6200 train_loss:3.7678 train_time:1403697ms step_avg:1697.34ms
step:838/6200 train_loss:3.7368 train_time:1405391ms step_avg:1697.33ms
step:839/6200 train_loss:3.8201 train_time:1407085ms step_avg:1697.33ms
step:840/6200 train_loss:3.7374 train_time:1408779ms step_avg:1697.32ms
step:841/6200 train_loss:3.8539 train_time:1410475ms step_avg:1697.32ms
step:842/6200 train_loss:3.8130 train_time:1412169ms step_avg:1697.32ms
step:843/6200 train_loss:3.7327 train_time:1413863ms step_avg:1697.31ms
step:844/6200 train_loss:3.6958 train_time:1415555ms step_avg:1697.31ms
step:845/6200 train_loss:3.9139 train_time:1417246ms step_avg:1697.30ms
step:846/6200 train_loss:3.8260 train_time:1418940ms step_avg:1697.30ms
step:847/6200 train_loss:3.5769 train_time:1420635ms step_avg:1697.29ms
step:848/6200 train_loss:3.8230 train_time:1422329ms step_avg:1697.29ms
step:849/6200 train_loss:3.8507 train_time:1424026ms step_avg:1697.29ms
step:850/6200 train_loss:3.9581 train_time:1425720ms step_avg:1697.29ms
step:851/6200 train_loss:3.8302 train_time:1427418ms step_avg:1697.29ms
step:852/6200 train_loss:4.4064 train_time:1429114ms step_avg:1697.28ms
step:853/6200 train_loss:3.7665 train_time:1430809ms step_avg:1697.28ms
step:854/6200 train_loss:3.6755 train_time:1432503ms step_avg:1697.28ms
step:855/6200 train_loss:3.6749 train_time:1434197ms step_avg:1697.27ms
step:856/6200 train_loss:3.8571 train_time:1435890ms step_avg:1697.27ms
step:857/6200 train_loss:3.7610 train_time:1437582ms step_avg:1697.26ms
step:858/6200 train_loss:3.8340 train_time:1439278ms step_avg:1697.26ms
step:859/6200 train_loss:3.7647 train_time:1440972ms step_avg:1697.26ms
step:860/6200 train_loss:3.6776 train_time:1442667ms step_avg:1697.26ms
step:861/6200 train_loss:3.6843 train_time:1444366ms step_avg:1697.26ms
step:862/6200 train_loss:3.8138 train_time:1446065ms step_avg:1697.26ms
step:863/6200 train_loss:3.6544 train_time:1447763ms step_avg:1697.26ms
step:864/6200 train_loss:3.5612 train_time:1449461ms step_avg:1697.26ms
step:865/6200 train_loss:3.8792 train_time:1451158ms step_avg:1697.26ms
step:866/6200 train_loss:4.0977 train_time:1452854ms step_avg:1697.26ms
step:867/6200 train_loss:3.7037 train_time:1454552ms step_avg:1697.26ms
step:868/6200 train_loss:3.7705 train_time:1456247ms step_avg:1697.26ms
step:869/6200 train_loss:3.8907 train_time:1457940ms step_avg:1697.25ms
step:870/6200 train_loss:3.7500 train_time:1459637ms step_avg:1697.25ms
step:871/6200 train_loss:3.9454 train_time:1461332ms step_avg:1697.25ms
step:872/6200 train_loss:3.9017 train_time:1463028ms step_avg:1697.25ms
step:873/6200 train_loss:3.8046 train_time:1464726ms step_avg:1697.25ms
step:874/6200 train_loss:3.8796 train_time:1466422ms step_avg:1697.25ms
step:875/6200 train_loss:3.8216 train_time:1468122ms step_avg:1697.25ms
step:875/6200 val_loss:3.7901 train_time:1468136ms step_avg:1697.27ms
step:876/6200 train_loss:3.8554 train_time:1469826ms step_avg:1697.26ms
step:877/6200 train_loss:3.9628 train_time:1471520ms step_avg:1697.26ms
step:878/6200 train_loss:3.7150 train_time:1473213ms step_avg:1697.25ms
step:879/6200 train_loss:3.6701 train_time:1474908ms step_avg:1697.25ms
step:880/6200 train_loss:3.8336 train_time:1476603ms step_avg:1697.25ms
step:881/6200 train_loss:3.6059 train_time:1478297ms step_avg:1697.24ms
step:882/6200 train_loss:3.7663 train_time:1479992ms step_avg:1697.24ms
step:883/6200 train_loss:3.9468 train_time:1481688ms step_avg:1697.24ms
step:884/6200 train_loss:3.8715 train_time:1483383ms step_avg:1697.24ms
step:885/6200 train_loss:3.6855 train_time:1485078ms step_avg:1697.23ms
step:886/6200 train_loss:3.8576 train_time:1486775ms step_avg:1697.23ms
step:887/6200 train_loss:3.5806 train_time:1488472ms step_avg:1697.23ms
step:888/6200 train_loss:3.8213 train_time:1490167ms step_avg:1697.23ms
step:889/6200 train_loss:3.7528 train_time:1491864ms step_avg:1697.23ms
step:890/6200 train_loss:3.8474 train_time:1493560ms step_avg:1697.23ms
step:891/6200 train_loss:3.6923 train_time:1495257ms step_avg:1697.23ms
step:892/6200 train_loss:3.3715 train_time:1496954ms step_avg:1697.23ms
step:893/6200 train_loss:3.6091 train_time:1498650ms step_avg:1697.23ms
step:894/6200 train_loss:4.0125 train_time:1500347ms step_avg:1697.22ms
step:895/6200 train_loss:3.7264 train_time:1502045ms step_avg:1697.23ms
step:896/6200 train_loss:3.6293 train_time:1503741ms step_avg:1697.22ms
step:897/6200 train_loss:3.8099 train_time:1505435ms step_avg:1697.22ms
step:898/6200 train_loss:3.7887 train_time:1507130ms step_avg:1697.22ms
step:899/6200 train_loss:3.7806 train_time:1508825ms step_avg:1697.22ms
step:900/6200 train_loss:3.8292 train_time:1510522ms step_avg:1697.22ms
step:901/6200 train_loss:3.7459 train_time:1512217ms step_avg:1697.21ms
step:902/6200 train_loss:3.7063 train_time:1513912ms step_avg:1697.21ms
step:903/6200 train_loss:3.6144 train_time:1515609ms step_avg:1697.21ms
step:904/6200 train_loss:4.6821 train_time:1517305ms step_avg:1697.21ms
step:905/6200 train_loss:3.6660 train_time:1519000ms step_avg:1697.21ms
step:906/6200 train_loss:3.7248 train_time:1520692ms step_avg:1697.20ms
step:907/6200 train_loss:3.7247 train_time:1522385ms step_avg:1697.20ms
step:908/6200 train_loss:3.7213 train_time:1524079ms step_avg:1697.19ms
step:909/6200 train_loss:3.9235 train_time:1525775ms step_avg:1697.19ms
step:910/6200 train_loss:3.7298 train_time:1527471ms step_avg:1697.19ms
step:911/6200 train_loss:3.8484 train_time:1529165ms step_avg:1697.19ms
step:912/6200 train_loss:3.8375 train_time:1530860ms step_avg:1697.18ms
step:913/6200 train_loss:3.7941 train_time:1532556ms step_avg:1697.18ms
step:914/6200 train_loss:3.7089 train_time:1534249ms step_avg:1697.18ms
step:915/6200 train_loss:3.8111 train_time:1535943ms step_avg:1697.17ms
step:916/6200 train_loss:3.8721 train_time:1537634ms step_avg:1697.17ms
step:917/6200 train_loss:3.6974 train_time:1539327ms step_avg:1697.16ms
step:918/6200 train_loss:3.7744 train_time:1541020ms step_avg:1697.16ms
step:919/6200 train_loss:3.7721 train_time:1542715ms step_avg:1697.16ms
step:920/6200 train_loss:3.6160 train_time:1544411ms step_avg:1697.15ms
step:921/6200 train_loss:3.7463 train_time:1546104ms step_avg:1697.15ms
step:922/6200 train_loss:3.9021 train_time:1547799ms step_avg:1697.15ms
step:923/6200 train_loss:3.7343 train_time:1549492ms step_avg:1697.14ms
step:924/6200 train_loss:3.7902 train_time:1551189ms step_avg:1697.14ms
step:925/6200 train_loss:3.6672 train_time:1552883ms step_avg:1697.14ms
step:926/6200 train_loss:3.6893 train_time:1554578ms step_avg:1697.14ms
step:927/6200 train_loss:3.8046 train_time:1556272ms step_avg:1697.13ms
step:928/6200 train_loss:3.8141 train_time:1557966ms step_avg:1697.13ms
step:929/6200 train_loss:3.7538 train_time:1559659ms step_avg:1697.13ms
step:930/6200 train_loss:3.8218 train_time:1561350ms step_avg:1697.12ms
step:931/6200 train_loss:3.9078 train_time:1563045ms step_avg:1697.12ms
step:932/6200 train_loss:4.0673 train_time:1564740ms step_avg:1697.11ms
step:933/6200 train_loss:3.9610 train_time:1566435ms step_avg:1697.11ms
step:934/6200 train_loss:4.3208 train_time:1568133ms step_avg:1697.11ms
step:935/6200 train_loss:3.6637 train_time:1569826ms step_avg:1697.11ms
step:936/6200 train_loss:3.9482 train_time:1571520ms step_avg:1697.11ms
step:937/6200 train_loss:3.6994 train_time:1573214ms step_avg:1697.10ms
step:938/6200 train_loss:4.0529 train_time:1574912ms step_avg:1697.10ms
step:939/6200 train_loss:3.8230 train_time:1576609ms step_avg:1697.10ms
step:940/6200 train_loss:3.6015 train_time:1578307ms step_avg:1697.10ms
step:941/6200 train_loss:3.7837 train_time:1580005ms step_avg:1697.11ms
step:942/6200 train_loss:3.6836 train_time:1581705ms step_avg:1697.11ms
step:943/6200 train_loss:3.8223 train_time:1583403ms step_avg:1697.11ms
step:944/6200 train_loss:3.8212 train_time:1585100ms step_avg:1697.11ms
step:945/6200 train_loss:4.0245 train_time:1586795ms step_avg:1697.11ms
step:946/6200 train_loss:3.7998 train_time:1588492ms step_avg:1697.11ms
step:947/6200 train_loss:4.0302 train_time:1590187ms step_avg:1697.10ms
step:948/6200 train_loss:3.6336 train_time:1591881ms step_avg:1697.10ms
step:949/6200 train_loss:4.1651 train_time:1593579ms step_avg:1697.10ms
step:950/6200 train_loss:3.7052 train_time:1595276ms step_avg:1697.10ms
step:951/6200 train_loss:3.7059 train_time:1596972ms step_avg:1697.10ms
step:952/6200 train_loss:3.5623 train_time:1598670ms step_avg:1697.10ms
step:953/6200 train_loss:3.7070 train_time:1600364ms step_avg:1697.10ms
step:954/6200 train_loss:3.7642 train_time:1602467ms step_avg:1697.53ms
step:955/6200 train_loss:3.7626 train_time:1604165ms step_avg:1697.53ms
step:956/6200 train_loss:3.9311 train_time:1605858ms step_avg:1697.52ms
step:957/6200 train_loss:3.7478 train_time:1607552ms step_avg:1697.52ms
step:958/6200 train_loss:4.1343 train_time:1609245ms step_avg:1697.52ms
step:959/6200 train_loss:3.7004 train_time:1610942ms step_avg:1697.52ms
step:960/6200 train_loss:4.1951 train_time:1612639ms step_avg:1697.51ms
step:961/6200 train_loss:3.7418 train_time:1614336ms step_avg:1697.51ms
step:962/6200 train_loss:3.8894 train_time:1616030ms step_avg:1697.51ms
step:963/6200 train_loss:3.6191 train_time:1617727ms step_avg:1697.51ms
step:964/6200 train_loss:3.6419 train_time:1619422ms step_avg:1697.51ms
step:965/6200 train_loss:3.6368 train_time:1621118ms step_avg:1697.51ms
step:966/6200 train_loss:3.7403 train_time:1622817ms step_avg:1697.51ms
step:967/6200 train_loss:3.8079 train_time:1624510ms step_avg:1697.50ms
step:968/6200 train_loss:3.9561 train_time:1626205ms step_avg:1697.50ms
step:969/6200 train_loss:3.9379 train_time:1627899ms step_avg:1697.50ms
step:970/6200 train_loss:3.7782 train_time:1629593ms step_avg:1697.49ms
step:971/6200 train_loss:3.8681 train_time:1631291ms step_avg:1697.49ms
step:972/6200 train_loss:3.7314 train_time:1632987ms step_avg:1697.49ms
step:973/6200 train_loss:4.1128 train_time:1634684ms step_avg:1697.49ms
step:974/6200 train_loss:3.6645 train_time:1636383ms step_avg:1697.49ms
step:975/6200 train_loss:3.7887 train_time:1638082ms step_avg:1697.49ms
step:976/6200 train_loss:3.7444 train_time:1639778ms step_avg:1697.49ms
step:977/6200 train_loss:3.5768 train_time:1641477ms step_avg:1697.49ms
step:978/6200 train_loss:3.7806 train_time:1643178ms step_avg:1697.50ms
step:979/6200 train_loss:3.7800 train_time:1644875ms step_avg:1697.50ms
step:980/6200 train_loss:3.7390 train_time:1646573ms step_avg:1697.50ms
step:981/6200 train_loss:3.7589 train_time:1648270ms step_avg:1697.50ms
step:982/6200 train_loss:3.8858 train_time:1649966ms step_avg:1697.50ms
step:983/6200 train_loss:3.8255 train_time:1651663ms step_avg:1697.49ms
step:984/6200 train_loss:3.6555 train_time:1653358ms step_avg:1697.49ms
step:985/6200 train_loss:3.8108 train_time:1655055ms step_avg:1697.49ms
step:986/6200 train_loss:3.7807 train_time:1656751ms step_avg:1697.49ms
step:987/6200 train_loss:4.0023 train_time:1658448ms step_avg:1697.49ms
step:988/6200 train_loss:3.6219 train_time:1660144ms step_avg:1697.49ms
step:989/6200 train_loss:3.7995 train_time:1661840ms step_avg:1697.49ms
step:990/6200 train_loss:3.7205 train_time:1663535ms step_avg:1697.48ms
step:991/6200 train_loss:3.5928 train_time:1665230ms step_avg:1697.48ms
step:992/6200 train_loss:3.7750 train_time:1666926ms step_avg:1697.48ms
step:993/6200 train_loss:3.6722 train_time:1668624ms step_avg:1697.48ms
step:994/6200 train_loss:3.7354 train_time:1670318ms step_avg:1697.48ms
step:995/6200 train_loss:3.7028 train_time:1672015ms step_avg:1697.48ms
step:996/6200 train_loss:3.6807 train_time:1673710ms step_avg:1697.47ms
step:997/6200 train_loss:3.6176 train_time:1675403ms step_avg:1697.47ms
step:998/6200 train_loss:3.9486 train_time:1677097ms step_avg:1697.47ms
step:999/6200 train_loss:3.6678 train_time:1678788ms step_avg:1697.46ms
step:1000/6200 train_loss:3.8740 train_time:1680483ms step_avg:1697.46ms
step:1000/6200 val_loss:3.7481 train_time:1680498ms step_avg:1697.47ms
step:1001/6200 train_loss:3.7443 train_time:1682191ms step_avg:1697.47ms
step:1002/6200 train_loss:3.7052 train_time:1683890ms step_avg:1697.47ms
step:1003/6200 train_loss:3.6727 train_time:1685589ms step_avg:1697.47ms
step:1004/6200 train_loss:3.7755 train_time:1687288ms step_avg:1697.47ms
step:1005/6200 train_loss:3.8896 train_time:1688986ms step_avg:1697.47ms
step:1006/6200 train_loss:3.8204 train_time:1690682ms step_avg:1697.47ms
step:1007/6200 train_loss:3.8296 train_time:1692379ms step_avg:1697.47ms
step:1008/6200 train_loss:3.8207 train_time:1694079ms step_avg:1697.47ms
step:1009/6200 train_loss:3.7072 train_time:1695778ms step_avg:1697.48ms
step:1010/6200 train_loss:3.6459 train_time:1697474ms step_avg:1697.47ms
step:1011/6200 train_loss:3.8002 train_time:1699171ms step_avg:1697.47ms
step:1012/6200 train_loss:3.7263 train_time:1700869ms step_avg:1697.47ms
step:1013/6200 train_loss:3.7976 train_time:1702564ms step_avg:1697.47ms
step:1014/6200 train_loss:3.7998 train_time:1704259ms step_avg:1697.47ms
step:1015/6200 train_loss:3.8575 train_time:1705955ms step_avg:1697.47ms
step:1016/6200 train_loss:3.7409 train_time:1707651ms step_avg:1697.47ms
step:1017/6200 train_loss:4.0794 train_time:1709344ms step_avg:1697.46ms
step:1018/6200 train_loss:4.0582 train_time:1711041ms step_avg:1697.46ms
step:1019/6200 train_loss:3.5909 train_time:1712735ms step_avg:1697.46ms
step:1020/6200 train_loss:3.8669 train_time:1714431ms step_avg:1697.46ms
step:1021/6200 train_loss:3.7275 train_time:1716127ms step_avg:1697.45ms
step:1022/6200 train_loss:3.5821 train_time:1717822ms step_avg:1697.45ms
step:1023/6200 train_loss:3.6848 train_time:1719520ms step_avg:1697.45ms
step:1024/6200 train_loss:3.7153 train_time:1721217ms step_avg:1697.45ms
step:1025/6200 train_loss:3.3352 train_time:1722915ms step_avg:1697.45ms
step:1026/6200 train_loss:3.7082 train_time:1724615ms step_avg:1697.46ms
step:1027/6200 train_loss:3.7262 train_time:1726311ms step_avg:1697.45ms
step:1028/6200 train_loss:3.8178 train_time:1728007ms step_avg:1697.45ms
step:1029/6200 train_loss:3.6387 train_time:1729701ms step_avg:1697.45ms
step:1030/6200 train_loss:3.9063 train_time:1731396ms step_avg:1697.45ms
step:1031/6200 train_loss:3.6034 train_time:1733092ms step_avg:1697.45ms
step:1032/6200 train_loss:3.6678 train_time:1734790ms step_avg:1697.45ms
step:1033/6200 train_loss:3.8464 train_time:1736485ms step_avg:1697.44ms
step:1034/6200 train_loss:3.8008 train_time:1738181ms step_avg:1697.44ms
step:1035/6200 train_loss:3.8537 train_time:1739876ms step_avg:1697.44ms
step:1036/6200 train_loss:3.7154 train_time:1741572ms step_avg:1697.44ms
step:1037/6200 train_loss:3.7264 train_time:1743272ms step_avg:1697.44ms
step:1038/6200 train_loss:3.7609 train_time:1744967ms step_avg:1697.44ms
step:1039/6200 train_loss:4.1408 train_time:1746665ms step_avg:1697.44ms
step:1040/6200 train_loss:3.7541 train_time:1748361ms step_avg:1697.44ms
step:1041/6200 train_loss:3.8804 train_time:1750057ms step_avg:1697.44ms
step:1042/6200 train_loss:3.6747 train_time:1751754ms step_avg:1697.44ms
step:1043/6200 train_loss:3.8615 train_time:1753451ms step_avg:1697.44ms
step:1044/6200 train_loss:3.6810 train_time:1755145ms step_avg:1697.43ms
step:1045/6200 train_loss:3.8212 train_time:1756840ms step_avg:1697.43ms
step:1046/6200 train_loss:3.7315 train_time:1758534ms step_avg:1697.43ms
step:1047/6200 train_loss:3.5945 train_time:1760229ms step_avg:1697.42ms
step:1048/6200 train_loss:3.6670 train_time:1761921ms step_avg:1697.42ms
step:1049/6200 train_loss:3.7781 train_time:1763615ms step_avg:1697.42ms
step:1050/6200 train_loss:3.6322 train_time:1765308ms step_avg:1697.41ms
step:1051/6200 train_loss:3.7944 train_time:1767005ms step_avg:1697.41ms
step:1052/6200 train_loss:3.7437 train_time:1768701ms step_avg:1697.41ms
step:1053/6200 train_loss:3.7096 train_time:1770393ms step_avg:1697.40ms
step:1054/6200 train_loss:3.5468 train_time:1772084ms step_avg:1697.40ms
step:1055/6200 train_loss:3.7946 train_time:1773778ms step_avg:1697.39ms
step:1056/6200 train_loss:3.7763 train_time:1775471ms step_avg:1697.39ms
step:1057/6200 train_loss:3.6285 train_time:1777166ms step_avg:1697.39ms
step:1058/6200 train_loss:3.7021 train_time:1778856ms step_avg:1697.38ms
step:1059/6200 train_loss:3.7034 train_time:1780548ms step_avg:1697.38ms
step:1060/6200 train_loss:3.7929 train_time:1782244ms step_avg:1697.38ms
step:1061/6200 train_loss:3.8014 train_time:1783937ms step_avg:1697.37ms
step:1062/6200 train_loss:3.8054 train_time:1785631ms step_avg:1697.37ms
step:1063/6200 train_loss:3.7556 train_time:1787327ms step_avg:1697.37ms
step:1064/6200 train_loss:3.7724 train_time:1789021ms step_avg:1697.36ms
step:1065/6200 train_loss:3.7155 train_time:1790716ms step_avg:1697.36ms
step:1066/6200 train_loss:3.6047 train_time:1792410ms step_avg:1697.36ms
step:1067/6200 train_loss:3.7070 train_time:1794104ms step_avg:1697.35ms
step:1068/6200 train_loss:3.7681 train_time:1795798ms step_avg:1697.35ms
step:1069/6200 train_loss:3.7351 train_time:1797490ms step_avg:1697.35ms
step:1070/6200 train_loss:3.8831 train_time:1799183ms step_avg:1697.34ms
step:1071/6200 train_loss:3.8660 train_time:1800877ms step_avg:1697.34ms
step:1072/6200 train_loss:3.8456 train_time:1802569ms step_avg:1697.33ms
step:1073/6200 train_loss:3.6260 train_time:1804263ms step_avg:1697.33ms
step:1074/6200 train_loss:3.6434 train_time:1805954ms step_avg:1697.33ms
step:1075/6200 train_loss:3.6504 train_time:1807647ms step_avg:1697.32ms
step:1076/6200 train_loss:3.9168 train_time:1809339ms step_avg:1697.32ms
step:1077/6200 train_loss:3.8895 train_time:1811033ms step_avg:1697.31ms
step:1078/6200 train_loss:3.6909 train_time:1812723ms step_avg:1697.31ms
step:1079/6200 train_loss:3.8890 train_time:1814417ms step_avg:1697.30ms
step:1080/6200 train_loss:3.5765 train_time:1816113ms step_avg:1697.30ms
step:1081/6200 train_loss:3.8514 train_time:1817806ms step_avg:1697.30ms
step:1082/6200 train_loss:3.7085 train_time:1819498ms step_avg:1697.29ms
step:1083/6200 train_loss:3.6291 train_time:1821194ms step_avg:1697.29ms
step:1084/6200 train_loss:3.8564 train_time:1822888ms step_avg:1697.29ms
step:1085/6200 train_loss:3.9756 train_time:1824584ms step_avg:1697.29ms
step:1086/6200 train_loss:3.6837 train_time:1826279ms step_avg:1697.28ms
step:1087/6200 train_loss:3.6302 train_time:1827974ms step_avg:1697.28ms
step:1088/6200 train_loss:3.6249 train_time:1829671ms step_avg:1697.28ms
step:1089/6200 train_loss:3.7515 train_time:1831366ms step_avg:1697.28ms
step:1090/6200 train_loss:4.1374 train_time:1833064ms step_avg:1697.28ms
step:1091/6200 train_loss:3.7999 train_time:1834759ms step_avg:1697.28ms
step:1092/6200 train_loss:3.6395 train_time:1836458ms step_avg:1697.28ms
step:1093/6200 train_loss:3.7722 train_time:1838155ms step_avg:1697.28ms
step:1094/6200 train_loss:3.8325 train_time:1839853ms step_avg:1697.28ms
step:1095/6200 train_loss:3.6871 train_time:1841552ms step_avg:1697.28ms
step:1096/6200 train_loss:3.5441 train_time:1843249ms step_avg:1697.28ms
step:1097/6200 train_loss:3.7645 train_time:1844944ms step_avg:1697.28ms
step:1098/6200 train_loss:3.4539 train_time:1846641ms step_avg:1697.28ms
step:1099/6200 train_loss:3.7848 train_time:1848337ms step_avg:1697.28ms
step:1100/6200 train_loss:4.1135 train_time:1850035ms step_avg:1697.28ms
step:1101/6200 train_loss:3.8526 train_time:1851732ms step_avg:1697.28ms
step:1102/6200 train_loss:3.8038 train_time:1853430ms step_avg:1697.28ms
step:1103/6200 train_loss:3.7702 train_time:1855128ms step_avg:1697.28ms
step:1104/6200 train_loss:3.8180 train_time:1856828ms step_avg:1697.28ms
step:1105/6200 train_loss:3.7588 train_time:1858525ms step_avg:1697.28ms
step:1106/6200 train_loss:3.6308 train_time:1860222ms step_avg:1697.28ms
step:1107/6200 train_loss:3.7706 train_time:1861917ms step_avg:1697.28ms
step:1108/6200 train_loss:3.6100 train_time:1863613ms step_avg:1697.28ms
step:1109/6200 train_loss:3.7479 train_time:1865307ms step_avg:1697.28ms
step:1110/6200 train_loss:3.7170 train_time:1867003ms step_avg:1697.28ms
step:1111/6200 train_loss:3.7501 train_time:1868703ms step_avg:1697.28ms
step:1112/6200 train_loss:3.6704 train_time:1870401ms step_avg:1697.28ms
step:1113/6200 train_loss:3.7792 train_time:1872097ms step_avg:1697.28ms
step:1114/6200 train_loss:3.6167 train_time:1873795ms step_avg:1697.28ms
step:1115/6200 train_loss:3.5384 train_time:1875488ms step_avg:1697.27ms
step:1116/6200 train_loss:3.9582 train_time:1877188ms step_avg:1697.28ms
step:1117/6200 train_loss:3.7244 train_time:1878884ms step_avg:1697.28ms
step:1118/6200 train_loss:3.7547 train_time:1880579ms step_avg:1697.27ms
step:1119/6200 train_loss:3.7115 train_time:1882275ms step_avg:1697.27ms
step:1120/6200 train_loss:3.6670 train_time:1883974ms step_avg:1697.27ms
step:1121/6200 train_loss:3.7951 train_time:1885671ms step_avg:1697.27ms
step:1122/6200 train_loss:3.6610 train_time:1887370ms step_avg:1697.28ms
step:1123/6200 train_loss:3.9227 train_time:1889069ms step_avg:1697.28ms
step:1124/6200 train_loss:3.7764 train_time:1890768ms step_avg:1697.28ms
step:1125/6200 train_loss:3.6118 train_time:1892463ms step_avg:1697.28ms
step:1125/6200 val_loss:3.7132 train_time:1892477ms step_avg:1697.29ms
step:1126/6200 train_loss:3.5071 train_time:1894170ms step_avg:1697.28ms
step:1127/6200 train_loss:3.6936 train_time:1895865ms step_avg:1697.28ms
step:1128/6200 train_loss:3.7281 train_time:1897559ms step_avg:1697.28ms
step:1129/6200 train_loss:3.6280 train_time:1899253ms step_avg:1697.28ms
step:1130/6200 train_loss:3.8928 train_time:1900948ms step_avg:1697.28ms
step:1131/6200 train_loss:3.7095 train_time:1902643ms step_avg:1697.27ms
step:1132/6200 train_loss:3.7024 train_time:1904339ms step_avg:1697.27ms
step:1133/6200 train_loss:3.8492 train_time:1906032ms step_avg:1697.27ms
step:1134/6200 train_loss:3.8542 train_time:1907728ms step_avg:1697.27ms
step:1135/6200 train_loss:3.6060 train_time:1909426ms step_avg:1697.27ms
step:1136/6200 train_loss:3.9846 train_time:1911121ms step_avg:1697.27ms
step:1137/6200 train_loss:3.6796 train_time:1912819ms step_avg:1697.27ms
step:1138/6200 train_loss:4.1926 train_time:1914514ms step_avg:1697.26ms
step:1139/6200 train_loss:3.7741 train_time:1916210ms step_avg:1697.26ms
step:1140/6200 train_loss:4.8532 train_time:1917904ms step_avg:1697.26ms
step:1141/6200 train_loss:3.6822 train_time:1919596ms step_avg:1697.26ms
step:1142/6200 train_loss:3.4867 train_time:1921289ms step_avg:1697.25ms
step:1143/6200 train_loss:3.8293 train_time:1922984ms step_avg:1697.25ms
step:1144/6200 train_loss:3.9371 train_time:1924765ms step_avg:1697.32ms
step:1145/6200 train_loss:3.8327 train_time:1926464ms step_avg:1697.32ms
step:1146/6200 train_loss:3.7463 train_time:1928156ms step_avg:1697.32ms
step:1147/6200 train_loss:3.6859 train_time:1929854ms step_avg:1697.32ms
step:1148/6200 train_loss:3.7446 train_time:1931549ms step_avg:1697.32ms
step:1149/6200 train_loss:4.0250 train_time:1933243ms step_avg:1697.32ms
step:1150/6200 train_loss:3.8959 train_time:1934938ms step_avg:1697.31ms
step:1151/6200 train_loss:3.7007 train_time:1936636ms step_avg:1697.31ms
step:1152/6200 train_loss:3.5703 train_time:1938332ms step_avg:1697.31ms
step:1153/6200 train_loss:3.5967 train_time:1940028ms step_avg:1697.31ms
step:1154/6200 train_loss:3.6494 train_time:1941726ms step_avg:1697.31ms
step:1155/6200 train_loss:4.0846 train_time:1943423ms step_avg:1697.31ms
step:1156/6200 train_loss:3.8464 train_time:1945116ms step_avg:1697.31ms
step:1157/6200 train_loss:3.8658 train_time:1946811ms step_avg:1697.31ms
step:1158/6200 train_loss:3.5468 train_time:1948504ms step_avg:1697.30ms
step:1159/6200 train_loss:3.9231 train_time:1950199ms step_avg:1697.30ms
step:1160/6200 train_loss:3.7781 train_time:1951897ms step_avg:1697.30ms
step:1161/6200 train_loss:3.5538 train_time:1953595ms step_avg:1697.30ms
step:1162/6200 train_loss:3.6347 train_time:1955293ms step_avg:1697.30ms
step:1163/6200 train_loss:3.5592 train_time:1956988ms step_avg:1697.30ms
step:1164/6200 train_loss:3.5428 train_time:1958683ms step_avg:1697.30ms
step:1165/6200 train_loss:3.6058 train_time:1960378ms step_avg:1697.30ms
step:1166/6200 train_loss:3.8019 train_time:1962071ms step_avg:1697.29ms
step:1167/6200 train_loss:3.6932 train_time:1963766ms step_avg:1697.29ms
step:1168/6200 train_loss:3.5758 train_time:1965462ms step_avg:1697.29ms
step:1169/6200 train_loss:3.6663 train_time:1967157ms step_avg:1697.29ms
step:1170/6200 train_loss:3.6641 train_time:1968854ms step_avg:1697.29ms
step:1171/6200 train_loss:3.8711 train_time:1970552ms step_avg:1697.29ms
step:1172/6200 train_loss:3.6157 train_time:1972249ms step_avg:1697.29ms
step:1173/6200 train_loss:3.6965 train_time:1973946ms step_avg:1697.29ms
step:1174/6200 train_loss:3.6648 train_time:1975642ms step_avg:1697.29ms
step:1175/6200 train_loss:3.6944 train_time:1977336ms step_avg:1697.28ms
step:1176/6200 train_loss:3.8776 train_time:1979033ms step_avg:1697.28ms
step:1177/6200 train_loss:3.5913 train_time:1980727ms step_avg:1697.28ms
step:1178/6200 train_loss:3.7221 train_time:1982422ms step_avg:1697.28ms
step:1179/6200 train_loss:3.8285 train_time:1984117ms step_avg:1697.28ms
step:1180/6200 train_loss:3.6416 train_time:1985812ms step_avg:1697.28ms
step:1181/6200 train_loss:3.7975 train_time:1987511ms step_avg:1697.28ms
step:1182/6200 train_loss:3.6481 train_time:1989205ms step_avg:1697.27ms
step:1183/6200 train_loss:3.6899 train_time:1990900ms step_avg:1697.27ms
step:1184/6200 train_loss:3.4531 train_time:1992593ms step_avg:1697.27ms
step:1185/6200 train_loss:3.7392 train_time:1994286ms step_avg:1697.26ms
step:1186/6200 train_loss:3.5459 train_time:1995982ms step_avg:1697.26ms
step:1187/6200 train_loss:3.9386 train_time:1997677ms step_avg:1697.26ms
step:1188/6200 train_loss:3.9125 train_time:1999372ms step_avg:1697.26ms
step:1189/6200 train_loss:3.6726 train_time:2001067ms step_avg:1697.26ms
step:1190/6200 train_loss:3.6695 train_time:2002763ms step_avg:1697.26ms
step:1191/6200 train_loss:3.7094 train_time:2004459ms step_avg:1697.26ms
step:1192/6200 train_loss:3.5099 train_time:2006153ms step_avg:1697.25ms
step:1193/6200 train_loss:3.7707 train_time:2007850ms step_avg:1697.25ms
step:1194/6200 train_loss:4.1503 train_time:2009547ms step_avg:1697.25ms
step:1195/6200 train_loss:3.6761 train_time:2011241ms step_avg:1697.25ms
step:1196/6200 train_loss:3.5996 train_time:2012935ms step_avg:1697.25ms
step:1197/6200 train_loss:3.8704 train_time:2014629ms step_avg:1697.24ms
step:1198/6200 train_loss:3.6594 train_time:2016326ms step_avg:1697.24ms
step:1199/6200 train_loss:3.5864 train_time:2018020ms step_avg:1697.24ms
step:1200/6200 train_loss:3.5540 train_time:2019715ms step_avg:1697.24ms
step:1201/6200 train_loss:3.5476 train_time:2021411ms step_avg:1697.24ms
step:1202/6200 train_loss:3.6920 train_time:2023107ms step_avg:1697.24ms
step:1203/6200 train_loss:3.7509 train_time:2024802ms step_avg:1697.24ms
step:1204/6200 train_loss:3.9153 train_time:2026499ms step_avg:1697.24ms
step:1205/6200 train_loss:3.8610 train_time:2028196ms step_avg:1697.24ms
step:1206/6200 train_loss:3.7357 train_time:2029894ms step_avg:1697.24ms
step:1207/6200 train_loss:3.6379 train_time:2031591ms step_avg:1697.24ms
step:1208/6200 train_loss:3.6741 train_time:2033288ms step_avg:1697.24ms
step:1209/6200 train_loss:3.7993 train_time:2034987ms step_avg:1697.24ms
step:1210/6200 train_loss:3.8621 train_time:2036685ms step_avg:1697.24ms
step:1211/6200 train_loss:3.6192 train_time:2038381ms step_avg:1697.24ms
step:1212/6200 train_loss:3.5111 train_time:2040077ms step_avg:1697.24ms
step:1213/6200 train_loss:3.4640 train_time:2041774ms step_avg:1697.24ms
step:1214/6200 train_loss:3.7550 train_time:2043472ms step_avg:1697.24ms
step:1215/6200 train_loss:3.8174 train_time:2045171ms step_avg:1697.24ms
step:1216/6200 train_loss:3.6867 train_time:2046872ms step_avg:1697.24ms
step:1217/6200 train_loss:3.5777 train_time:2048573ms step_avg:1697.24ms
step:1218/6200 train_loss:3.8867 train_time:2050269ms step_avg:1697.24ms
step:1219/6200 train_loss:3.6098 train_time:2051969ms step_avg:1697.24ms
step:1220/6200 train_loss:3.6930 train_time:2053667ms step_avg:1697.25ms
step:1221/6200 train_loss:3.7223 train_time:2055366ms step_avg:1697.25ms
step:1222/6200 train_loss:3.7367 train_time:2057062ms step_avg:1697.25ms
step:1223/6200 train_loss:3.6805 train_time:2058759ms step_avg:1697.25ms
step:1224/6200 train_loss:3.9245 train_time:2060461ms step_avg:1697.25ms
step:1225/6200 train_loss:3.6817 train_time:2062160ms step_avg:1697.25ms
step:1226/6200 train_loss:3.5774 train_time:2063861ms step_avg:1697.25ms
step:1227/6200 train_loss:3.4959 train_time:2065557ms step_avg:1697.25ms
step:1228/6200 train_loss:3.6135 train_time:2067255ms step_avg:1697.25ms
step:1229/6200 train_loss:3.5984 train_time:2068952ms step_avg:1697.25ms
step:1230/6200 train_loss:3.6411 train_time:2070650ms step_avg:1697.25ms
step:1231/6200 train_loss:3.7138 train_time:2072347ms step_avg:1697.25ms
step:1232/6200 train_loss:3.6469 train_time:2074043ms step_avg:1697.25ms
step:1233/6200 train_loss:3.9217 train_time:2075741ms step_avg:1697.25ms
step:1234/6200 train_loss:3.9696 train_time:2077439ms step_avg:1697.25ms
step:1235/6200 train_loss:3.8802 train_time:2079137ms step_avg:1697.25ms
step:1236/6200 train_loss:3.7720 train_time:2080836ms step_avg:1697.26ms
step:1237/6200 train_loss:3.9415 train_time:2082537ms step_avg:1697.26ms
step:1238/6200 train_loss:3.6539 train_time:2084236ms step_avg:1697.26ms
step:1239/6200 train_loss:3.5943 train_time:2085936ms step_avg:1697.26ms
step:1240/6200 train_loss:3.5351 train_time:2087632ms step_avg:1697.26ms
step:1241/6200 train_loss:3.5504 train_time:2089329ms step_avg:1697.26ms
step:1242/6200 train_loss:3.6250 train_time:2091027ms step_avg:1697.26ms
step:1243/6200 train_loss:3.5455 train_time:2092725ms step_avg:1697.26ms
step:1244/6200 train_loss:3.7691 train_time:2094424ms step_avg:1697.26ms
step:1245/6200 train_loss:3.6262 train_time:2096124ms step_avg:1697.27ms
step:1246/6200 train_loss:3.7187 train_time:2097822ms step_avg:1697.27ms
step:1247/6200 train_loss:3.7763 train_time:2099525ms step_avg:1697.27ms
step:1248/6200 train_loss:3.5426 train_time:2101224ms step_avg:1697.27ms
step:1249/6200 train_loss:3.6284 train_time:2102923ms step_avg:1697.27ms
step:1250/6200 train_loss:3.7456 train_time:2104623ms step_avg:1697.28ms
step:1250/6200 val_loss:3.6803 train_time:2104638ms step_avg:1697.29ms
step:1251/6200 train_loss:3.8630 train_time:2106331ms step_avg:1697.29ms
step:1252/6200 train_loss:3.7469 train_time:2108027ms step_avg:1697.28ms
step:1253/6200 train_loss:3.6510 train_time:2109723ms step_avg:1697.28ms
step:1254/6200 train_loss:3.7120 train_time:2111419ms step_avg:1697.28ms
step:1255/6200 train_loss:3.6886 train_time:2113118ms step_avg:1697.28ms
step:1256/6200 train_loss:3.6900 train_time:2114812ms step_avg:1697.28ms
step:1257/6200 train_loss:3.8648 train_time:2116511ms step_avg:1697.28ms
step:1258/6200 train_loss:3.7726 train_time:2118208ms step_avg:1697.28ms
step:1259/6200 train_loss:3.8011 train_time:2119907ms step_avg:1697.28ms
step:1260/6200 train_loss:3.7597 train_time:2121604ms step_avg:1697.28ms
step:1261/6200 train_loss:3.7252 train_time:2123303ms step_avg:1697.28ms
step:1262/6200 train_loss:3.6502 train_time:2125002ms step_avg:1697.29ms
step:1263/6200 train_loss:3.5278 train_time:2126697ms step_avg:1697.28ms
step:1264/6200 train_loss:3.4385 train_time:2128395ms step_avg:1697.28ms
step:1265/6200 train_loss:3.8439 train_time:2130090ms step_avg:1697.28ms
step:1266/6200 train_loss:3.4899 train_time:2131787ms step_avg:1697.28ms
step:1267/6200 train_loss:3.8409 train_time:2133486ms step_avg:1697.28ms
step:1268/6200 train_loss:3.7296 train_time:2135181ms step_avg:1697.28ms
step:1269/6200 train_loss:3.7367 train_time:2136876ms step_avg:1697.28ms
step:1270/6200 train_loss:3.8117 train_time:2138572ms step_avg:1697.28ms
step:1271/6200 train_loss:3.6296 train_time:2140269ms step_avg:1697.28ms
step:1272/6200 train_loss:3.6560 train_time:2141965ms step_avg:1697.28ms
step:1273/6200 train_loss:3.5807 train_time:2143658ms step_avg:1697.28ms
step:1274/6200 train_loss:3.5788 train_time:2145353ms step_avg:1697.27ms
step:1275/6200 train_loss:3.6111 train_time:2147050ms step_avg:1697.27ms
step:1276/6200 train_loss:3.6637 train_time:2148744ms step_avg:1697.27ms
step:1277/6200 train_loss:3.6660 train_time:2150439ms step_avg:1697.27ms
step:1278/6200 train_loss:3.7878 train_time:2152135ms step_avg:1697.27ms
step:1279/6200 train_loss:3.7957 train_time:2153832ms step_avg:1697.27ms
step:1280/6200 train_loss:3.7574 train_time:2155528ms step_avg:1697.27ms
step:1281/6200 train_loss:3.6510 train_time:2157227ms step_avg:1697.27ms
step:1282/6200 train_loss:3.4834 train_time:2158926ms step_avg:1697.27ms
step:1283/6200 train_loss:3.5702 train_time:2160622ms step_avg:1697.27ms
step:1284/6200 train_loss:3.7935 train_time:2162315ms step_avg:1697.26ms
step:1285/6200 train_loss:3.7028 train_time:2164012ms step_avg:1697.26ms
step:1286/6200 train_loss:3.7808 train_time:2165710ms step_avg:1697.26ms
step:1287/6200 train_loss:3.7385 train_time:2167404ms step_avg:1697.26ms
step:1288/6200 train_loss:3.6896 train_time:2169099ms step_avg:1697.26ms
step:1289/6200 train_loss:3.5477 train_time:2170797ms step_avg:1697.26ms
step:1290/6200 train_loss:3.6133 train_time:2172495ms step_avg:1697.26ms
step:1291/6200 train_loss:3.6034 train_time:2174190ms step_avg:1697.26ms
step:1292/6200 train_loss:3.5503 train_time:2175886ms step_avg:1697.26ms
step:1293/6200 train_loss:3.7007 train_time:2177584ms step_avg:1697.26ms
step:1294/6200 train_loss:3.7265 train_time:2179283ms step_avg:1697.26ms
step:1295/6200 train_loss:3.7617 train_time:2180979ms step_avg:1697.26ms
step:1296/6200 train_loss:3.7905 train_time:2182677ms step_avg:1697.26ms
step:1297/6200 train_loss:3.4471 train_time:2184375ms step_avg:1697.26ms
step:1298/6200 train_loss:3.5574 train_time:2186077ms step_avg:1697.26ms
step:1299/6200 train_loss:3.7638 train_time:2187774ms step_avg:1697.26ms
step:1300/6200 train_loss:3.5064 train_time:2189470ms step_avg:1697.26ms
step:1301/6200 train_loss:3.7714 train_time:2191170ms step_avg:1697.27ms
step:1302/6200 train_loss:3.6876 train_time:2192867ms step_avg:1697.27ms
step:1303/6200 train_loss:3.8101 train_time:2194565ms step_avg:1697.27ms
step:1304/6200 train_loss:3.7771 train_time:2196263ms step_avg:1697.27ms
step:1305/6200 train_loss:3.9245 train_time:2197960ms step_avg:1697.27ms
step:1306/6200 train_loss:3.5661 train_time:2199657ms step_avg:1697.27ms
step:1307/6200 train_loss:4.0492 train_time:2201352ms step_avg:1697.26ms
step:1308/6200 train_loss:3.6465 train_time:2203048ms step_avg:1697.26ms
step:1309/6200 train_loss:3.8256 train_time:2204746ms step_avg:1697.26ms
step:1310/6200 train_loss:3.9972 train_time:2206441ms step_avg:1697.26ms
step:1311/6200 train_loss:3.6213 train_time:2208136ms step_avg:1697.26ms
step:1312/6200 train_loss:3.5480 train_time:2209832ms step_avg:1697.26ms
step:1313/6200 train_loss:3.7292 train_time:2211530ms step_avg:1697.26ms
step:1314/6200 train_loss:3.6707 train_time:2213226ms step_avg:1697.26ms
step:1315/6200 train_loss:3.6619 train_time:2214923ms step_avg:1697.26ms
step:1316/6200 train_loss:3.7404 train_time:2216619ms step_avg:1697.26ms
step:1317/6200 train_loss:3.3929 train_time:2218314ms step_avg:1697.26ms
step:1318/6200 train_loss:3.5748 train_time:2220010ms step_avg:1697.26ms
step:1319/6200 train_loss:3.6783 train_time:2221706ms step_avg:1697.25ms
step:1320/6200 train_loss:3.7919 train_time:2223400ms step_avg:1697.25ms
step:1321/6200 train_loss:3.5057 train_time:2225097ms step_avg:1697.25ms
step:1322/6200 train_loss:3.6622 train_time:2226795ms step_avg:1697.25ms
step:1323/6200 train_loss:3.8108 train_time:2228490ms step_avg:1697.25ms
step:1324/6200 train_loss:3.7731 train_time:2230186ms step_avg:1697.25ms
step:1325/6200 train_loss:3.6588 train_time:2231882ms step_avg:1697.25ms
step:1326/6200 train_loss:3.6852 train_time:2233577ms step_avg:1697.25ms
step:1327/6200 train_loss:3.9267 train_time:2235274ms step_avg:1697.25ms
step:1328/6200 train_loss:3.9800 train_time:2236970ms step_avg:1697.25ms
step:1329/6200 train_loss:3.7182 train_time:2238668ms step_avg:1697.25ms
step:1330/6200 train_loss:3.5438 train_time:2240364ms step_avg:1697.25ms
step:1331/6200 train_loss:3.9396 train_time:2242062ms step_avg:1697.25ms
step:1332/6200 train_loss:3.7182 train_time:2243758ms step_avg:1697.25ms
step:1333/6200 train_loss:3.9307 train_time:2245455ms step_avg:1697.25ms
step:1334/6200 train_loss:3.5752 train_time:2247153ms step_avg:1697.25ms
step:1335/6200 train_loss:3.6603 train_time:2249068ms step_avg:1697.41ms
step:1336/6200 train_loss:3.7123 train_time:2250761ms step_avg:1697.41ms
step:1337/6200 train_loss:3.7017 train_time:2252458ms step_avg:1697.41ms
step:1338/6200 train_loss:3.5860 train_time:2254156ms step_avg:1697.41ms
step:1339/6200 train_loss:3.6334 train_time:2255851ms step_avg:1697.41ms
step:1340/6200 train_loss:3.6535 train_time:2257548ms step_avg:1697.40ms
step:1341/6200 train_loss:3.7633 train_time:2259246ms step_avg:1697.40ms
step:1342/6200 train_loss:3.5893 train_time:2260943ms step_avg:1697.40ms
step:1343/6200 train_loss:3.8112 train_time:2262643ms step_avg:1697.41ms
step:1344/6200 train_loss:3.4531 train_time:2264341ms step_avg:1697.41ms
step:1345/6200 train_loss:3.6950 train_time:2266036ms step_avg:1697.40ms
step:1346/6200 train_loss:3.9404 train_time:2267734ms step_avg:1697.41ms
step:1347/6200 train_loss:3.6493 train_time:2269432ms step_avg:1697.41ms
step:1348/6200 train_loss:3.7242 train_time:2271132ms step_avg:1697.41ms
step:1349/6200 train_loss:3.6725 train_time:2272829ms step_avg:1697.41ms
step:1350/6200 train_loss:3.9553 train_time:2274526ms step_avg:1697.41ms
step:1351/6200 train_loss:3.7518 train_time:2276223ms step_avg:1697.41ms
step:1352/6200 train_loss:3.5580 train_time:2277921ms step_avg:1697.41ms
step:1353/6200 train_loss:3.6103 train_time:2279618ms step_avg:1697.41ms
step:1354/6200 train_loss:3.5750 train_time:2281317ms step_avg:1697.41ms
step:1355/6200 train_loss:3.7520 train_time:2283010ms step_avg:1697.41ms
step:1356/6200 train_loss:4.0235 train_time:2284705ms step_avg:1697.40ms
step:1357/6200 train_loss:3.6959 train_time:2286402ms step_avg:1697.40ms
step:1358/6200 train_loss:3.7368 train_time:2288094ms step_avg:1697.40ms
step:1359/6200 train_loss:3.5536 train_time:2289790ms step_avg:1697.40ms
step:1360/6200 train_loss:3.7763 train_time:2291486ms step_avg:1697.40ms
step:1361/6200 train_loss:4.6639 train_time:2293183ms step_avg:1697.40ms
step:1362/6200 train_loss:3.6030 train_time:2294882ms step_avg:1697.40ms
step:1363/6200 train_loss:3.5312 train_time:2296580ms step_avg:1697.40ms
step:1364/6200 train_loss:3.5982 train_time:2298279ms step_avg:1697.40ms
step:1365/6200 train_loss:3.3611 train_time:2299977ms step_avg:1697.40ms
step:1366/6200 train_loss:3.6697 train_time:2301676ms step_avg:1697.40ms
step:1367/6200 train_loss:3.2893 train_time:2303373ms step_avg:1697.40ms
step:1368/6200 train_loss:3.6332 train_time:2305072ms step_avg:1697.40ms
step:1369/6200 train_loss:3.7616 train_time:2306770ms step_avg:1697.40ms
step:1370/6200 train_loss:3.5641 train_time:2308467ms step_avg:1697.40ms
step:1371/6200 train_loss:4.0267 train_time:2310165ms step_avg:1697.40ms
step:1372/6200 train_loss:4.0226 train_time:2311863ms step_avg:1697.40ms
step:1373/6200 train_loss:3.6181 train_time:2313561ms step_avg:1697.40ms
step:1374/6200 train_loss:3.9367 train_time:2315260ms step_avg:1697.40ms
step:1375/6200 train_loss:4.0438 train_time:2316955ms step_avg:1697.40ms
step:1375/6200 val_loss:3.6560 train_time:2316969ms step_avg:1697.41ms
step:1376/6200 train_loss:3.6990 train_time:2318658ms step_avg:1697.41ms
step:1377/6200 train_loss:3.6437 train_time:2320354ms step_avg:1697.41ms
step:1378/6200 train_loss:3.5661 train_time:2322051ms step_avg:1697.41ms
step:1379/6200 train_loss:3.7569 train_time:2323746ms step_avg:1697.40ms
step:1380/6200 train_loss:3.6537 train_time:2325441ms step_avg:1697.40ms
step:1381/6200 train_loss:3.6153 train_time:2327139ms step_avg:1697.40ms
step:1382/6200 train_loss:3.5875 train_time:2328833ms step_avg:1697.40ms
step:1383/6200 train_loss:3.5207 train_time:2330529ms step_avg:1697.40ms
step:1384/6200 train_loss:3.9029 train_time:2332224ms step_avg:1697.40ms
step:1385/6200 train_loss:3.6049 train_time:2333923ms step_avg:1697.40ms
step:1386/6200 train_loss:3.9382 train_time:2335619ms step_avg:1697.40ms
step:1387/6200 train_loss:3.4032 train_time:2337316ms step_avg:1697.40ms
step:1388/6200 train_loss:3.7091 train_time:2339012ms step_avg:1697.40ms
step:1389/6200 train_loss:3.5765 train_time:2340707ms step_avg:1697.39ms
step:1390/6200 train_loss:3.7430 train_time:2342403ms step_avg:1697.39ms
step:1391/6200 train_loss:3.8739 train_time:2344098ms step_avg:1697.39ms
step:1392/6200 train_loss:3.4712 train_time:2345795ms step_avg:1697.39ms
step:1393/6200 train_loss:3.7458 train_time:2347493ms step_avg:1697.39ms
step:1394/6200 train_loss:3.8557 train_time:2349190ms step_avg:1697.39ms
step:1395/6200 train_loss:3.4586 train_time:2350888ms step_avg:1697.39ms
step:1396/6200 train_loss:3.4343 train_time:2352587ms step_avg:1697.39ms
step:1397/6200 train_loss:3.6523 train_time:2354284ms step_avg:1697.39ms
step:1398/6200 train_loss:3.7564 train_time:2355979ms step_avg:1697.39ms
step:1399/6200 train_loss:3.5950 train_time:2357673ms step_avg:1697.39ms
step:1400/6200 train_loss:3.8053 train_time:2359369ms step_avg:1697.39ms
step:1401/6200 train_loss:3.4676 train_time:2361064ms step_avg:1697.39ms
step:1402/6200 train_loss:3.5839 train_time:2362758ms step_avg:1697.38ms
step:1403/6200 train_loss:3.6270 train_time:2364453ms step_avg:1697.38ms
step:1404/6200 train_loss:4.0682 train_time:2366147ms step_avg:1697.38ms
step:1405/6200 train_loss:3.5263 train_time:2367843ms step_avg:1697.38ms
step:1406/6200 train_loss:3.4608 train_time:2369538ms step_avg:1697.38ms
step:1407/6200 train_loss:3.7404 train_time:2371236ms step_avg:1697.38ms
step:1408/6200 train_loss:3.8705 train_time:2372934ms step_avg:1697.38ms
step:1409/6200 train_loss:3.5209 train_time:2374630ms step_avg:1697.38ms
step:1410/6200 train_loss:3.5957 train_time:2376328ms step_avg:1697.38ms
step:1411/6200 train_loss:3.8233 train_time:2378025ms step_avg:1697.38ms
step:1412/6200 train_loss:3.8487 train_time:2379722ms step_avg:1697.38ms
step:1413/6200 train_loss:3.9232 train_time:2381419ms step_avg:1697.38ms
step:1414/6200 train_loss:3.5277 train_time:2383114ms step_avg:1697.37ms
step:1415/6200 train_loss:3.5867 train_time:2384812ms step_avg:1697.38ms
step:1416/6200 train_loss:3.6516 train_time:2386512ms step_avg:1697.38ms
step:1417/6200 train_loss:3.6116 train_time:2388210ms step_avg:1697.38ms
step:1418/6200 train_loss:3.5611 train_time:2389907ms step_avg:1697.38ms
step:1419/6200 train_loss:3.8528 train_time:2391606ms step_avg:1697.38ms
step:1420/6200 train_loss:3.5338 train_time:2393301ms step_avg:1697.38ms
step:1421/6200 train_loss:3.5840 train_time:2394998ms step_avg:1697.38ms
step:1422/6200 train_loss:3.5596 train_time:2396695ms step_avg:1697.38ms
step:1423/6200 train_loss:4.1612 train_time:2398395ms step_avg:1697.38ms
step:1424/6200 train_loss:3.7613 train_time:2400093ms step_avg:1697.38ms
step:1425/6200 train_loss:3.5467 train_time:2401789ms step_avg:1697.38ms
step:1426/6200 train_loss:3.5445 train_time:2403485ms step_avg:1697.38ms
step:1427/6200 train_loss:3.4364 train_time:2405180ms step_avg:1697.37ms
step:1428/6200 train_loss:3.6411 train_time:2406878ms step_avg:1697.38ms
step:1429/6200 train_loss:3.7695 train_time:2408575ms step_avg:1697.38ms
step:1430/6200 train_loss:3.5464 train_time:2410271ms step_avg:1697.37ms
step:1431/6200 train_loss:3.6202 train_time:2411967ms step_avg:1697.37ms
step:1432/6200 train_loss:3.4222 train_time:2413664ms step_avg:1697.37ms
step:1433/6200 train_loss:3.5441 train_time:2415361ms step_avg:1697.37ms
step:1434/6200 train_loss:3.5248 train_time:2417059ms step_avg:1697.37ms
step:1435/6200 train_loss:3.5804 train_time:2418755ms step_avg:1697.37ms
step:1436/6200 train_loss:3.5736 train_time:2420453ms step_avg:1697.37ms
step:1437/6200 train_loss:3.6073 train_time:2422151ms step_avg:1697.37ms
step:1438/6200 train_loss:3.6049 train_time:2423851ms step_avg:1697.37ms
step:1439/6200 train_loss:3.7128 train_time:2425551ms step_avg:1697.38ms
step:1440/6200 train_loss:3.8154 train_time:2427248ms step_avg:1697.38ms
step:1441/6200 train_loss:3.7924 train_time:2428945ms step_avg:1697.38ms
step:1442/6200 train_loss:3.6316 train_time:2430641ms step_avg:1697.38ms
step:1443/6200 train_loss:3.6257 train_time:2432336ms step_avg:1697.37ms
step:1444/6200 train_loss:3.5250 train_time:2434033ms step_avg:1697.37ms
step:1445/6200 train_loss:3.6018 train_time:2435732ms step_avg:1697.37ms
step:1446/6200 train_loss:3.4069 train_time:2437428ms step_avg:1697.37ms
step:1447/6200 train_loss:3.7289 train_time:2439124ms step_avg:1697.37ms
step:1448/6200 train_loss:3.5551 train_time:2440821ms step_avg:1697.37ms
step:1449/6200 train_loss:3.7046 train_time:2442518ms step_avg:1697.37ms
step:1450/6200 train_loss:3.6716 train_time:2444214ms step_avg:1697.37ms
step:1451/6200 train_loss:3.6114 train_time:2445913ms step_avg:1697.37ms
step:1452/6200 train_loss:3.6303 train_time:2447612ms step_avg:1697.37ms
step:1453/6200 train_loss:3.7835 train_time:2449309ms step_avg:1697.37ms
step:1454/6200 train_loss:3.6103 train_time:2451006ms step_avg:1697.37ms
step:1455/6200 train_loss:3.3718 train_time:2452700ms step_avg:1697.37ms
step:1456/6200 train_loss:3.6599 train_time:2454397ms step_avg:1697.37ms
step:1457/6200 train_loss:3.5438 train_time:2456093ms step_avg:1697.37ms
step:1458/6200 train_loss:3.8071 train_time:2457791ms step_avg:1697.37ms
step:1459/6200 train_loss:3.6940 train_time:2459486ms step_avg:1697.37ms
step:1460/6200 train_loss:3.7887 train_time:2461184ms step_avg:1697.37ms
step:1461/6200 train_loss:3.7749 train_time:2462879ms step_avg:1697.37ms
step:1462/6200 train_loss:3.3876 train_time:2464575ms step_avg:1697.37ms
step:1463/6200 train_loss:3.5572 train_time:2466273ms step_avg:1697.37ms
step:1464/6200 train_loss:3.6106 train_time:2467966ms step_avg:1697.36ms
step:1465/6200 train_loss:3.7615 train_time:2469663ms step_avg:1697.36ms
step:1466/6200 train_loss:3.7446 train_time:2471360ms step_avg:1697.36ms
step:1467/6200 train_loss:3.6994 train_time:2473056ms step_avg:1697.36ms
step:1468/6200 train_loss:3.7032 train_time:2474750ms step_avg:1697.36ms
step:1469/6200 train_loss:3.6555 train_time:2476448ms step_avg:1697.36ms
step:1470/6200 train_loss:3.6690 train_time:2478144ms step_avg:1697.36ms
step:1471/6200 train_loss:3.5902 train_time:2479842ms step_avg:1697.36ms
step:1472/6200 train_loss:3.6541 train_time:2481538ms step_avg:1697.36ms
step:1473/6200 train_loss:3.7701 train_time:2483234ms step_avg:1697.36ms
step:1474/6200 train_loss:3.5730 train_time:2484933ms step_avg:1697.36ms
step:1475/6200 train_loss:3.6224 train_time:2486630ms step_avg:1697.36ms
step:1476/6200 train_loss:3.9300 train_time:2488326ms step_avg:1697.36ms
step:1477/6200 train_loss:3.6983 train_time:2490018ms step_avg:1697.35ms
step:1478/6200 train_loss:3.5511 train_time:2491712ms step_avg:1697.35ms
step:1479/6200 train_loss:3.6046 train_time:2493409ms step_avg:1697.35ms
step:1480/6200 train_loss:3.6823 train_time:2495101ms step_avg:1697.35ms
step:1481/6200 train_loss:3.5831 train_time:2496797ms step_avg:1697.35ms
step:1482/6200 train_loss:3.5092 train_time:2498491ms step_avg:1697.34ms
step:1483/6200 train_loss:3.6611 train_time:2500186ms step_avg:1697.34ms
step:1484/6200 train_loss:3.4509 train_time:2501883ms step_avg:1697.34ms
step:1485/6200 train_loss:3.7054 train_time:2503580ms step_avg:1697.34ms
step:1486/6200 train_loss:3.6659 train_time:2505278ms step_avg:1697.34ms
step:1487/6200 train_loss:3.6187 train_time:2506972ms step_avg:1697.34ms
step:1488/6200 train_loss:3.5050 train_time:2508665ms step_avg:1697.34ms
step:1489/6200 train_loss:3.5890 train_time:2510359ms step_avg:1697.34ms
step:1490/6200 train_loss:3.4504 train_time:2512057ms step_avg:1697.34ms
step:1491/6200 train_loss:3.6094 train_time:2513754ms step_avg:1697.34ms
step:1492/6200 train_loss:3.5491 train_time:2515450ms step_avg:1697.33ms
step:1493/6200 train_loss:3.3732 train_time:2517148ms step_avg:1697.33ms
step:1494/6200 train_loss:3.6123 train_time:2518844ms step_avg:1697.33ms
step:1495/6200 train_loss:3.5926 train_time:2520538ms step_avg:1697.33ms
step:1496/6200 train_loss:3.5560 train_time:2522233ms step_avg:1697.33ms
step:1497/6200 train_loss:3.5636 train_time:2523929ms step_avg:1697.33ms
step:1498/6200 train_loss:3.6535 train_time:2525624ms step_avg:1697.33ms
step:1499/6200 train_loss:3.4406 train_time:2527320ms step_avg:1697.33ms
step:1500/6200 train_loss:3.5523 train_time:2529014ms step_avg:1697.32ms
step:1500/6200 val_loss:3.6281 train_time:2529028ms step_avg:1697.33ms
step:1501/6200 train_loss:3.8165 train_time:2530716ms step_avg:1697.33ms
step:1502/6200 train_loss:3.6811 train_time:2532410ms step_avg:1697.33ms
step:1503/6200 train_loss:3.6568 train_time:2534105ms step_avg:1697.32ms
step:1504/6200 train_loss:3.6579 train_time:2535802ms step_avg:1697.32ms
step:1505/6200 train_loss:3.6143 train_time:2537496ms step_avg:1697.32ms
step:1506/6200 train_loss:3.5831 train_time:2539189ms step_avg:1697.32ms
step:1507/6200 train_loss:3.5701 train_time:2540886ms step_avg:1697.32ms
step:1508/6200 train_loss:3.6375 train_time:2542580ms step_avg:1697.32ms
step:1509/6200 train_loss:3.5798 train_time:2544275ms step_avg:1697.32ms
step:1510/6200 train_loss:3.6709 train_time:2545969ms step_avg:1697.31ms
step:1511/6200 train_loss:3.7102 train_time:2547662ms step_avg:1697.31ms
step:1512/6200 train_loss:3.6214 train_time:2549354ms step_avg:1697.31ms
step:1513/6200 train_loss:3.7236 train_time:2551050ms step_avg:1697.31ms
step:1514/6200 train_loss:3.5231 train_time:2552745ms step_avg:1697.30ms
step:1515/6200 train_loss:3.6254 train_time:2554438ms step_avg:1697.30ms
step:1516/6200 train_loss:3.5408 train_time:2556130ms step_avg:1697.30ms
step:1517/6200 train_loss:3.5338 train_time:2557827ms step_avg:1697.30ms
step:1518/6200 train_loss:3.8588 train_time:2559520ms step_avg:1697.29ms
step:1519/6200 train_loss:3.8886 train_time:2561216ms step_avg:1697.29ms
step:1520/6200 train_loss:3.6487 train_time:2562912ms step_avg:1697.29ms
step:1521/6200 train_loss:3.6562 train_time:2564607ms step_avg:1697.29ms
step:1522/6200 train_loss:3.6250 train_time:2566301ms step_avg:1697.29ms
step:1523/6200 train_loss:3.5854 train_time:2567996ms step_avg:1697.29ms
step:1524/6200 train_loss:3.6221 train_time:2569694ms step_avg:1697.29ms
step:1525/6200 train_loss:3.6211 train_time:2571390ms step_avg:1697.29ms
step:1526/6200 train_loss:3.6090 train_time:2573085ms step_avg:1697.29ms
step:1527/6200 train_loss:3.4879 train_time:2574783ms step_avg:1697.29ms
step:1528/6200 train_loss:3.6837 train_time:2576479ms step_avg:1697.29ms
step:1529/6200 train_loss:3.8722 train_time:2578176ms step_avg:1697.29ms
step:1530/6200 train_loss:3.6595 train_time:2579872ms step_avg:1697.28ms
step:1531/6200 train_loss:3.5087 train_time:2581568ms step_avg:1697.28ms
step:1532/6200 train_loss:3.5924 train_time:2583263ms step_avg:1697.28ms
step:1533/6200 train_loss:3.7371 train_time:2584957ms step_avg:1697.28ms
step:1534/6200 train_loss:3.5208 train_time:2586651ms step_avg:1697.28ms
step:1535/6200 train_loss:3.5846 train_time:2588350ms step_avg:1697.28ms
step:1536/6200 train_loss:3.6684 train_time:2590047ms step_avg:1697.28ms
step:1537/6200 train_loss:3.7791 train_time:2591742ms step_avg:1697.28ms
step:1538/6200 train_loss:3.7812 train_time:2593439ms step_avg:1697.28ms
step:1539/6200 train_loss:3.6037 train_time:2595137ms step_avg:1697.28ms
step:1540/6200 train_loss:3.7790 train_time:2596832ms step_avg:1697.28ms
step:1541/6200 train_loss:3.8678 train_time:2598529ms step_avg:1697.28ms
step:1542/6200 train_loss:3.4844 train_time:2600226ms step_avg:1697.28ms
step:1543/6200 train_loss:3.6070 train_time:2601922ms step_avg:1697.27ms
step:1544/6200 train_loss:3.5250 train_time:2603618ms step_avg:1697.27ms
step:1545/6200 train_loss:3.6242 train_time:2605316ms step_avg:1697.27ms
step:1546/6200 train_loss:3.9361 train_time:2607013ms step_avg:1697.27ms
step:1547/6200 train_loss:3.7001 train_time:2608709ms step_avg:1697.27ms
step:1548/6200 train_loss:3.6449 train_time:2610408ms step_avg:1697.27ms
step:1549/6200 train_loss:3.5416 train_time:2612107ms step_avg:1697.28ms
step:1550/6200 train_loss:3.7259 train_time:2613805ms step_avg:1697.28ms
step:1551/6200 train_loss:3.6318 train_time:2615500ms step_avg:1697.27ms
step:1552/6200 train_loss:3.6661 train_time:2617198ms step_avg:1697.28ms
step:1553/6200 train_loss:3.6371 train_time:2618894ms step_avg:1697.27ms
step:1554/6200 train_loss:3.7590 train_time:2620590ms step_avg:1697.27ms
step:1555/6200 train_loss:3.7205 train_time:2622285ms step_avg:1697.27ms
step:1556/6200 train_loss:3.5750 train_time:2623983ms step_avg:1697.27ms
step:1557/6200 train_loss:3.8397 train_time:2625681ms step_avg:1697.27ms
step:1558/6200 train_loss:3.7739 train_time:2627378ms step_avg:1697.27ms
step:1559/6200 train_loss:3.6109 train_time:2629075ms step_avg:1697.27ms
step:1560/6200 train_loss:3.6717 train_time:2630775ms step_avg:1697.27ms
step:1561/6200 train_loss:3.6436 train_time:2632469ms step_avg:1697.27ms
step:1562/6200 train_loss:3.6415 train_time:2634167ms step_avg:1697.27ms
step:1563/6200 train_loss:3.4737 train_time:2635864ms step_avg:1697.27ms
step:1564/6200 train_loss:3.7518 train_time:2637561ms step_avg:1697.27ms
step:1565/6200 train_loss:3.6486 train_time:2639256ms step_avg:1697.27ms
step:1566/6200 train_loss:3.6677 train_time:2640952ms step_avg:1697.27ms
step:1567/6200 train_loss:3.5429 train_time:2642649ms step_avg:1697.27ms
step:1568/6200 train_loss:3.7158 train_time:2644346ms step_avg:1697.27ms
step:1569/6200 train_loss:3.5609 train_time:2646042ms step_avg:1697.27ms
step:1570/6200 train_loss:3.6317 train_time:2647738ms step_avg:1697.27ms
step:1571/6200 train_loss:3.7661 train_time:2649436ms step_avg:1697.27ms
step:1572/6200 train_loss:3.6403 train_time:2651135ms step_avg:1697.27ms
step:1573/6200 train_loss:3.6526 train_time:2652833ms step_avg:1697.27ms
step:1574/6200 train_loss:3.5402 train_time:2654532ms step_avg:1697.27ms
step:1575/6200 train_loss:3.7353 train_time:2656228ms step_avg:1697.27ms
step:1576/6200 train_loss:3.5654 train_time:2657926ms step_avg:1697.27ms
step:1577/6200 train_loss:3.6187 train_time:2659624ms step_avg:1697.27ms
step:1578/6200 train_loss:3.6434 train_time:2661323ms step_avg:1697.27ms
step:1579/6200 train_loss:3.5974 train_time:2663021ms step_avg:1697.27ms
step:1580/6200 train_loss:3.6280 train_time:2664718ms step_avg:1697.27ms
step:1581/6200 train_loss:3.7037 train_time:2666415ms step_avg:1697.27ms
step:1582/6200 train_loss:3.6429 train_time:2668114ms step_avg:1697.27ms
step:1583/6200 train_loss:3.3425 train_time:2669811ms step_avg:1697.27ms
step:1584/6200 train_loss:3.6973 train_time:2671509ms step_avg:1697.27ms
step:1585/6200 train_loss:3.6391 train_time:2673207ms step_avg:1697.27ms
step:1586/6200 train_loss:3.3018 train_time:2674903ms step_avg:1697.27ms
step:1587/6200 train_loss:3.9236 train_time:2676601ms step_avg:1697.27ms
step:1588/6200 train_loss:3.5431 train_time:2678299ms step_avg:1697.27ms
step:1589/6200 train_loss:3.8679 train_time:2679993ms step_avg:1697.27ms
step:1590/6200 train_loss:3.6981 train_time:2681691ms step_avg:1697.27ms
step:1591/6200 train_loss:3.7958 train_time:2683387ms step_avg:1697.27ms
step:1592/6200 train_loss:3.4145 train_time:2685082ms step_avg:1697.27ms
step:1593/6200 train_loss:3.5695 train_time:2686780ms step_avg:1697.27ms
step:1594/6200 train_loss:3.5363 train_time:2688474ms step_avg:1697.27ms
step:1595/6200 train_loss:3.5728 train_time:2690168ms step_avg:1697.27ms
step:1596/6200 train_loss:3.5747 train_time:2691860ms step_avg:1697.26ms
step:1597/6200 train_loss:3.5385 train_time:2693554ms step_avg:1697.26ms
step:1598/6200 train_loss:3.5011 train_time:2695248ms step_avg:1697.26ms
step:1599/6200 train_loss:3.8462 train_time:2696940ms step_avg:1697.26ms
step:1600/6200 train_loss:3.5982 train_time:2698633ms step_avg:1697.25ms
step:1601/6200 train_loss:3.5628 train_time:2700324ms step_avg:1697.25ms
step:1602/6200 train_loss:3.6052 train_time:2702017ms step_avg:1697.25ms
step:1603/6200 train_loss:3.5992 train_time:2703708ms step_avg:1697.24ms
step:1604/6200 train_loss:3.6844 train_time:2705403ms step_avg:1697.24ms
step:1605/6200 train_loss:3.6651 train_time:2707095ms step_avg:1697.24ms
step:1606/6200 train_loss:3.6472 train_time:2708786ms step_avg:1697.23ms
step:1607/6200 train_loss:4.6203 train_time:2710478ms step_avg:1697.23ms
step:1608/6200 train_loss:3.6045 train_time:2712170ms step_avg:1697.23ms
step:1609/6200 train_loss:3.7688 train_time:2713867ms step_avg:1697.23ms
step:1610/6200 train_loss:3.6880 train_time:2715562ms step_avg:1697.23ms
step:1611/6200 train_loss:3.9063 train_time:2717255ms step_avg:1697.22ms
step:1612/6200 train_loss:3.5717 train_time:2718949ms step_avg:1697.22ms
step:1613/6200 train_loss:3.7488 train_time:2720641ms step_avg:1697.22ms
step:1614/6200 train_loss:3.6801 train_time:2722335ms step_avg:1697.22ms
step:1615/6200 train_loss:3.5819 train_time:2724026ms step_avg:1697.21ms
step:1616/6200 train_loss:3.4967 train_time:2725720ms step_avg:1697.21ms
step:1617/6200 train_loss:3.8059 train_time:2727415ms step_avg:1697.21ms
step:1618/6200 train_loss:3.5660 train_time:2729110ms step_avg:1697.21ms
step:1619/6200 train_loss:3.5388 train_time:2730802ms step_avg:1697.20ms
step:1620/6200 train_loss:3.5775 train_time:2732495ms step_avg:1697.20ms
step:1621/6200 train_loss:3.5924 train_time:2734187ms step_avg:1697.20ms
step:1622/6200 train_loss:3.6493 train_time:2735880ms step_avg:1697.20ms
step:1623/6200 train_loss:3.4964 train_time:2737571ms step_avg:1697.19ms
step:1624/6200 train_loss:3.7570 train_time:2739267ms step_avg:1697.19ms
step:1625/6200 train_loss:3.4864 train_time:2740963ms step_avg:1697.19ms
step:1625/6200 val_loss:3.6084 train_time:2740977ms step_avg:1697.20ms
step:1626/6200 train_loss:3.8001 train_time:2742665ms step_avg:1697.19ms
step:1627/6200 train_loss:3.7253 train_time:2744359ms step_avg:1697.19ms
step:1628/6200 train_loss:3.7258 train_time:2746054ms step_avg:1697.19ms
step:1629/6200 train_loss:3.7691 train_time:2747748ms step_avg:1697.19ms
step:1630/6200 train_loss:3.8504 train_time:2749441ms step_avg:1697.19ms
step:1631/6200 train_loss:3.7644 train_time:2751134ms step_avg:1697.18ms
step:1632/6200 train_loss:3.7390 train_time:2752825ms step_avg:1697.18ms
step:1633/6200 train_loss:3.5913 train_time:2754516ms step_avg:1697.18ms
step:1634/6200 train_loss:3.5682 train_time:2756208ms step_avg:1697.17ms
step:1635/6200 train_loss:3.8746 train_time:2757900ms step_avg:1697.17ms
step:1636/6200 train_loss:3.6186 train_time:2759591ms step_avg:1697.17ms
step:1637/6200 train_loss:3.5065 train_time:2761281ms step_avg:1697.16ms
step:1638/6200 train_loss:3.9933 train_time:2762970ms step_avg:1697.16ms
step:1639/6200 train_loss:3.5849 train_time:2764662ms step_avg:1697.15ms
step:1640/6200 train_loss:3.6229 train_time:2766352ms step_avg:1697.15ms
step:1641/6200 train_loss:3.6671 train_time:2768043ms step_avg:1697.14ms
step:1642/6200 train_loss:3.5109 train_time:2769736ms step_avg:1697.14ms
step:1643/6200 train_loss:3.6359 train_time:2771428ms step_avg:1697.14ms
step:1644/6200 train_loss:3.5225 train_time:2773120ms step_avg:1697.14ms
step:1645/6200 train_loss:3.7203 train_time:2774812ms step_avg:1697.13ms
step:1646/6200 train_loss:3.7675 train_time:2776506ms step_avg:1697.13ms
step:1647/6200 train_loss:3.5687 train_time:2778199ms step_avg:1697.13ms
step:1648/6200 train_loss:3.3014 train_time:2779889ms step_avg:1697.12ms
step:1649/6200 train_loss:3.6232 train_time:2781581ms step_avg:1697.12ms
step:1650/6200 train_loss:3.7139 train_time:2783276ms step_avg:1697.12ms
step:1651/6200 train_loss:3.5970 train_time:2784970ms step_avg:1697.12ms
step:1652/6200 train_loss:3.8796 train_time:2786664ms step_avg:1697.12ms
step:1653/6200 train_loss:3.7024 train_time:2788358ms step_avg:1697.11ms
step:1654/6200 train_loss:3.6472 train_time:2790050ms step_avg:1697.11ms
step:1655/6200 train_loss:3.5105 train_time:2791743ms step_avg:1697.11ms
step:1656/6200 train_loss:3.5587 train_time:2793438ms step_avg:1697.11ms
step:1657/6200 train_loss:3.6616 train_time:2795129ms step_avg:1697.10ms
step:1658/6200 train_loss:3.6495 train_time:2796821ms step_avg:1697.10ms
step:1659/6200 train_loss:3.4454 train_time:2798513ms step_avg:1697.10ms
step:1660/6200 train_loss:3.6423 train_time:2800206ms step_avg:1697.09ms
step:1661/6200 train_loss:3.6862 train_time:2801898ms step_avg:1697.09ms
step:1662/6200 train_loss:3.4929 train_time:2803590ms step_avg:1697.09ms
step:1663/6200 train_loss:3.6467 train_time:2805284ms step_avg:1697.09ms
step:1664/6200 train_loss:3.6305 train_time:2806977ms step_avg:1697.08ms
step:1665/6200 train_loss:3.6230 train_time:2808671ms step_avg:1697.08ms
step:1666/6200 train_loss:3.7002 train_time:2810367ms step_avg:1697.08ms
step:1667/6200 train_loss:3.6802 train_time:2812060ms step_avg:1697.08ms
step:1668/6200 train_loss:3.4988 train_time:2813754ms step_avg:1697.08ms
step:1669/6200 train_loss:3.5931 train_time:2815448ms step_avg:1697.08ms
step:1670/6200 train_loss:3.4505 train_time:2817143ms step_avg:1697.07ms
step:1671/6200 train_loss:3.6805 train_time:2818834ms step_avg:1697.07ms
step:1672/6200 train_loss:3.5903 train_time:2820526ms step_avg:1697.07ms
step:1673/6200 train_loss:3.5394 train_time:2822219ms step_avg:1697.07ms
step:1674/6200 train_loss:3.7732 train_time:2823913ms step_avg:1697.06ms
step:1675/6200 train_loss:3.6935 train_time:2825606ms step_avg:1697.06ms
step:1676/6200 train_loss:3.5687 train_time:2827300ms step_avg:1697.06ms
step:1677/6200 train_loss:3.3435 train_time:2828992ms step_avg:1697.06ms
step:1678/6200 train_loss:3.3416 train_time:2830682ms step_avg:1697.05ms
step:1679/6200 train_loss:3.6160 train_time:2832376ms step_avg:1697.05ms
step:1680/6200 train_loss:3.7062 train_time:2834071ms step_avg:1697.05ms
step:1681/6200 train_loss:3.6331 train_time:2835765ms step_avg:1697.05ms
step:1682/6200 train_loss:3.5458 train_time:2837459ms step_avg:1697.04ms
step:1683/6200 train_loss:3.5008 train_time:2839153ms step_avg:1697.04ms
step:1684/6200 train_loss:3.7188 train_time:2840848ms step_avg:1697.04ms
step:1685/6200 train_loss:3.6167 train_time:2842540ms step_avg:1697.04ms
step:1686/6200 train_loss:3.5600 train_time:2844236ms step_avg:1697.04ms
step:1687/6200 train_loss:3.5293 train_time:2845932ms step_avg:1697.04ms
step:1688/6200 train_loss:3.3743 train_time:2847626ms step_avg:1697.04ms
step:1689/6200 train_loss:3.5803 train_time:2849320ms step_avg:1697.03ms
step:1690/6200 train_loss:3.5231 train_time:2851013ms step_avg:1697.03ms
step:1691/6200 train_loss:3.6319 train_time:2852706ms step_avg:1697.03ms
step:1692/6200 train_loss:3.3966 train_time:2854400ms step_avg:1697.03ms
step:1693/6200 train_loss:3.5748 train_time:2856096ms step_avg:1697.03ms
step:1694/6200 train_loss:3.5880 train_time:2857792ms step_avg:1697.03ms
step:1695/6200 train_loss:3.5348 train_time:2859489ms step_avg:1697.03ms
step:1696/6200 train_loss:3.6590 train_time:2861181ms step_avg:1697.02ms
step:1697/6200 train_loss:3.9409 train_time:2862879ms step_avg:1697.02ms
step:1698/6200 train_loss:3.5774 train_time:2864575ms step_avg:1697.02ms
step:1699/6200 train_loss:3.4816 train_time:2866268ms step_avg:1697.02ms
step:1700/6200 train_loss:3.6633 train_time:2867961ms step_avg:1697.02ms
step:1701/6200 train_loss:3.6241 train_time:2869654ms step_avg:1697.02ms
step:1702/6200 train_loss:3.6810 train_time:2871349ms step_avg:1697.01ms
step:1703/6200 train_loss:3.6603 train_time:2873043ms step_avg:1697.01ms
step:1704/6200 train_loss:3.5824 train_time:2874739ms step_avg:1697.01ms
step:1705/6200 train_loss:3.6607 train_time:2876437ms step_avg:1697.01ms
step:1706/6200 train_loss:3.6670 train_time:2878134ms step_avg:1697.01ms
step:1707/6200 train_loss:3.6167 train_time:2879829ms step_avg:1697.01ms
step:1708/6200 train_loss:3.6547 train_time:2881526ms step_avg:1697.01ms
step:1709/6200 train_loss:3.5269 train_time:2883223ms step_avg:1697.01ms
step:1710/6200 train_loss:3.6855 train_time:2884920ms step_avg:1697.01ms
step:1711/6200 train_loss:3.6103 train_time:2886615ms step_avg:1697.01ms
step:1712/6200 train_loss:3.6961 train_time:2888313ms step_avg:1697.01ms
step:1713/6200 train_loss:3.5163 train_time:2890016ms step_avg:1697.01ms
step:1714/6200 train_loss:3.6325 train_time:2891710ms step_avg:1697.01ms
step:1715/6200 train_loss:3.4754 train_time:2893406ms step_avg:1697.01ms
step:1716/6200 train_loss:3.5494 train_time:2895102ms step_avg:1697.01ms
step:1717/6200 train_loss:3.6436 train_time:2896798ms step_avg:1697.01ms
step:1718/6200 train_loss:3.5098 train_time:2898495ms step_avg:1697.01ms
step:1719/6200 train_loss:3.7734 train_time:2900191ms step_avg:1697.01ms
step:1720/6200 train_loss:3.5600 train_time:2901888ms step_avg:1697.01ms
step:1721/6200 train_loss:3.5076 train_time:2903585ms step_avg:1697.01ms
step:1722/6200 train_loss:3.6149 train_time:2905283ms step_avg:1697.01ms
step:1723/6200 train_loss:3.6335 train_time:2906986ms step_avg:1697.01ms
step:1724/6200 train_loss:3.5787 train_time:2908686ms step_avg:1697.02ms
step:1725/6200 train_loss:3.5961 train_time:2910386ms step_avg:1697.02ms
step:1726/6200 train_loss:3.6337 train_time:2912086ms step_avg:1697.02ms
step:1727/6200 train_loss:3.6715 train_time:2913786ms step_avg:1697.02ms
step:1728/6200 train_loss:3.7329 train_time:2915485ms step_avg:1697.02ms
step:1729/6200 train_loss:3.8411 train_time:2917181ms step_avg:1697.02ms
step:1730/6200 train_loss:3.9286 train_time:2918878ms step_avg:1697.02ms
step:1731/6200 train_loss:3.3479 train_time:2920578ms step_avg:1697.02ms
step:1732/6200 train_loss:3.6380 train_time:2922280ms step_avg:1697.03ms
step:1733/6200 train_loss:3.7658 train_time:2923981ms step_avg:1697.03ms
step:1734/6200 train_loss:3.5797 train_time:2925679ms step_avg:1697.03ms
step:1735/6200 train_loss:3.5901 train_time:2927383ms step_avg:1697.03ms
step:1736/6200 train_loss:3.5296 train_time:2929081ms step_avg:1697.03ms
step:1737/6200 train_loss:3.5404 train_time:2930781ms step_avg:1697.04ms
step:1738/6200 train_loss:3.5674 train_time:2932480ms step_avg:1697.04ms
step:1739/6200 train_loss:3.6275 train_time:2934179ms step_avg:1697.04ms
step:1740/6200 train_loss:3.6025 train_time:2935881ms step_avg:1697.04ms
step:1741/6200 train_loss:3.5648 train_time:2937580ms step_avg:1697.04ms
step:1742/6200 train_loss:3.6399 train_time:2939280ms step_avg:1697.04ms
step:1743/6200 train_loss:3.7919 train_time:2940978ms step_avg:1697.04ms
step:1744/6200 train_loss:3.6016 train_time:2942676ms step_avg:1697.05ms
step:1745/6200 train_loss:3.5540 train_time:2944374ms step_avg:1697.05ms
step:1746/6200 train_loss:3.6193 train_time:2946070ms step_avg:1697.04ms
step:1747/6200 train_loss:3.5473 train_time:2947765ms step_avg:1697.04ms
step:1748/6200 train_loss:3.9124 train_time:2949460ms step_avg:1697.04ms
step:1749/6200 train_loss:3.6385 train_time:2951156ms step_avg:1697.04ms
step:1750/6200 train_loss:3.5993 train_time:2952854ms step_avg:1697.04ms
step:1750/6200 val_loss:3.5899 train_time:2952868ms step_avg:1697.05ms
step:1751/6200 train_loss:3.5085 train_time:2954556ms step_avg:1697.05ms
step:1752/6200 train_loss:3.5982 train_time:2956250ms step_avg:1697.04ms
step:1753/6200 train_loss:3.6417 train_time:2957948ms step_avg:1697.04ms
step:1754/6200 train_loss:3.7094 train_time:2959645ms step_avg:1697.04ms
step:1755/6200 train_loss:3.6022 train_time:2961341ms step_avg:1697.04ms
step:1756/6200 train_loss:3.6065 train_time:2963036ms step_avg:1697.04ms
step:1757/6200 train_loss:3.5787 train_time:2964735ms step_avg:1697.04ms
step:1758/6200 train_loss:3.5688 train_time:2966432ms step_avg:1697.04ms
step:1759/6200 train_loss:3.7335 train_time:2968130ms step_avg:1697.04ms
step:1760/6200 train_loss:3.5804 train_time:2969830ms step_avg:1697.05ms
step:1761/6200 train_loss:3.6459 train_time:2971529ms step_avg:1697.05ms
step:1762/6200 train_loss:3.3636 train_time:2973225ms step_avg:1697.05ms
step:1763/6200 train_loss:3.8650 train_time:2974923ms step_avg:1697.05ms
step:1764/6200 train_loss:3.5676 train_time:2976619ms step_avg:1697.05ms
step:1765/6200 train_loss:3.4298 train_time:2978312ms step_avg:1697.04ms
step:1766/6200 train_loss:3.6869 train_time:2980008ms step_avg:1697.04ms
step:1767/6200 train_loss:3.5240 train_time:2981706ms step_avg:1697.04ms
step:1768/6200 train_loss:3.6397 train_time:2983403ms step_avg:1697.04ms
step:1769/6200 train_loss:3.8870 train_time:2985101ms step_avg:1697.04ms
step:1770/6200 train_loss:3.4835 train_time:2986797ms step_avg:1697.04ms
step:1771/6200 train_loss:3.4648 train_time:2988497ms step_avg:1697.05ms
step:1772/6200 train_loss:3.5561 train_time:2990193ms step_avg:1697.04ms
step:1773/6200 train_loss:3.6402 train_time:2991889ms step_avg:1697.04ms
step:1774/6200 train_loss:3.4532 train_time:2993584ms step_avg:1697.04ms
step:1775/6200 train_loss:3.7819 train_time:2995280ms step_avg:1697.04ms
step:1776/6200 train_loss:3.6350 train_time:2996973ms step_avg:1697.04ms
step:1777/6200 train_loss:3.6926 train_time:2998667ms step_avg:1697.04ms
step:1778/6200 train_loss:3.4587 train_time:3000362ms step_avg:1697.04ms
step:1779/6200 train_loss:3.5699 train_time:3002056ms step_avg:1697.04ms
step:1780/6200 train_loss:3.6160 train_time:3003752ms step_avg:1697.03ms
step:1781/6200 train_loss:3.6306 train_time:3005447ms step_avg:1697.03ms
step:1782/6200 train_loss:3.5811 train_time:3007143ms step_avg:1697.03ms
step:1783/6200 train_loss:3.7131 train_time:3008839ms step_avg:1697.03ms
step:1784/6200 train_loss:3.4858 train_time:3010535ms step_avg:1697.03ms
step:1785/6200 train_loss:3.3793 train_time:3012232ms step_avg:1697.03ms
step:1786/6200 train_loss:3.7467 train_time:3013929ms step_avg:1697.03ms
step:1787/6200 train_loss:3.5770 train_time:3015626ms step_avg:1697.03ms
step:1788/6200 train_loss:3.6605 train_time:3017323ms step_avg:1697.03ms
step:1789/6200 train_loss:3.5996 train_time:3019021ms step_avg:1697.03ms
step:1790/6200 train_loss:3.5134 train_time:3020717ms step_avg:1697.03ms
step:1791/6200 train_loss:3.7418 train_time:3022415ms step_avg:1697.03ms
step:1792/6200 train_loss:3.4875 train_time:3024111ms step_avg:1697.03ms
step:1793/6200 train_loss:3.5904 train_time:3025805ms step_avg:1697.03ms
step:1794/6200 train_loss:3.5698 train_time:3027500ms step_avg:1697.03ms
step:1795/6200 train_loss:3.5166 train_time:3029195ms step_avg:1697.03ms
step:1796/6200 train_loss:3.5188 train_time:3030891ms step_avg:1697.03ms
step:1797/6200 train_loss:3.6692 train_time:3032590ms step_avg:1697.03ms
step:1798/6200 train_loss:3.5483 train_time:3034287ms step_avg:1697.03ms
step:1799/6200 train_loss:3.3820 train_time:3035983ms step_avg:1697.03ms
step:1800/6200 train_loss:3.5641 train_time:3037680ms step_avg:1697.03ms
step:1801/6200 train_loss:3.8056 train_time:3039382ms step_avg:1697.03ms
step:1802/6200 train_loss:3.4409 train_time:3041077ms step_avg:1697.03ms
step:1803/6200 train_loss:3.5149 train_time:3042774ms step_avg:1697.03ms
step:1804/6200 train_loss:3.4952 train_time:3044471ms step_avg:1697.03ms
step:1805/6200 train_loss:3.7048 train_time:3046167ms step_avg:1697.03ms
step:1806/6200 train_loss:3.7675 train_time:3047865ms step_avg:1697.03ms
step:1807/6200 train_loss:3.8956 train_time:3049562ms step_avg:1697.03ms
step:1808/6200 train_loss:3.6105 train_time:3051260ms step_avg:1697.03ms
step:1809/6200 train_loss:3.3480 train_time:3052956ms step_avg:1697.03ms
step:1810/6200 train_loss:3.5727 train_time:3054653ms step_avg:1697.03ms
step:1811/6200 train_loss:3.7669 train_time:3056353ms step_avg:1697.03ms
step:1812/6200 train_loss:3.5907 train_time:3058052ms step_avg:1697.03ms
step:1813/6200 train_loss:3.6617 train_time:3059752ms step_avg:1697.03ms
step:1814/6200 train_loss:3.5053 train_time:3061448ms step_avg:1697.03ms
step:1815/6200 train_loss:3.5038 train_time:3063146ms step_avg:1697.03ms
step:1816/6200 train_loss:3.7269 train_time:3064844ms step_avg:1697.03ms
step:1817/6200 train_loss:3.6148 train_time:3066540ms step_avg:1697.03ms
step:1818/6200 train_loss:3.7292 train_time:3068238ms step_avg:1697.03ms
step:1819/6200 train_loss:3.4125 train_time:3069933ms step_avg:1697.03ms
step:1820/6200 train_loss:3.7489 train_time:3071628ms step_avg:1697.03ms
step:1821/6200 train_loss:3.6149 train_time:3073325ms step_avg:1697.03ms
step:1822/6200 train_loss:3.8334 train_time:3075021ms step_avg:1697.03ms
step:1823/6200 train_loss:3.6720 train_time:3076719ms step_avg:1697.03ms
step:1824/6200 train_loss:3.7141 train_time:3078416ms step_avg:1697.03ms
step:1825/6200 train_loss:3.5312 train_time:3080111ms step_avg:1697.03ms
step:1826/6200 train_loss:3.6234 train_time:3081808ms step_avg:1697.03ms
step:1827/6200 train_loss:3.5540 train_time:3083505ms step_avg:1697.03ms
step:1828/6200 train_loss:3.6937 train_time:3085202ms step_avg:1697.03ms
step:1829/6200 train_loss:3.4154 train_time:3086897ms step_avg:1697.03ms
step:1830/6200 train_loss:3.3921 train_time:3088596ms step_avg:1697.03ms
step:1831/6200 train_loss:3.5740 train_time:3090292ms step_avg:1697.03ms
step:1832/6200 train_loss:3.6382 train_time:3091988ms step_avg:1697.03ms
step:1833/6200 train_loss:3.6571 train_time:3093686ms step_avg:1697.03ms
step:1834/6200 train_loss:3.5172 train_time:3095386ms step_avg:1697.03ms
step:1835/6200 train_loss:3.7124 train_time:3097084ms step_avg:1697.03ms
step:1836/6200 train_loss:3.5256 train_time:3098783ms step_avg:1697.03ms
step:1837/6200 train_loss:3.5944 train_time:3100483ms step_avg:1697.03ms
step:1838/6200 train_loss:3.5603 train_time:3102184ms step_avg:1697.04ms
step:1839/6200 train_loss:3.5922 train_time:3103882ms step_avg:1697.04ms
step:1840/6200 train_loss:3.5339 train_time:3105579ms step_avg:1697.04ms
step:1841/6200 train_loss:3.4284 train_time:3107276ms step_avg:1697.04ms
step:1842/6200 train_loss:3.5701 train_time:3108977ms step_avg:1697.04ms
step:1843/6200 train_loss:3.6423 train_time:3110675ms step_avg:1697.04ms
step:1844/6200 train_loss:3.5290 train_time:3112371ms step_avg:1697.04ms
step:1845/6200 train_loss:3.7250 train_time:3114070ms step_avg:1697.04ms
step:1846/6200 train_loss:3.5595 train_time:3115769ms step_avg:1697.04ms
step:1847/6200 train_loss:3.4907 train_time:3117466ms step_avg:1697.04ms
step:1848/6200 train_loss:3.6672 train_time:3119164ms step_avg:1697.04ms
step:1849/6200 train_loss:3.7864 train_time:3120863ms step_avg:1697.04ms
step:1850/6200 train_loss:3.5349 train_time:3122565ms step_avg:1697.05ms
step:1851/6200 train_loss:3.7485 train_time:3124261ms step_avg:1697.05ms
step:1852/6200 train_loss:3.6941 train_time:3125958ms step_avg:1697.05ms
step:1853/6200 train_loss:3.7879 train_time:3127655ms step_avg:1697.05ms
step:1854/6200 train_loss:3.6027 train_time:3129353ms step_avg:1697.05ms
step:1855/6200 train_loss:3.5158 train_time:3131051ms step_avg:1697.05ms
step:1856/6200 train_loss:3.6519 train_time:3132749ms step_avg:1697.05ms
step:1857/6200 train_loss:3.6363 train_time:3134447ms step_avg:1697.05ms
step:1858/6200 train_loss:3.4847 train_time:3136144ms step_avg:1697.05ms
step:1859/6200 train_loss:3.5148 train_time:3137839ms step_avg:1697.05ms
step:1860/6200 train_loss:3.3833 train_time:3139532ms step_avg:1697.04ms
step:1861/6200 train_loss:3.6630 train_time:3141226ms step_avg:1697.04ms
step:1862/6200 train_loss:3.4719 train_time:3142920ms step_avg:1697.04ms
step:1863/6200 train_loss:3.5387 train_time:3144614ms step_avg:1697.04ms
step:1864/6200 train_loss:3.7533 train_time:3146310ms step_avg:1697.04ms
step:1865/6200 train_loss:3.5550 train_time:3148006ms step_avg:1697.04ms
step:1866/6200 train_loss:3.6676 train_time:3149703ms step_avg:1697.04ms
step:1867/6200 train_loss:3.6890 train_time:3151399ms step_avg:1697.04ms
step:1868/6200 train_loss:4.2718 train_time:3153091ms step_avg:1697.04ms
step:1869/6200 train_loss:3.5667 train_time:3154785ms step_avg:1697.03ms
step:1870/6200 train_loss:3.4679 train_time:3156479ms step_avg:1697.03ms
step:1871/6200 train_loss:3.3779 train_time:3158174ms step_avg:1697.03ms
step:1872/6200 train_loss:3.6714 train_time:3159870ms step_avg:1697.03ms
step:1873/6200 train_loss:3.5488 train_time:3161562ms step_avg:1697.03ms
step:1874/6200 train_loss:3.6501 train_time:3163253ms step_avg:1697.02ms
step:1875/6200 train_loss:3.4719 train_time:3164946ms step_avg:1697.02ms
step:1875/6200 val_loss:3.5760 train_time:3164961ms step_avg:1697.03ms
step:1876/6200 train_loss:3.4732 train_time:3166650ms step_avg:1697.03ms
step:1877/6200 train_loss:3.9187 train_time:3168341ms step_avg:1697.02ms
step:1878/6200 train_loss:3.4848 train_time:3170033ms step_avg:1697.02ms
step:1879/6200 train_loss:3.6841 train_time:3171726ms step_avg:1697.02ms
step:1880/6200 train_loss:3.6549 train_time:3173417ms step_avg:1697.01ms
step:1881/6200 train_loss:3.4537 train_time:3175110ms step_avg:1697.01ms
step:1882/6200 train_loss:3.3963 train_time:3176806ms step_avg:1697.01ms
step:1883/6200 train_loss:3.7605 train_time:3178502ms step_avg:1697.01ms
step:1884/6200 train_loss:3.5221 train_time:3180198ms step_avg:1697.01ms
step:1885/6200 train_loss:3.5370 train_time:3181894ms step_avg:1697.01ms
step:1886/6200 train_loss:3.5864 train_time:3183593ms step_avg:1697.01ms
step:1887/6200 train_loss:3.4286 train_time:3185286ms step_avg:1697.01ms
step:1888/6200 train_loss:3.6207 train_time:3186982ms step_avg:1697.01ms
step:1889/6200 train_loss:3.4734 train_time:3188676ms step_avg:1697.01ms
step:1890/6200 train_loss:3.5492 train_time:3190374ms step_avg:1697.01ms
step:1891/6200 train_loss:3.6530 train_time:3192069ms step_avg:1697.01ms
step:1892/6200 train_loss:3.4816 train_time:3193764ms step_avg:1697.01ms
step:1893/6200 train_loss:3.6478 train_time:3195460ms step_avg:1697.00ms
step:1894/6200 train_loss:3.5624 train_time:3197157ms step_avg:1697.00ms
step:1895/6200 train_loss:3.4374 train_time:3198850ms step_avg:1697.00ms
step:1896/6200 train_loss:3.5510 train_time:3200546ms step_avg:1697.00ms
step:1897/6200 train_loss:3.4975 train_time:3202240ms step_avg:1697.00ms
step:1898/6200 train_loss:3.6322 train_time:3203937ms step_avg:1697.00ms
step:1899/6200 train_loss:3.5331 train_time:3205633ms step_avg:1697.00ms
step:1900/6200 train_loss:3.5097 train_time:3207332ms step_avg:1697.00ms
step:1901/6200 train_loss:3.8302 train_time:3209029ms step_avg:1697.00ms
step:1902/6200 train_loss:3.3474 train_time:3210723ms step_avg:1697.00ms
step:1903/6200 train_loss:3.6372 train_time:3212415ms step_avg:1697.00ms
step:1904/6200 train_loss:3.5757 train_time:3214108ms step_avg:1696.99ms
step:1905/6200 train_loss:3.5540 train_time:3215801ms step_avg:1696.99ms
step:1906/6200 train_loss:3.4987 train_time:3217495ms step_avg:1696.99ms
step:1907/6200 train_loss:3.4875 train_time:3219187ms step_avg:1696.99ms
step:1908/6200 train_loss:3.4581 train_time:3220884ms step_avg:1696.99ms
step:1909/6200 train_loss:3.5402 train_time:3222576ms step_avg:1696.99ms
step:1910/6200 train_loss:3.3538 train_time:3224269ms step_avg:1696.98ms
step:1911/6200 train_loss:3.6611 train_time:3225963ms step_avg:1696.98ms
step:1912/6200 train_loss:3.5224 train_time:3227659ms step_avg:1696.98ms
step:1913/6200 train_loss:3.6002 train_time:3229352ms step_avg:1696.98ms
step:1914/6200 train_loss:3.6639 train_time:3231046ms step_avg:1696.98ms
step:1915/6200 train_loss:3.6355 train_time:3232735ms step_avg:1696.97ms
step:1916/6200 train_loss:3.3896 train_time:3234427ms step_avg:1696.97ms
step:1917/6200 train_loss:3.0972 train_time:3236123ms step_avg:1696.97ms
step:1918/6200 train_loss:3.4297 train_time:3237818ms step_avg:1696.97ms
step:1919/6200 train_loss:3.6663 train_time:3239510ms step_avg:1696.97ms
step:1920/6200 train_loss:3.5449 train_time:3241203ms step_avg:1696.97ms
step:1921/6200 train_loss:3.5657 train_time:3242896ms step_avg:1696.96ms
step:1922/6200 train_loss:3.4063 train_time:3244588ms step_avg:1696.96ms
step:1923/6200 train_loss:3.5993 train_time:3246282ms step_avg:1696.96ms
step:1924/6200 train_loss:3.5378 train_time:3247975ms step_avg:1696.96ms
step:1925/6200 train_loss:3.5106 train_time:3249672ms step_avg:1696.96ms
step:1926/6200 train_loss:3.4833 train_time:3251366ms step_avg:1696.96ms
step:1927/6200 train_loss:3.4446 train_time:3253061ms step_avg:1696.95ms
step:1928/6200 train_loss:3.7087 train_time:3254756ms step_avg:1696.95ms
step:1929/6200 train_loss:3.6553 train_time:3256454ms step_avg:1696.95ms
step:1930/6200 train_loss:3.6246 train_time:3258146ms step_avg:1696.95ms
step:1931/6200 train_loss:3.5785 train_time:3259838ms step_avg:1696.95ms
step:1932/6200 train_loss:3.5671 train_time:3261531ms step_avg:1696.95ms
step:1933/6200 train_loss:3.4859 train_time:3263225ms step_avg:1696.94ms
step:1934/6200 train_loss:3.5110 train_time:3264917ms step_avg:1696.94ms
step:1935/6200 train_loss:3.4267 train_time:3266611ms step_avg:1696.94ms
step:1936/6200 train_loss:3.5472 train_time:3268302ms step_avg:1696.94ms
step:1937/6200 train_loss:3.5820 train_time:3269996ms step_avg:1696.94ms
step:1938/6200 train_loss:3.4909 train_time:3271691ms step_avg:1696.94ms
step:1939/6200 train_loss:3.4768 train_time:3273389ms step_avg:1696.94ms
step:1940/6200 train_loss:3.3837 train_time:3275083ms step_avg:1696.93ms
step:1941/6200 train_loss:3.6170 train_time:3276779ms step_avg:1696.93ms
step:1942/6200 train_loss:3.7826 train_time:3278472ms step_avg:1696.93ms
step:1943/6200 train_loss:3.4814 train_time:3280170ms step_avg:1696.93ms
step:1944/6200 train_loss:3.5705 train_time:3281866ms step_avg:1696.93ms
step:1945/6200 train_loss:3.8659 train_time:3283562ms step_avg:1696.93ms
step:1946/6200 train_loss:3.5320 train_time:3285258ms step_avg:1696.93ms
step:1947/6200 train_loss:3.7043 train_time:3286953ms step_avg:1696.93ms
step:1948/6200 train_loss:3.4380 train_time:3288647ms step_avg:1696.93ms
step:1949/6200 train_loss:3.4907 train_time:3290343ms step_avg:1696.93ms
step:1950/6200 train_loss:3.3623 train_time:3292038ms step_avg:1696.93ms
step:1951/6200 train_loss:3.6599 train_time:3293732ms step_avg:1696.93ms
step:1952/6200 train_loss:3.6173 train_time:3295429ms step_avg:1696.93ms
step:1953/6200 train_loss:3.7297 train_time:3297124ms step_avg:1696.92ms
step:1954/6200 train_loss:3.6547 train_time:3298820ms step_avg:1696.92ms
step:1955/6200 train_loss:3.4264 train_time:3300519ms step_avg:1696.92ms
step:1956/6200 train_loss:3.3345 train_time:3302214ms step_avg:1696.92ms
step:1957/6200 train_loss:3.7446 train_time:3303913ms step_avg:1696.92ms
step:1958/6200 train_loss:3.6594 train_time:3305610ms step_avg:1696.93ms
step:1959/6200 train_loss:3.5549 train_time:3307307ms step_avg:1696.93ms
step:1960/6200 train_loss:3.3692 train_time:3309006ms step_avg:1696.93ms
step:1961/6200 train_loss:3.6647 train_time:3310704ms step_avg:1696.93ms
step:1962/6200 train_loss:3.6082 train_time:3312400ms step_avg:1696.93ms
step:1963/6200 train_loss:3.5683 train_time:3314095ms step_avg:1696.93ms
step:1964/6200 train_loss:3.5801 train_time:3315793ms step_avg:1696.93ms
step:1965/6200 train_loss:3.4956 train_time:3317488ms step_avg:1696.92ms
step:1966/6200 train_loss:3.5183 train_time:3319186ms step_avg:1696.93ms
step:1967/6200 train_loss:3.6324 train_time:3320883ms step_avg:1696.93ms
step:1968/6200 train_loss:3.3742 train_time:3322581ms step_avg:1696.93ms
step:1969/6200 train_loss:3.4838 train_time:3324277ms step_avg:1696.93ms
step:1970/6200 train_loss:3.8517 train_time:3325973ms step_avg:1696.92ms
step:1971/6200 train_loss:3.4932 train_time:3327670ms step_avg:1696.93ms
step:1972/6200 train_loss:3.6928 train_time:3329366ms step_avg:1696.92ms
step:1973/6200 train_loss:3.7912 train_time:3331062ms step_avg:1696.92ms
step:1974/6200 train_loss:3.5948 train_time:3332760ms step_avg:1696.92ms
step:1975/6200 train_loss:3.6294 train_time:3334456ms step_avg:1696.92ms
step:1976/6200 train_loss:3.5258 train_time:3336155ms step_avg:1696.93ms
step:1977/6200 train_loss:3.5746 train_time:3337851ms step_avg:1696.92ms
step:1978/6200 train_loss:3.9618 train_time:3339544ms step_avg:1696.92ms
step:1979/6200 train_loss:3.4113 train_time:3341239ms step_avg:1696.92ms
step:1980/6200 train_loss:3.5636 train_time:3342934ms step_avg:1696.92ms
step:1981/6200 train_loss:3.6405 train_time:3344632ms step_avg:1696.92ms
step:1982/6200 train_loss:3.5262 train_time:3346330ms step_avg:1696.92ms
step:1983/6200 train_loss:3.6398 train_time:3348027ms step_avg:1696.92ms
step:1984/6200 train_loss:3.7009 train_time:3349726ms step_avg:1696.92ms
step:1985/6200 train_loss:3.3129 train_time:3351426ms step_avg:1696.92ms
step:1986/6200 train_loss:3.5533 train_time:3353122ms step_avg:1696.92ms
step:1987/6200 train_loss:3.6274 train_time:3354818ms step_avg:1696.92ms
step:1988/6200 train_loss:3.4501 train_time:3356516ms step_avg:1696.92ms
step:1989/6200 train_loss:3.5071 train_time:3358213ms step_avg:1696.92ms
step:1990/6200 train_loss:3.7363 train_time:3359911ms step_avg:1696.92ms
step:1991/6200 train_loss:3.5258 train_time:3361607ms step_avg:1696.92ms
step:1992/6200 train_loss:3.4405 train_time:3363304ms step_avg:1696.92ms
step:1993/6200 train_loss:3.4311 train_time:3365001ms step_avg:1696.92ms
step:1994/6200 train_loss:3.8302 train_time:3366697ms step_avg:1696.92ms
step:1995/6200 train_loss:3.5930 train_time:3368394ms step_avg:1696.92ms
step:1996/6200 train_loss:3.3829 train_time:3370088ms step_avg:1696.92ms
step:1997/6200 train_loss:3.6555 train_time:3371781ms step_avg:1696.92ms
step:1998/6200 train_loss:3.4485 train_time:3373478ms step_avg:1696.92ms
step:1999/6200 train_loss:3.6572 train_time:3375172ms step_avg:1696.92ms
step:2000/6200 train_loss:3.6849 train_time:3376869ms step_avg:1696.92ms
step:2000/6200 val_loss:3.5593 train_time:3376884ms step_avg:1696.93ms
step:2001/6200 train_loss:3.5803 train_time:3378576ms step_avg:1696.92ms
step:2002/6200 train_loss:3.7723 train_time:3380273ms step_avg:1696.92ms
step:2003/6200 train_loss:3.6097 train_time:3381971ms step_avg:1696.92ms
step:2004/6200 train_loss:3.7922 train_time:3383667ms step_avg:1696.92ms
step:2005/6200 train_loss:3.4755 train_time:3385362ms step_avg:1696.92ms
step:2006/6200 train_loss:3.4969 train_time:3387061ms step_avg:1696.92ms
step:2007/6200 train_loss:3.6529 train_time:3388758ms step_avg:1696.92ms
step:2008/6200 train_loss:3.6021 train_time:3390452ms step_avg:1696.92ms
step:2009/6200 train_loss:3.6788 train_time:3392146ms step_avg:1696.92ms
step:2010/6200 train_loss:3.5588 train_time:3393840ms step_avg:1696.92ms
step:2011/6200 train_loss:3.3641 train_time:3395535ms step_avg:1696.92ms
step:2012/6200 train_loss:3.5093 train_time:3397229ms step_avg:1696.92ms
step:2013/6200 train_loss:3.6236 train_time:3398921ms step_avg:1696.92ms
step:2014/6200 train_loss:3.6289 train_time:3400618ms step_avg:1696.92ms
step:2015/6200 train_loss:3.9053 train_time:3402313ms step_avg:1696.91ms
step:2016/6200 train_loss:3.4445 train_time:3404007ms step_avg:1696.91ms
step:2017/6200 train_loss:3.4501 train_time:3405701ms step_avg:1696.91ms
step:2018/6200 train_loss:3.5916 train_time:3407394ms step_avg:1696.91ms
step:2019/6200 train_loss:3.3695 train_time:3409086ms step_avg:1696.91ms
step:2020/6200 train_loss:3.6745 train_time:3410777ms step_avg:1696.90ms
step:2021/6200 train_loss:3.8167 train_time:3412473ms step_avg:1696.90ms
step:2022/6200 train_loss:3.5939 train_time:3414169ms step_avg:1696.90ms
step:2023/6200 train_loss:3.5386 train_time:3415865ms step_avg:1696.90ms
step:2024/6200 train_loss:3.5676 train_time:3417560ms step_avg:1696.90ms
step:2025/6200 train_loss:3.3938 train_time:3419254ms step_avg:1696.90ms
step:2026/6200 train_loss:3.4840 train_time:3420951ms step_avg:1696.90ms
step:2027/6200 train_loss:3.4949 train_time:3422648ms step_avg:1696.90ms
step:2028/6200 train_loss:3.6826 train_time:3424346ms step_avg:1696.90ms
step:2029/6200 train_loss:3.4018 train_time:3426042ms step_avg:1696.90ms
step:2030/6200 train_loss:3.8122 train_time:3427740ms step_avg:1696.90ms
step:2031/6200 train_loss:3.4871 train_time:3429434ms step_avg:1696.90ms
step:2032/6200 train_loss:3.7690 train_time:3431133ms step_avg:1696.90ms
step:2033/6200 train_loss:3.8743 train_time:3432830ms step_avg:1696.90ms
step:2034/6200 train_loss:3.3836 train_time:3434528ms step_avg:1696.90ms
step:2035/6200 train_loss:3.6937 train_time:3436223ms step_avg:1696.90ms
step:2036/6200 train_loss:3.4900 train_time:3437918ms step_avg:1696.90ms
step:2037/6200 train_loss:3.5310 train_time:3439611ms step_avg:1696.90ms
step:2038/6200 train_loss:3.2866 train_time:3441306ms step_avg:1696.90ms
step:2039/6200 train_loss:3.4650 train_time:3443002ms step_avg:1696.90ms
step:2040/6200 train_loss:4.0732 train_time:3444700ms step_avg:1696.90ms
step:2041/6200 train_loss:3.6386 train_time:3446395ms step_avg:1696.90ms
step:2042/6200 train_loss:3.5346 train_time:3448093ms step_avg:1696.90ms
step:2043/6200 train_loss:3.5302 train_time:3449789ms step_avg:1696.90ms
step:2044/6200 train_loss:3.4653 train_time:3451487ms step_avg:1696.90ms
step:2045/6200 train_loss:3.8713 train_time:3453185ms step_avg:1696.90ms
step:2046/6200 train_loss:3.5434 train_time:3454886ms step_avg:1696.90ms
step:2047/6200 train_loss:3.4223 train_time:3456584ms step_avg:1696.90ms
step:2048/6200 train_loss:3.7554 train_time:3458279ms step_avg:1696.90ms
step:2049/6200 train_loss:3.3930 train_time:3459973ms step_avg:1696.90ms
step:2050/6200 train_loss:3.4895 train_time:3461668ms step_avg:1696.90ms
step:2051/6200 train_loss:3.6855 train_time:3463364ms step_avg:1696.90ms
step:2052/6200 train_loss:3.6462 train_time:3465062ms step_avg:1696.90ms
step:2053/6200 train_loss:3.5263 train_time:3466758ms step_avg:1696.90ms
step:2054/6200 train_loss:3.6244 train_time:3468453ms step_avg:1696.89ms
step:2055/6200 train_loss:3.5084 train_time:3470148ms step_avg:1696.89ms
step:2056/6200 train_loss:3.5441 train_time:3471848ms step_avg:1696.90ms
step:2057/6200 train_loss:3.6097 train_time:3473546ms step_avg:1696.90ms
step:2058/6200 train_loss:3.6047 train_time:3475243ms step_avg:1696.90ms
step:2059/6200 train_loss:3.6011 train_time:3476938ms step_avg:1696.90ms
step:2060/6200 train_loss:3.5720 train_time:3478635ms step_avg:1696.90ms
step:2061/6200 train_loss:3.5444 train_time:3480330ms step_avg:1696.89ms
step:2062/6200 train_loss:3.6745 train_time:3482023ms step_avg:1696.89ms
step:2063/6200 train_loss:3.4738 train_time:3483719ms step_avg:1696.89ms
step:2064/6200 train_loss:3.6151 train_time:3485416ms step_avg:1696.89ms
step:2065/6200 train_loss:3.6286 train_time:3487113ms step_avg:1696.89ms
step:2066/6200 train_loss:3.5423 train_time:3488809ms step_avg:1696.89ms
step:2067/6200 train_loss:3.6217 train_time:3490506ms step_avg:1696.89ms
step:2068/6200 train_loss:3.5774 train_time:3492202ms step_avg:1696.89ms
step:2069/6200 train_loss:3.5233 train_time:3493897ms step_avg:1696.89ms
step:2070/6200 train_loss:3.6100 train_time:3495590ms step_avg:1696.89ms
step:2071/6200 train_loss:3.7041 train_time:3497286ms step_avg:1696.89ms
step:2072/6200 train_loss:3.5546 train_time:3498982ms step_avg:1696.89ms
step:2073/6200 train_loss:3.8921 train_time:3500676ms step_avg:1696.89ms
step:2074/6200 train_loss:3.2005 train_time:3502371ms step_avg:1696.88ms
step:2075/6200 train_loss:3.6466 train_time:3504067ms step_avg:1696.88ms
step:2076/6200 train_loss:3.6661 train_time:3505762ms step_avg:1696.88ms
step:2077/6200 train_loss:3.4995 train_time:3507456ms step_avg:1696.88ms
step:2078/6200 train_loss:3.6294 train_time:3509149ms step_avg:1696.88ms
step:2079/6200 train_loss:3.4775 train_time:3510842ms step_avg:1696.88ms
step:2080/6200 train_loss:3.5374 train_time:3512535ms step_avg:1696.88ms
step:2081/6200 train_loss:3.8391 train_time:3514231ms step_avg:1696.88ms
step:2082/6200 train_loss:3.5426 train_time:3515926ms step_avg:1696.88ms
step:2083/6200 train_loss:3.5243 train_time:3517622ms step_avg:1696.88ms
step:2084/6200 train_loss:3.4942 train_time:3519316ms step_avg:1696.87ms
step:2085/6200 train_loss:3.5309 train_time:3521011ms step_avg:1696.87ms
step:2086/6200 train_loss:3.5028 train_time:3522708ms step_avg:1696.87ms
step:2087/6200 train_loss:3.4603 train_time:3524406ms step_avg:1696.87ms
step:2088/6200 train_loss:3.3175 train_time:3526104ms step_avg:1696.87ms
step:2089/6200 train_loss:3.6980 train_time:3527799ms step_avg:1696.87ms
step:2090/6200 train_loss:3.4335 train_time:3529497ms step_avg:1696.87ms
step:2091/6200 train_loss:3.6146 train_time:3531192ms step_avg:1696.87ms
step:2092/6200 train_loss:3.8165 train_time:3532886ms step_avg:1696.87ms
step:2093/6200 train_loss:3.5788 train_time:3534584ms step_avg:1696.87ms
step:2094/6200 train_loss:4.2798 train_time:3536279ms step_avg:1696.87ms
step:2095/6200 train_loss:3.5600 train_time:3537973ms step_avg:1696.87ms
step:2096/6200 train_loss:3.5124 train_time:3539668ms step_avg:1696.87ms
step:2097/6200 train_loss:3.5095 train_time:3541363ms step_avg:1696.87ms
step:2098/6200 train_loss:3.2824 train_time:3543060ms step_avg:1696.87ms
step:2099/6200 train_loss:3.5163 train_time:3544755ms step_avg:1696.87ms
step:2100/6200 train_loss:3.5649 train_time:3546447ms step_avg:1696.86ms
step:2101/6200 train_loss:3.4582 train_time:3548140ms step_avg:1696.86ms
step:2102/6200 train_loss:3.5497 train_time:3549834ms step_avg:1696.86ms
step:2103/6200 train_loss:3.6051 train_time:3551531ms step_avg:1696.86ms
step:2104/6200 train_loss:3.6447 train_time:3553227ms step_avg:1696.86ms
step:2105/6200 train_loss:3.9621 train_time:3554925ms step_avg:1696.86ms
step:2106/6200 train_loss:3.5289 train_time:3556621ms step_avg:1696.86ms
step:2107/6200 train_loss:3.6064 train_time:3558319ms step_avg:1696.86ms
step:2108/6200 train_loss:3.5059 train_time:3560018ms step_avg:1696.86ms
step:2109/6200 train_loss:3.6058 train_time:3561717ms step_avg:1696.86ms
step:2110/6200 train_loss:3.5401 train_time:3563413ms step_avg:1696.86ms
step:2111/6200 train_loss:3.3178 train_time:3565114ms step_avg:1696.87ms
step:2112/6200 train_loss:3.5021 train_time:3566811ms step_avg:1696.87ms
step:2113/6200 train_loss:3.7305 train_time:3568510ms step_avg:1696.87ms
step:2114/6200 train_loss:3.5238 train_time:3570209ms step_avg:1696.87ms
step:2115/6200 train_loss:3.4464 train_time:3571911ms step_avg:1696.87ms
step:2116/6200 train_loss:3.4540 train_time:3573613ms step_avg:1696.87ms
step:2117/6200 train_loss:3.5870 train_time:3575313ms step_avg:1696.87ms
step:2118/6200 train_loss:3.4211 train_time:3577014ms step_avg:1696.88ms
step:2119/6200 train_loss:3.6177 train_time:3578714ms step_avg:1696.88ms
step:2120/6200 train_loss:3.3343 train_time:3580412ms step_avg:1696.88ms
step:2121/6200 train_loss:3.7354 train_time:3582110ms step_avg:1696.88ms
step:2122/6200 train_loss:3.6544 train_time:3583809ms step_avg:1696.88ms
step:2123/6200 train_loss:3.4718 train_time:3585509ms step_avg:1696.88ms
step:2124/6200 train_loss:3.5036 train_time:3587207ms step_avg:1696.88ms
step:2125/6200 train_loss:3.4877 train_time:3588906ms step_avg:1696.88ms
step:2125/6200 val_loss:3.5478 train_time:3588920ms step_avg:1696.89ms
step:2126/6200 train_loss:3.5667 train_time:3590613ms step_avg:1696.89ms
step:2127/6200 train_loss:3.5199 train_time:3592308ms step_avg:1696.89ms
step:2128/6200 train_loss:3.6015 train_time:3594003ms step_avg:1696.89ms
step:2129/6200 train_loss:4.0180 train_time:3595699ms step_avg:1696.88ms
step:2130/6200 train_loss:3.3987 train_time:3597392ms step_avg:1696.88ms
step:2131/6200 train_loss:3.4868 train_time:3599087ms step_avg:1696.88ms
step:2132/6200 train_loss:3.4671 train_time:3600784ms step_avg:1696.88ms
step:2133/6200 train_loss:3.6970 train_time:3602478ms step_avg:1696.88ms
step:2134/6200 train_loss:3.4954 train_time:3604175ms step_avg:1696.88ms
step:2135/6200 train_loss:3.6237 train_time:3605871ms step_avg:1696.88ms
step:2136/6200 train_loss:3.4309 train_time:3607566ms step_avg:1696.88ms
step:2137/6200 train_loss:3.6893 train_time:3609264ms step_avg:1696.88ms
step:2138/6200 train_loss:3.5250 train_time:3610961ms step_avg:1696.88ms
step:2139/6200 train_loss:3.6080 train_time:3612657ms step_avg:1696.88ms
step:2140/6200 train_loss:3.5140 train_time:3614352ms step_avg:1696.88ms
step:2141/6200 train_loss:3.7278 train_time:3616048ms step_avg:1696.88ms
step:2142/6200 train_loss:3.4484 train_time:3617745ms step_avg:1696.88ms
step:2143/6200 train_loss:3.4652 train_time:3619442ms step_avg:1696.88ms
step:2144/6200 train_loss:3.6241 train_time:3621139ms step_avg:1696.88ms
step:2145/6200 train_loss:3.6277 train_time:3622838ms step_avg:1696.88ms
step:2146/6200 train_loss:3.4579 train_time:3624535ms step_avg:1696.88ms
step:2147/6200 train_loss:3.5111 train_time:3626232ms step_avg:1696.88ms
step:2148/6200 train_loss:3.5163 train_time:3627928ms step_avg:1696.88ms
step:2149/6200 train_loss:3.5715 train_time:3629623ms step_avg:1696.88ms
step:2150/6200 train_loss:3.4485 train_time:3631321ms step_avg:1696.88ms
step:2151/6200 train_loss:3.5163 train_time:3633018ms step_avg:1696.88ms
step:2152/6200 train_loss:3.4692 train_time:3634716ms step_avg:1696.88ms
step:2153/6200 train_loss:3.5498 train_time:3636411ms step_avg:1696.88ms
step:2154/6200 train_loss:3.7631 train_time:3638108ms step_avg:1696.88ms
step:2155/6200 train_loss:3.5287 train_time:3639805ms step_avg:1696.88ms
step:2156/6200 train_loss:3.4881 train_time:3641502ms step_avg:1696.88ms
step:2157/6200 train_loss:3.4031 train_time:3643198ms step_avg:1696.88ms
step:2158/6200 train_loss:3.5536 train_time:3644896ms step_avg:1696.88ms
step:2159/6200 train_loss:3.7058 train_time:3646596ms step_avg:1696.88ms
step:2160/6200 train_loss:3.7792 train_time:3648295ms step_avg:1696.88ms
step:2161/6200 train_loss:3.6300 train_time:3649991ms step_avg:1696.88ms
step:2162/6200 train_loss:3.4852 train_time:3651690ms step_avg:1696.88ms
step:2163/6200 train_loss:3.3393 train_time:3653387ms step_avg:1696.88ms
step:2164/6200 train_loss:3.5148 train_time:3655082ms step_avg:1696.88ms
step:2165/6200 train_loss:3.6589 train_time:3656778ms step_avg:1696.88ms
step:2166/6200 train_loss:3.5381 train_time:3658472ms step_avg:1696.88ms
step:2167/6200 train_loss:3.6718 train_time:3660165ms step_avg:1696.88ms
step:2168/6200 train_loss:3.8984 train_time:3661858ms step_avg:1696.88ms
step:2169/6200 train_loss:3.5504 train_time:3663552ms step_avg:1696.87ms
step:2170/6200 train_loss:3.7840 train_time:3665247ms step_avg:1696.87ms
step:2171/6200 train_loss:3.5954 train_time:3666943ms step_avg:1696.87ms
step:2172/6200 train_loss:3.5378 train_time:3668639ms step_avg:1696.87ms
step:2173/6200 train_loss:3.6279 train_time:3670338ms step_avg:1696.87ms
step:2174/6200 train_loss:3.5930 train_time:3672032ms step_avg:1696.87ms
step:2175/6200 train_loss:3.6634 train_time:3673727ms step_avg:1696.87ms
step:2176/6200 train_loss:3.5278 train_time:3675420ms step_avg:1696.87ms
step:2177/6200 train_loss:3.6460 train_time:3677116ms step_avg:1696.87ms
step:2178/6200 train_loss:3.5893 train_time:3678808ms step_avg:1696.87ms
step:2179/6200 train_loss:3.6150 train_time:3680502ms step_avg:1696.87ms
step:2180/6200 train_loss:3.3619 train_time:3682193ms step_avg:1696.86ms
step:2181/6200 train_loss:3.8226 train_time:3683887ms step_avg:1696.86ms
step:2182/6200 train_loss:3.5348 train_time:3685583ms step_avg:1696.86ms
step:2183/6200 train_loss:3.5547 train_time:3687281ms step_avg:1696.86ms
step:2184/6200 train_loss:3.4480 train_time:3688977ms step_avg:1696.86ms
step:2185/6200 train_loss:3.5144 train_time:3690672ms step_avg:1696.86ms
step:2186/6200 train_loss:3.6078 train_time:3692368ms step_avg:1696.86ms
step:2187/6200 train_loss:3.4691 train_time:3694064ms step_avg:1696.86ms
step:2188/6200 train_loss:3.4316 train_time:3695761ms step_avg:1696.86ms
step:2189/6200 train_loss:3.5857 train_time:3697455ms step_avg:1696.86ms
step:2190/6200 train_loss:3.4695 train_time:3699149ms step_avg:1696.86ms
step:2191/6200 train_loss:3.3422 train_time:3700844ms step_avg:1696.86ms
step:2192/6200 train_loss:3.4130 train_time:3702543ms step_avg:1696.86ms
step:2193/6200 train_loss:3.5634 train_time:3704240ms step_avg:1696.86ms
step:2194/6200 train_loss:3.4902 train_time:3705936ms step_avg:1696.86ms
step:2195/6200 train_loss:3.4147 train_time:3707634ms step_avg:1696.86ms
step:2196/6200 train_loss:3.6905 train_time:3709331ms step_avg:1696.86ms
step:2197/6200 train_loss:3.6197 train_time:3711028ms step_avg:1696.86ms
step:2198/6200 train_loss:3.8844 train_time:3712721ms step_avg:1696.86ms
step:2199/6200 train_loss:3.4910 train_time:3714418ms step_avg:1696.86ms
step:2200/6200 train_loss:3.5069 train_time:3716111ms step_avg:1696.85ms
step:2201/6200 train_loss:3.4539 train_time:3717807ms step_avg:1696.85ms
step:2202/6200 train_loss:3.8625 train_time:3719500ms step_avg:1696.85ms
step:2203/6200 train_loss:3.5036 train_time:3721195ms step_avg:1696.85ms
step:2204/6200 train_loss:3.5033 train_time:3722895ms step_avg:1696.85ms
step:2205/6200 train_loss:3.7087 train_time:3724591ms step_avg:1696.85ms
step:2206/6200 train_loss:3.7717 train_time:3726288ms step_avg:1696.85ms
step:2207/6200 train_loss:3.5262 train_time:3727984ms step_avg:1696.85ms
step:2208/6200 train_loss:3.4498 train_time:3729679ms step_avg:1696.85ms
step:2209/6200 train_loss:3.3297 train_time:3731373ms step_avg:1696.85ms
step:2210/6200 train_loss:3.5654 train_time:3733068ms step_avg:1696.85ms
step:2211/6200 train_loss:3.4480 train_time:3734764ms step_avg:1696.85ms
step:2212/6200 train_loss:3.4746 train_time:3736461ms step_avg:1696.85ms
step:2213/6200 train_loss:3.5341 train_time:3738157ms step_avg:1696.85ms
step:2214/6200 train_loss:3.4120 train_time:3739852ms step_avg:1696.85ms
step:2215/6200 train_loss:3.6755 train_time:3741550ms step_avg:1696.85ms
step:2216/6200 train_loss:3.5999 train_time:3743246ms step_avg:1696.85ms
step:2217/6200 train_loss:3.3543 train_time:3744942ms step_avg:1696.85ms
step:2218/6200 train_loss:3.6037 train_time:3746639ms step_avg:1696.85ms
step:2219/6200 train_loss:3.4455 train_time:3748335ms step_avg:1696.85ms
step:2220/6200 train_loss:3.2165 train_time:3750031ms step_avg:1696.85ms
step:2221/6200 train_loss:3.5714 train_time:3751727ms step_avg:1696.85ms
step:2222/6200 train_loss:3.5752 train_time:3753423ms step_avg:1696.85ms
step:2223/6200 train_loss:3.4921 train_time:3755119ms step_avg:1696.85ms
step:2224/6200 train_loss:3.5063 train_time:3756817ms step_avg:1696.85ms
step:2225/6200 train_loss:3.9438 train_time:3758514ms step_avg:1696.85ms
step:2226/6200 train_loss:3.5074 train_time:3760212ms step_avg:1696.85ms
step:2227/6200 train_loss:3.6186 train_time:3761909ms step_avg:1696.85ms
step:2228/6200 train_loss:3.5981 train_time:3763605ms step_avg:1696.85ms
step:2229/6200 train_loss:3.6984 train_time:3765303ms step_avg:1696.85ms
step:2230/6200 train_loss:3.6246 train_time:3767001ms step_avg:1696.85ms
step:2231/6200 train_loss:3.3703 train_time:3768701ms step_avg:1696.85ms
step:2232/6200 train_loss:3.5408 train_time:3770399ms step_avg:1696.85ms
step:2233/6200 train_loss:3.5865 train_time:3772096ms step_avg:1696.85ms
step:2234/6200 train_loss:3.4758 train_time:3773792ms step_avg:1696.85ms
step:2235/6200 train_loss:3.6502 train_time:3775491ms step_avg:1696.85ms
step:2236/6200 train_loss:3.3329 train_time:3777189ms step_avg:1696.85ms
step:2237/6200 train_loss:3.5513 train_time:3778886ms step_avg:1696.85ms
step:2238/6200 train_loss:3.4921 train_time:3780585ms step_avg:1696.85ms
step:2239/6200 train_loss:3.4241 train_time:3782283ms step_avg:1696.85ms
step:2240/6200 train_loss:3.6128 train_time:3783980ms step_avg:1696.85ms
step:2241/6200 train_loss:3.2874 train_time:3785677ms step_avg:1696.85ms
step:2242/6200 train_loss:3.4892 train_time:3787373ms step_avg:1696.85ms
step:2243/6200 train_loss:3.5465 train_time:3789070ms step_avg:1696.85ms
step:2244/6200 train_loss:3.4293 train_time:3790764ms step_avg:1696.85ms
step:2245/6200 train_loss:3.4363 train_time:3792462ms step_avg:1696.85ms
step:2246/6200 train_loss:3.5189 train_time:3794161ms step_avg:1696.85ms
step:2247/6200 train_loss:3.3858 train_time:3795858ms step_avg:1696.85ms
step:2248/6200 train_loss:3.5011 train_time:3797555ms step_avg:1696.85ms
step:2249/6200 train_loss:3.5887 train_time:3799251ms step_avg:1696.85ms
step:2250/6200 train_loss:3.6147 train_time:3800944ms step_avg:1696.85ms
step:2250/6200 val_loss:3.5378 train_time:3800958ms step_avg:1696.86ms
step:2251/6200 train_loss:3.6788 train_time:3802649ms step_avg:1696.85ms
step:2252/6200 train_loss:3.5345 train_time:3804346ms step_avg:1696.85ms
step:2253/6200 train_loss:3.4359 train_time:3806044ms step_avg:1696.85ms
step:2254/6200 train_loss:3.6433 train_time:3807741ms step_avg:1696.85ms
step:2255/6200 train_loss:3.4535 train_time:3809441ms step_avg:1696.86ms
step:2256/6200 train_loss:3.7717 train_time:3811140ms step_avg:1696.86ms
step:2257/6200 train_loss:3.8909 train_time:3812838ms step_avg:1696.86ms
step:2258/6200 train_loss:3.5567 train_time:3814532ms step_avg:1696.86ms
step:2259/6200 train_loss:3.8412 train_time:3816228ms step_avg:1696.86ms
step:2260/6200 train_loss:3.3629 train_time:3817920ms step_avg:1696.85ms
step:2261/6200 train_loss:3.5458 train_time:3819616ms step_avg:1696.85ms
step:2262/6200 train_loss:3.6213 train_time:3821310ms step_avg:1696.85ms
step:2263/6200 train_loss:4.0662 train_time:3823002ms step_avg:1696.85ms
step:2264/6200 train_loss:3.5825 train_time:3824698ms step_avg:1696.85ms
step:2265/6200 train_loss:3.4243 train_time:3826391ms step_avg:1696.85ms
step:2266/6200 train_loss:3.6339 train_time:3828088ms step_avg:1696.85ms
step:2267/6200 train_loss:3.5542 train_time:3829784ms step_avg:1696.85ms
step:2268/6200 train_loss:3.4620 train_time:3831476ms step_avg:1696.85ms
step:2269/6200 train_loss:3.3313 train_time:3833171ms step_avg:1696.84ms
step:2270/6200 train_loss:3.5475 train_time:3834865ms step_avg:1696.84ms
step:2271/6200 train_loss:3.5320 train_time:3836562ms step_avg:1696.84ms
step:2272/6200 train_loss:3.5261 train_time:3838257ms step_avg:1696.84ms
step:2273/6200 train_loss:3.4978 train_time:3839950ms step_avg:1696.84ms
step:2274/6200 train_loss:3.4710 train_time:3841644ms step_avg:1696.84ms
step:2275/6200 train_loss:3.3429 train_time:3843339ms step_avg:1696.84ms
step:2276/6200 train_loss:3.3611 train_time:3845033ms step_avg:1696.84ms
step:2277/6200 train_loss:3.6615 train_time:3846729ms step_avg:1696.84ms
step:2278/6200 train_loss:3.3903 train_time:3848424ms step_avg:1696.84ms
step:2279/6200 train_loss:3.4958 train_time:3850117ms step_avg:1696.83ms
step:2280/6200 train_loss:3.4477 train_time:3851809ms step_avg:1696.83ms
step:2281/6200 train_loss:3.9880 train_time:3853502ms step_avg:1696.83ms
step:2282/6200 train_loss:3.5873 train_time:3855194ms step_avg:1696.83ms
step:2283/6200 train_loss:3.4605 train_time:3856890ms step_avg:1696.83ms
step:2284/6200 train_loss:3.5586 train_time:3858585ms step_avg:1696.83ms
step:2285/6200 train_loss:3.5124 train_time:3860283ms step_avg:1696.83ms
step:2286/6200 train_loss:3.3919 train_time:3861979ms step_avg:1696.83ms
step:2287/6200 train_loss:3.4137 train_time:3863671ms step_avg:1696.83ms
step:2288/6200 train_loss:3.4528 train_time:3865366ms step_avg:1696.82ms
step:2289/6200 train_loss:3.6910 train_time:3867062ms step_avg:1696.82ms
step:2290/6200 train_loss:3.6760 train_time:3868757ms step_avg:1696.82ms
step:2291/6200 train_loss:3.5104 train_time:3870452ms step_avg:1696.82ms
step:2292/6200 train_loss:3.3814 train_time:3872148ms step_avg:1696.82ms
step:2293/6200 train_loss:3.5650 train_time:3873842ms step_avg:1696.82ms
step:2294/6200 train_loss:3.5206 train_time:3875537ms step_avg:1696.82ms
step:2295/6200 train_loss:3.4965 train_time:3877229ms step_avg:1696.82ms
step:2296/6200 train_loss:3.6476 train_time:3878924ms step_avg:1696.82ms
step:2297/6200 train_loss:3.3941 train_time:3880618ms step_avg:1696.82ms
step:2298/6200 train_loss:3.5559 train_time:3882314ms step_avg:1696.82ms
step:2299/6200 train_loss:3.3336 train_time:3884012ms step_avg:1696.82ms
step:2300/6200 train_loss:3.5752 train_time:3885713ms step_avg:1696.82ms
step:2301/6200 train_loss:4.0142 train_time:3887409ms step_avg:1696.82ms
step:2302/6200 train_loss:3.4646 train_time:3889105ms step_avg:1696.82ms
step:2303/6200 train_loss:3.5792 train_time:3890802ms step_avg:1696.82ms
step:2304/6200 train_loss:3.4811 train_time:3892501ms step_avg:1696.82ms
step:2305/6200 train_loss:3.6953 train_time:3894198ms step_avg:1696.82ms
step:2306/6200 train_loss:3.5160 train_time:3895897ms step_avg:1696.82ms
step:2307/6200 train_loss:3.3821 train_time:3897593ms step_avg:1696.82ms
step:2308/6200 train_loss:3.4846 train_time:3899287ms step_avg:1696.82ms
step:2309/6200 train_loss:3.5518 train_time:3900983ms step_avg:1696.82ms
step:2310/6200 train_loss:3.4391 train_time:3902680ms step_avg:1696.82ms
step:2311/6200 train_loss:3.5260 train_time:3904377ms step_avg:1696.82ms
step:2312/6200 train_loss:3.5708 train_time:3906072ms step_avg:1696.82ms
step:2313/6200 train_loss:3.5740 train_time:3907768ms step_avg:1696.82ms
step:2314/6200 train_loss:3.6168 train_time:3909460ms step_avg:1696.81ms
step:2315/6200 train_loss:3.4747 train_time:3911153ms step_avg:1696.81ms
step:2316/6200 train_loss:3.6196 train_time:3912847ms step_avg:1696.81ms
step:2317/6200 train_loss:3.4726 train_time:3914541ms step_avg:1696.81ms
step:2318/6200 train_loss:3.8867 train_time:3916237ms step_avg:1696.81ms
step:2319/6200 train_loss:3.6618 train_time:3917933ms step_avg:1696.81ms
step:2320/6200 train_loss:3.4910 train_time:3919628ms step_avg:1696.81ms
step:2321/6200 train_loss:3.4825 train_time:3921324ms step_avg:1696.81ms
step:2322/6200 train_loss:3.5690 train_time:3923020ms step_avg:1696.81ms
step:2323/6200 train_loss:4.0118 train_time:3924715ms step_avg:1696.81ms
step:2324/6200 train_loss:3.6059 train_time:3926409ms step_avg:1696.81ms
step:2325/6200 train_loss:3.8222 train_time:3928105ms step_avg:1696.81ms
step:2326/6200 train_loss:3.7422 train_time:3929799ms step_avg:1696.80ms
step:2327/6200 train_loss:3.6182 train_time:3931493ms step_avg:1696.80ms
step:2328/6200 train_loss:3.8517 train_time:3933184ms step_avg:1696.80ms
step:2329/6200 train_loss:3.4781 train_time:3934877ms step_avg:1696.80ms
step:2330/6200 train_loss:3.5226 train_time:3936572ms step_avg:1696.80ms
step:2331/6200 train_loss:3.4880 train_time:3938267ms step_avg:1696.80ms
step:2332/6200 train_loss:3.3451 train_time:3939962ms step_avg:1696.80ms
step:2333/6200 train_loss:3.5132 train_time:3941658ms step_avg:1696.80ms
step:2334/6200 train_loss:3.3466 train_time:3943352ms step_avg:1696.79ms
step:2335/6200 train_loss:3.5514 train_time:3945045ms step_avg:1696.79ms
step:2336/6200 train_loss:4.2574 train_time:3946738ms step_avg:1696.79ms
step:2337/6200 train_loss:3.4562 train_time:3948431ms step_avg:1696.79ms
step:2338/6200 train_loss:3.5696 train_time:3950123ms step_avg:1696.79ms
step:2339/6200 train_loss:3.4947 train_time:3951814ms step_avg:1696.79ms
step:2340/6200 train_loss:3.5183 train_time:3953508ms step_avg:1696.78ms
step:2341/6200 train_loss:3.6520 train_time:3955201ms step_avg:1696.78ms
step:2342/6200 train_loss:3.5488 train_time:3956895ms step_avg:1696.78ms
step:2343/6200 train_loss:3.4530 train_time:3958590ms step_avg:1696.78ms
step:2344/6200 train_loss:3.4824 train_time:3960285ms step_avg:1696.78ms
step:2345/6200 train_loss:3.5456 train_time:3961977ms step_avg:1696.78ms
step:2346/6200 train_loss:3.5086 train_time:3963671ms step_avg:1696.78ms
step:2347/6200 train_loss:3.7131 train_time:3965367ms step_avg:1696.78ms
step:2348/6200 train_loss:3.5859 train_time:3967062ms step_avg:1696.78ms
step:2349/6200 train_loss:3.5179 train_time:3968757ms step_avg:1696.78ms
step:2350/6200 train_loss:3.4983 train_time:3970454ms step_avg:1696.78ms
step:2351/6200 train_loss:3.5369 train_time:3972150ms step_avg:1696.78ms
step:2352/6200 train_loss:3.4979 train_time:3973848ms step_avg:1696.78ms
step:2353/6200 train_loss:3.5075 train_time:3975543ms step_avg:1696.77ms
step:2354/6200 train_loss:3.4624 train_time:3977242ms step_avg:1696.78ms
step:2355/6200 train_loss:3.5407 train_time:3978938ms step_avg:1696.78ms
step:2356/6200 train_loss:3.4704 train_time:3980635ms step_avg:1696.78ms
step:2357/6200 train_loss:3.5533 train_time:3982330ms step_avg:1696.77ms
step:2358/6200 train_loss:3.8424 train_time:3984027ms step_avg:1696.77ms
step:2359/6200 train_loss:3.6384 train_time:3985723ms step_avg:1696.77ms
step:2360/6200 train_loss:3.4788 train_time:3987415ms step_avg:1696.77ms
step:2361/6200 train_loss:3.5520 train_time:3989108ms step_avg:1696.77ms
step:2362/6200 train_loss:3.4602 train_time:3990799ms step_avg:1696.77ms
step:2363/6200 train_loss:3.4645 train_time:3992495ms step_avg:1696.77ms
step:2364/6200 train_loss:3.5387 train_time:3994187ms step_avg:1696.77ms
step:2365/6200 train_loss:3.4245 train_time:3995881ms step_avg:1696.76ms
step:2366/6200 train_loss:3.5826 train_time:3997573ms step_avg:1696.76ms
step:2367/6200 train_loss:3.4938 train_time:3999267ms step_avg:1696.76ms
step:2368/6200 train_loss:3.4423 train_time:4000963ms step_avg:1696.76ms
step:2369/6200 train_loss:3.4213 train_time:4002660ms step_avg:1696.76ms
step:2370/6200 train_loss:3.6077 train_time:4004356ms step_avg:1696.76ms
step:2371/6200 train_loss:3.5305 train_time:4006050ms step_avg:1696.76ms
step:2372/6200 train_loss:3.3055 train_time:4007743ms step_avg:1696.76ms
step:2373/6200 train_loss:3.5224 train_time:4009437ms step_avg:1696.76ms
step:2374/6200 train_loss:3.5454 train_time:4011132ms step_avg:1696.76ms
step:2375/6200 train_loss:3.6951 train_time:4012829ms step_avg:1696.76ms
step:2375/6200 val_loss:3.5337 train_time:4012843ms step_avg:1696.76ms
step:2376/6200 train_loss:3.5540 train_time:4014533ms step_avg:1696.76ms
step:2377/6200 train_loss:4.0988 train_time:4016232ms step_avg:1696.76ms
step:2378/6200 train_loss:3.4973 train_time:4017930ms step_avg:1696.76ms
step:2379/6200 train_loss:3.3688 train_time:4019628ms step_avg:1696.76ms
step:2380/6200 train_loss:3.3975 train_time:4021326ms step_avg:1696.76ms
step:2381/6200 train_loss:3.5705 train_time:4023023ms step_avg:1696.76ms
step:2382/6200 train_loss:3.4898 train_time:4024721ms step_avg:1696.76ms
step:2383/6200 train_loss:3.5494 train_time:4026419ms step_avg:1696.76ms
step:2384/6200 train_loss:3.4942 train_time:4028115ms step_avg:1696.76ms
step:2385/6200 train_loss:3.3824 train_time:4029811ms step_avg:1696.76ms
step:2386/6200 train_loss:3.3981 train_time:4031507ms step_avg:1696.76ms
step:2387/6200 train_loss:3.5326 train_time:4033202ms step_avg:1696.76ms
step:2388/6200 train_loss:3.3337 train_time:4034900ms step_avg:1696.76ms
step:2389/6200 train_loss:3.2359 train_time:4036601ms step_avg:1696.76ms
step:2390/6200 train_loss:3.5979 train_time:4038300ms step_avg:1696.76ms
step:2391/6200 train_loss:3.8059 train_time:4039999ms step_avg:1696.77ms
step:2392/6200 train_loss:3.4264 train_time:4041695ms step_avg:1696.77ms
step:2393/6200 train_loss:3.4877 train_time:4043393ms step_avg:1696.77ms
step:2394/6200 train_loss:3.6069 train_time:4045091ms step_avg:1696.77ms
step:2395/6200 train_loss:3.4803 train_time:4046788ms step_avg:1696.77ms
step:2396/6200 train_loss:3.6497 train_time:4048484ms step_avg:1696.77ms
step:2397/6200 train_loss:3.6364 train_time:4050185ms step_avg:1696.77ms
step:2398/6200 train_loss:3.5375 train_time:4051881ms step_avg:1696.77ms
step:2399/6200 train_loss:3.5867 train_time:4053577ms step_avg:1696.77ms
step:2400/6200 train_loss:3.5510 train_time:4055272ms step_avg:1696.77ms
step:2401/6200 train_loss:3.5675 train_time:4056969ms step_avg:1696.77ms
step:2402/6200 train_loss:3.6826 train_time:4058668ms step_avg:1696.77ms
step:2403/6200 train_loss:3.4516 train_time:4060367ms step_avg:1696.77ms
step:2404/6200 train_loss:3.3946 train_time:4062068ms step_avg:1696.77ms
step:2405/6200 train_loss:3.5550 train_time:4063770ms step_avg:1696.77ms
step:2406/6200 train_loss:3.3178 train_time:4065470ms step_avg:1696.77ms
step:2407/6200 train_loss:3.4922 train_time:4067168ms step_avg:1696.77ms
step:2408/6200 train_loss:3.6611 train_time:4068867ms step_avg:1696.78ms
step:2409/6200 train_loss:3.6079 train_time:4070569ms step_avg:1696.78ms
step:2410/6200 train_loss:3.4131 train_time:4072267ms step_avg:1696.78ms
step:2411/6200 train_loss:3.5864 train_time:4073966ms step_avg:1696.78ms
step:2412/6200 train_loss:3.3111 train_time:4075664ms step_avg:1696.78ms
step:2413/6200 train_loss:3.5506 train_time:4077362ms step_avg:1696.78ms
step:2414/6200 train_loss:3.4762 train_time:4079060ms step_avg:1696.78ms
step:2415/6200 train_loss:3.5749 train_time:4080758ms step_avg:1696.78ms
step:2416/6200 train_loss:3.4398 train_time:4082457ms step_avg:1696.78ms
step:2417/6200 train_loss:3.0880 train_time:4084156ms step_avg:1696.78ms
step:2418/6200 train_loss:3.3561 train_time:4085858ms step_avg:1696.78ms
step:2419/6200 train_loss:3.7390 train_time:4087558ms step_avg:1696.79ms
step:2420/6200 train_loss:3.4618 train_time:4089257ms step_avg:1696.79ms
step:2421/6200 train_loss:3.3631 train_time:4090953ms step_avg:1696.79ms
step:2422/6200 train_loss:3.5358 train_time:4092652ms step_avg:1696.79ms
step:2423/6200 train_loss:3.5330 train_time:4094348ms step_avg:1696.79ms
step:2424/6200 train_loss:3.4935 train_time:4096045ms step_avg:1696.79ms
step:2425/6200 train_loss:3.5716 train_time:4097743ms step_avg:1696.79ms
step:2426/6200 train_loss:3.4568 train_time:4099440ms step_avg:1696.79ms
step:2427/6200 train_loss:3.4376 train_time:4101137ms step_avg:1696.79ms
step:2428/6200 train_loss:3.3504 train_time:4102835ms step_avg:1696.79ms
step:2429/6200 train_loss:4.4494 train_time:4104534ms step_avg:1696.79ms
step:2430/6200 train_loss:3.4012 train_time:4106234ms step_avg:1696.79ms
step:2431/6200 train_loss:3.4586 train_time:4107935ms step_avg:1696.79ms
step:2432/6200 train_loss:3.4651 train_time:4109631ms step_avg:1696.79ms
step:2433/6200 train_loss:3.4509 train_time:4111329ms step_avg:1696.79ms
step:2434/6200 train_loss:3.6246 train_time:4113026ms step_avg:1696.79ms
step:2435/6200 train_loss:3.4640 train_time:4114724ms step_avg:1696.79ms
step:2436/6200 train_loss:3.5627 train_time:4116422ms step_avg:1696.79ms
step:2437/6200 train_loss:3.5699 train_time:4118119ms step_avg:1696.79ms
step:2438/6200 train_loss:3.5154 train_time:4119815ms step_avg:1696.79ms
step:2439/6200 train_loss:3.4369 train_time:4121512ms step_avg:1696.79ms
step:2440/6200 train_loss:3.5349 train_time:4123211ms step_avg:1696.79ms
step:2441/6200 train_loss:3.6184 train_time:4124909ms step_avg:1696.80ms
step:2442/6200 train_loss:3.4239 train_time:4126607ms step_avg:1696.80ms
step:2443/6200 train_loss:3.5053 train_time:4128304ms step_avg:1696.80ms
step:2444/6200 train_loss:3.4840 train_time:4130006ms step_avg:1696.80ms
step:2445/6200 train_loss:3.3742 train_time:4131708ms step_avg:1696.80ms
step:2446/6200 train_loss:3.4711 train_time:4133409ms step_avg:1696.80ms
step:2447/6200 train_loss:3.6386 train_time:4135107ms step_avg:1696.80ms
step:2448/6200 train_loss:3.4554 train_time:4136804ms step_avg:1696.80ms
step:2449/6200 train_loss:3.5169 train_time:4138501ms step_avg:1696.80ms
step:2450/6200 train_loss:3.4077 train_time:4140200ms step_avg:1696.80ms
step:2451/6200 train_loss:3.4321 train_time:4141898ms step_avg:1696.80ms
step:2452/6200 train_loss:3.5406 train_time:4143594ms step_avg:1696.80ms
step:2453/6200 train_loss:3.5132 train_time:4145292ms step_avg:1696.80ms
step:2454/6200 train_loss:3.5002 train_time:4146990ms step_avg:1696.80ms
step:2455/6200 train_loss:3.5415 train_time:4148690ms step_avg:1696.81ms
step:2456/6200 train_loss:3.6328 train_time:4150386ms step_avg:1696.81ms
step:2457/6200 train_loss:3.7971 train_time:4152084ms step_avg:1696.81ms
step:2458/6200 train_loss:3.7157 train_time:4153780ms step_avg:1696.81ms
step:2459/6200 train_loss:4.0435 train_time:4155477ms step_avg:1696.81ms
step:2460/6200 train_loss:3.3733 train_time:4157172ms step_avg:1696.81ms
step:2461/6200 train_loss:3.6834 train_time:4158868ms step_avg:1696.80ms
step:2462/6200 train_loss:3.4462 train_time:4160566ms step_avg:1696.80ms
step:2463/6200 train_loss:3.7653 train_time:4162264ms step_avg:1696.81ms
step:2464/6200 train_loss:3.5586 train_time:4163963ms step_avg:1696.81ms
step:2465/6200 train_loss:3.3179 train_time:4165664ms step_avg:1696.81ms
step:2466/6200 train_loss:3.5380 train_time:4167363ms step_avg:1696.81ms
step:2467/6200 train_loss:3.4389 train_time:4169063ms step_avg:1696.81ms
step:2468/6200 train_loss:3.5340 train_time:4170759ms step_avg:1696.81ms
step:2469/6200 train_loss:3.6100 train_time:4172455ms step_avg:1696.81ms
step:2470/6200 train_loss:3.7651 train_time:4174150ms step_avg:1696.81ms
step:2471/6200 train_loss:3.5289 train_time:4175847ms step_avg:1696.81ms
step:2472/6200 train_loss:3.7912 train_time:4177544ms step_avg:1696.81ms
step:2473/6200 train_loss:3.3829 train_time:4179244ms step_avg:1696.81ms
step:2474/6200 train_loss:3.8969 train_time:4180943ms step_avg:1696.81ms
step:2475/6200 train_loss:3.4473 train_time:4182640ms step_avg:1696.81ms
step:2476/6200 train_loss:3.4264 train_time:4184338ms step_avg:1696.81ms
step:2477/6200 train_loss:3.3183 train_time:4186036ms step_avg:1696.81ms
step:2478/6200 train_loss:3.4438 train_time:4187735ms step_avg:1696.81ms
step:2479/6200 train_loss:3.5035 train_time:4189656ms step_avg:1696.90ms
step:2480/6200 train_loss:3.5257 train_time:4191357ms step_avg:1696.91ms
step:2481/6200 train_loss:3.6881 train_time:4193056ms step_avg:1696.91ms
step:2482/6200 train_loss:3.4985 train_time:4194757ms step_avg:1696.91ms
step:2483/6200 train_loss:3.8616 train_time:4196460ms step_avg:1696.91ms
step:2484/6200 train_loss:3.4563 train_time:4198162ms step_avg:1696.91ms
step:2485/6200 train_loss:3.8265 train_time:4199866ms step_avg:1696.92ms
step:2486/6200 train_loss:3.4792 train_time:4201566ms step_avg:1696.92ms
step:2487/6200 train_loss:3.6529 train_time:4203268ms step_avg:1696.92ms
step:2488/6200 train_loss:3.3495 train_time:4204970ms step_avg:1696.92ms
step:2489/6200 train_loss:3.3747 train_time:4206671ms step_avg:1696.92ms
step:2490/6200 train_loss:3.4018 train_time:4208371ms step_avg:1696.92ms
step:2491/6200 train_loss:3.4935 train_time:4210070ms step_avg:1696.92ms
step:2492/6200 train_loss:3.5519 train_time:4211769ms step_avg:1696.93ms
step:2493/6200 train_loss:3.6896 train_time:4213468ms step_avg:1696.93ms
step:2494/6200 train_loss:3.6648 train_time:4215169ms step_avg:1696.93ms
step:2495/6200 train_loss:3.5070 train_time:4216869ms step_avg:1696.93ms
step:2496/6200 train_loss:3.6297 train_time:4218568ms step_avg:1696.93ms
step:2497/6200 train_loss:3.4825 train_time:4220268ms step_avg:1696.93ms
step:2498/6200 train_loss:3.8349 train_time:4221969ms step_avg:1696.93ms
step:2499/6200 train_loss:3.4168 train_time:4223666ms step_avg:1696.93ms
step:2500/6200 train_loss:3.5216 train_time:4225367ms step_avg:1696.93ms
step:2500/6200 val_loss:3.5217 train_time:4225381ms step_avg:1696.94ms
step:2501/6200 train_loss:3.4346 train_time:4227070ms step_avg:1696.94ms
step:2502/6200 train_loss:3.3359 train_time:4228766ms step_avg:1696.94ms
step:2503/6200 train_loss:3.5391 train_time:4230458ms step_avg:1696.93ms
step:2504/6200 train_loss:3.5097 train_time:4232148ms step_avg:1696.93ms
step:2505/6200 train_loss:3.4986 train_time:4233842ms step_avg:1696.93ms
step:2506/6200 train_loss:3.5143 train_time:4235536ms step_avg:1696.93ms
step:2507/6200 train_loss:3.6233 train_time:4237229ms step_avg:1696.93ms
step:2508/6200 train_loss:3.5649 train_time:4238921ms step_avg:1696.93ms
step:2509/6200 train_loss:3.4146 train_time:4240617ms step_avg:1696.93ms
step:2510/6200 train_loss:3.5675 train_time:4242311ms step_avg:1696.92ms
step:2511/6200 train_loss:3.5419 train_time:4244007ms step_avg:1696.92ms
step:2512/6200 train_loss:3.7709 train_time:4245701ms step_avg:1696.92ms
step:2513/6200 train_loss:3.3781 train_time:4247397ms step_avg:1696.92ms
step:2514/6200 train_loss:3.5489 train_time:4249093ms step_avg:1696.92ms
step:2515/6200 train_loss:3.4636 train_time:4250790ms step_avg:1696.92ms
step:2516/6200 train_loss:3.3289 train_time:4252481ms step_avg:1696.92ms
step:2517/6200 train_loss:3.5178 train_time:4254175ms step_avg:1696.92ms
step:2518/6200 train_loss:3.4394 train_time:4255868ms step_avg:1696.92ms
step:2519/6200 train_loss:3.4893 train_time:4257562ms step_avg:1696.92ms
step:2520/6200 train_loss:3.4592 train_time:4259256ms step_avg:1696.91ms
step:2521/6200 train_loss:3.4304 train_time:4260947ms step_avg:1696.91ms
step:2522/6200 train_loss:3.3764 train_time:4262639ms step_avg:1696.91ms
step:2523/6200 train_loss:3.6944 train_time:4264331ms step_avg:1696.91ms
step:2524/6200 train_loss:3.4232 train_time:4266023ms step_avg:1696.91ms
step:2525/6200 train_loss:3.6252 train_time:4267715ms step_avg:1696.90ms
step:2526/6200 train_loss:3.4866 train_time:4269410ms step_avg:1696.90ms
step:2527/6200 train_loss:3.4647 train_time:4271103ms step_avg:1696.90ms
step:2528/6200 train_loss:3.4008 train_time:4272793ms step_avg:1696.90ms
step:2529/6200 train_loss:3.5418 train_time:4274486ms step_avg:1696.90ms
step:2530/6200 train_loss:3.6425 train_time:4276177ms step_avg:1696.90ms
step:2531/6200 train_loss:3.5797 train_time:4277872ms step_avg:1696.89ms
step:2532/6200 train_loss:3.6013 train_time:4279564ms step_avg:1696.89ms
step:2533/6200 train_loss:3.5701 train_time:4281258ms step_avg:1696.89ms
step:2534/6200 train_loss:3.4570 train_time:4282948ms step_avg:1696.89ms
step:2535/6200 train_loss:3.4314 train_time:4284642ms step_avg:1696.89ms
step:2536/6200 train_loss:3.5482 train_time:4286335ms step_avg:1696.89ms
step:2537/6200 train_loss:3.4562 train_time:4288028ms step_avg:1696.88ms
step:2538/6200 train_loss:3.5718 train_time:4289723ms step_avg:1696.88ms
step:2539/6200 train_loss:3.5441 train_time:4291418ms step_avg:1696.88ms
step:2540/6200 train_loss:3.5986 train_time:4293114ms step_avg:1696.88ms
step:2541/6200 train_loss:3.5103 train_time:4294808ms step_avg:1696.88ms
step:2542/6200 train_loss:3.8583 train_time:4296497ms step_avg:1696.88ms
step:2543/6200 train_loss:3.8180 train_time:4298192ms step_avg:1696.88ms
step:2544/6200 train_loss:3.3513 train_time:4299887ms step_avg:1696.88ms
step:2545/6200 train_loss:3.6317 train_time:4301583ms step_avg:1696.88ms
step:2546/6200 train_loss:3.4665 train_time:4303278ms step_avg:1696.88ms
step:2547/6200 train_loss:3.3400 train_time:4304969ms step_avg:1696.87ms
step:2548/6200 train_loss:3.4394 train_time:4306665ms step_avg:1696.87ms
step:2549/6200 train_loss:3.4639 train_time:4308358ms step_avg:1696.87ms
step:2550/6200 train_loss:3.1236 train_time:4310053ms step_avg:1696.87ms
step:2551/6200 train_loss:3.4717 train_time:4311752ms step_avg:1696.87ms
step:2552/6200 train_loss:3.4729 train_time:4313451ms step_avg:1696.87ms
step:2553/6200 train_loss:3.5749 train_time:4315146ms step_avg:1696.87ms
step:2554/6200 train_loss:3.4103 train_time:4316842ms step_avg:1696.87ms
step:2555/6200 train_loss:3.6549 train_time:4318540ms step_avg:1696.87ms
step:2556/6200 train_loss:3.3698 train_time:4320237ms step_avg:1696.87ms
step:2557/6200 train_loss:3.4344 train_time:4321929ms step_avg:1696.87ms
step:2558/6200 train_loss:3.6089 train_time:4323625ms step_avg:1696.87ms
step:2559/6200 train_loss:3.5518 train_time:4325319ms step_avg:1696.87ms
step:2560/6200 train_loss:3.6263 train_time:4327014ms step_avg:1696.87ms
step:2561/6200 train_loss:3.4752 train_time:4328708ms step_avg:1696.87ms
step:2562/6200 train_loss:3.4799 train_time:4330402ms step_avg:1696.87ms
step:2563/6200 train_loss:3.5319 train_time:4332096ms step_avg:1696.86ms
step:2564/6200 train_loss:3.8934 train_time:4333793ms step_avg:1696.86ms
step:2565/6200 train_loss:3.5171 train_time:4335488ms step_avg:1696.86ms
step:2566/6200 train_loss:3.6286 train_time:4337185ms step_avg:1696.86ms
step:2567/6200 train_loss:3.4490 train_time:4338881ms step_avg:1696.86ms
step:2568/6200 train_loss:3.6099 train_time:4340575ms step_avg:1696.86ms
step:2569/6200 train_loss:3.4360 train_time:4342272ms step_avg:1696.86ms
step:2570/6200 train_loss:3.5761 train_time:4343968ms step_avg:1696.86ms
step:2571/6200 train_loss:3.4898 train_time:4345666ms step_avg:1696.86ms
step:2572/6200 train_loss:3.3401 train_time:4347361ms step_avg:1696.86ms
step:2573/6200 train_loss:3.4341 train_time:4349058ms step_avg:1696.86ms
step:2574/6200 train_loss:3.5352 train_time:4350760ms step_avg:1696.86ms
step:2575/6200 train_loss:3.4177 train_time:4352456ms step_avg:1696.86ms
step:2576/6200 train_loss:3.5531 train_time:4354154ms step_avg:1696.86ms
step:2577/6200 train_loss:3.5185 train_time:4355850ms step_avg:1696.86ms
step:2578/6200 train_loss:3.4746 train_time:4357546ms step_avg:1696.86ms
step:2579/6200 train_loss:3.3310 train_time:4359241ms step_avg:1696.86ms
step:2580/6200 train_loss:3.5380 train_time:4360937ms step_avg:1696.86ms
step:2581/6200 train_loss:3.5378 train_time:4362633ms step_avg:1696.86ms
step:2582/6200 train_loss:3.4111 train_time:4364327ms step_avg:1696.86ms
step:2583/6200 train_loss:3.4743 train_time:4366023ms step_avg:1696.86ms
step:2584/6200 train_loss:3.4669 train_time:4367719ms step_avg:1696.86ms
step:2585/6200 train_loss:3.5689 train_time:4369415ms step_avg:1696.86ms
step:2586/6200 train_loss:3.5913 train_time:4371108ms step_avg:1696.86ms
step:2587/6200 train_loss:3.5799 train_time:4372803ms step_avg:1696.86ms
step:2588/6200 train_loss:3.5355 train_time:4374501ms step_avg:1696.86ms
step:2589/6200 train_loss:3.5300 train_time:4376194ms step_avg:1696.86ms
step:2590/6200 train_loss:3.4820 train_time:4377890ms step_avg:1696.86ms
step:2591/6200 train_loss:3.3772 train_time:4379583ms step_avg:1696.86ms
step:2592/6200 train_loss:3.4790 train_time:4381277ms step_avg:1696.85ms
step:2593/6200 train_loss:3.5463 train_time:4382974ms step_avg:1696.85ms
step:2594/6200 train_loss:3.5152 train_time:4384673ms step_avg:1696.85ms
step:2595/6200 train_loss:3.6552 train_time:4386371ms step_avg:1696.86ms
step:2596/6200 train_loss:3.6495 train_time:4388069ms step_avg:1696.86ms
step:2597/6200 train_loss:3.6150 train_time:4389768ms step_avg:1696.86ms
step:2598/6200 train_loss:3.4179 train_time:4391465ms step_avg:1696.86ms
step:2599/6200 train_loss:3.4118 train_time:4393162ms step_avg:1696.86ms
step:2600/6200 train_loss:3.3924 train_time:4394855ms step_avg:1696.86ms
step:2601/6200 train_loss:3.6946 train_time:4396550ms step_avg:1696.85ms
step:2602/6200 train_loss:3.6624 train_time:4398246ms step_avg:1696.85ms
step:2603/6200 train_loss:3.4641 train_time:4399942ms step_avg:1696.85ms
step:2604/6200 train_loss:3.6374 train_time:4401636ms step_avg:1696.85ms
step:2605/6200 train_loss:3.3627 train_time:4403331ms step_avg:1696.85ms
step:2606/6200 train_loss:3.6178 train_time:4405025ms step_avg:1696.85ms
step:2607/6200 train_loss:3.4643 train_time:4406720ms step_avg:1696.85ms
step:2608/6200 train_loss:3.4049 train_time:4408418ms step_avg:1696.85ms
step:2609/6200 train_loss:3.6235 train_time:4410115ms step_avg:1696.85ms
step:2610/6200 train_loss:3.7458 train_time:4411811ms step_avg:1696.85ms
step:2611/6200 train_loss:3.4334 train_time:4413508ms step_avg:1696.85ms
step:2612/6200 train_loss:3.4049 train_time:4415203ms step_avg:1696.85ms
step:2613/6200 train_loss:3.3806 train_time:4416899ms step_avg:1696.85ms
step:2614/6200 train_loss:3.5123 train_time:4418596ms step_avg:1696.85ms
step:2615/6200 train_loss:3.9217 train_time:4420293ms step_avg:1696.85ms
step:2616/6200 train_loss:3.5442 train_time:4421992ms step_avg:1696.85ms
step:2617/6200 train_loss:3.4126 train_time:4423692ms step_avg:1696.85ms
step:2618/6200 train_loss:3.5566 train_time:4425391ms step_avg:1696.85ms
step:2619/6200 train_loss:3.6133 train_time:4427087ms step_avg:1696.85ms
step:2620/6200 train_loss:3.4764 train_time:4428788ms step_avg:1696.85ms
step:2621/6200 train_loss:3.3221 train_time:4430486ms step_avg:1696.85ms
step:2622/6200 train_loss:3.5456 train_time:4432182ms step_avg:1696.85ms
step:2623/6200 train_loss:3.2012 train_time:4433881ms step_avg:1696.85ms
step:2624/6200 train_loss:3.5529 train_time:4435578ms step_avg:1696.85ms
step:2625/6200 train_loss:3.8976 train_time:4437277ms step_avg:1696.86ms
step:2625/6200 val_loss:3.5110 train_time:4437291ms step_avg:1696.86ms
step:2626/6200 train_loss:3.6120 train_time:4438982ms step_avg:1696.86ms
step:2627/6200 train_loss:3.5773 train_time:4440678ms step_avg:1696.86ms
step:2628/6200 train_loss:3.5264 train_time:4442376ms step_avg:1696.86ms
step:2629/6200 train_loss:3.5708 train_time:4444074ms step_avg:1696.86ms
step:2630/6200 train_loss:3.5061 train_time:4445772ms step_avg:1696.86ms
step:2631/6200 train_loss:3.4106 train_time:4447468ms step_avg:1696.86ms
step:2632/6200 train_loss:3.5566 train_time:4449166ms step_avg:1696.86ms
step:2633/6200 train_loss:3.3861 train_time:4450862ms step_avg:1696.86ms
step:2634/6200 train_loss:3.5325 train_time:4452560ms step_avg:1696.86ms
step:2635/6200 train_loss:3.4942 train_time:4454256ms step_avg:1696.86ms
step:2636/6200 train_loss:3.5238 train_time:4455953ms step_avg:1696.86ms
step:2637/6200 train_loss:3.4507 train_time:4457651ms step_avg:1696.86ms
step:2638/6200 train_loss:3.5658 train_time:4459350ms step_avg:1696.86ms
step:2639/6200 train_loss:3.3881 train_time:4461046ms step_avg:1696.86ms
step:2640/6200 train_loss:3.3378 train_time:4462743ms step_avg:1696.86ms
step:2641/6200 train_loss:3.7246 train_time:4464439ms step_avg:1696.86ms
step:2642/6200 train_loss:3.5034 train_time:4466133ms step_avg:1696.86ms
step:2643/6200 train_loss:3.5251 train_time:4467829ms step_avg:1696.86ms
step:2644/6200 train_loss:3.4947 train_time:4469526ms step_avg:1696.86ms
step:2645/6200 train_loss:3.4423 train_time:4471220ms step_avg:1696.86ms
step:2646/6200 train_loss:3.5648 train_time:4472917ms step_avg:1696.86ms
step:2647/6200 train_loss:3.4476 train_time:4474615ms step_avg:1696.86ms
step:2648/6200 train_loss:3.7006 train_time:4476313ms step_avg:1696.86ms
step:2649/6200 train_loss:3.5348 train_time:4478011ms step_avg:1696.86ms
step:2650/6200 train_loss:3.3892 train_time:4479707ms step_avg:1696.86ms
step:2651/6200 train_loss:3.2949 train_time:4481403ms step_avg:1696.86ms
step:2652/6200 train_loss:3.4754 train_time:4483100ms step_avg:1696.86ms
step:2653/6200 train_loss:3.5038 train_time:4484796ms step_avg:1696.86ms
step:2654/6200 train_loss:3.4091 train_time:4486492ms step_avg:1696.86ms
step:2655/6200 train_loss:3.6618 train_time:4488189ms step_avg:1696.86ms
step:2656/6200 train_loss:3.4694 train_time:4489888ms step_avg:1696.86ms
step:2657/6200 train_loss:3.4909 train_time:4491586ms step_avg:1696.86ms
step:2658/6200 train_loss:3.6464 train_time:4493283ms step_avg:1696.86ms
step:2659/6200 train_loss:3.6227 train_time:4494983ms step_avg:1696.86ms
step:2660/6200 train_loss:3.3893 train_time:4496682ms step_avg:1696.86ms
step:2661/6200 train_loss:3.7629 train_time:4498380ms step_avg:1696.86ms
step:2662/6200 train_loss:3.4679 train_time:4500078ms step_avg:1696.86ms
step:2663/6200 train_loss:3.9291 train_time:4501772ms step_avg:1696.86ms
step:2664/6200 train_loss:3.5620 train_time:4503469ms step_avg:1696.86ms
step:2665/6200 train_loss:4.6320 train_time:4505166ms step_avg:1696.86ms
step:2666/6200 train_loss:3.4643 train_time:4506866ms step_avg:1696.86ms
step:2667/6200 train_loss:3.2888 train_time:4508565ms step_avg:1696.86ms
step:2668/6200 train_loss:3.6198 train_time:4510264ms step_avg:1696.86ms
step:2669/6200 train_loss:3.7387 train_time:4512049ms step_avg:1696.90ms
step:2670/6200 train_loss:3.6027 train_time:4513747ms step_avg:1696.90ms
step:2671/6200 train_loss:3.5298 train_time:4515440ms step_avg:1696.90ms
step:2672/6200 train_loss:3.4624 train_time:4517135ms step_avg:1696.90ms
step:2673/6200 train_loss:3.5281 train_time:4518827ms step_avg:1696.89ms
step:2674/6200 train_loss:3.8293 train_time:4520520ms step_avg:1696.89ms
step:2675/6200 train_loss:3.6484 train_time:4522217ms step_avg:1696.89ms
step:2676/6200 train_loss:3.4724 train_time:4523914ms step_avg:1696.89ms
step:2677/6200 train_loss:3.3300 train_time:4525609ms step_avg:1696.89ms
step:2678/6200 train_loss:3.3955 train_time:4527304ms step_avg:1696.89ms
step:2679/6200 train_loss:3.4331 train_time:4529000ms step_avg:1696.89ms
step:2680/6200 train_loss:3.8366 train_time:4530696ms step_avg:1696.89ms
step:2681/6200 train_loss:3.6300 train_time:4532392ms step_avg:1696.89ms
step:2682/6200 train_loss:3.6517 train_time:4534088ms step_avg:1696.89ms
step:2683/6200 train_loss:3.2954 train_time:4535783ms step_avg:1696.89ms
step:2684/6200 train_loss:3.7045 train_time:4537478ms step_avg:1696.89ms
step:2685/6200 train_loss:3.5618 train_time:4539174ms step_avg:1696.89ms
step:2686/6200 train_loss:3.3334 train_time:4540872ms step_avg:1696.89ms
step:2687/6200 train_loss:3.4355 train_time:4542567ms step_avg:1696.89ms
step:2688/6200 train_loss:3.3503 train_time:4544263ms step_avg:1696.89ms
step:2689/6200 train_loss:3.3281 train_time:4545958ms step_avg:1696.89ms
step:2690/6200 train_loss:3.3778 train_time:4547649ms step_avg:1696.88ms
step:2691/6200 train_loss:3.5921 train_time:4549345ms step_avg:1696.88ms
step:2692/6200 train_loss:3.4840 train_time:4551041ms step_avg:1696.88ms
step:2693/6200 train_loss:3.3389 train_time:4552734ms step_avg:1696.88ms
step:2694/6200 train_loss:3.4606 train_time:4554429ms step_avg:1696.88ms
step:2695/6200 train_loss:3.4693 train_time:4556125ms step_avg:1696.88ms
step:2696/6200 train_loss:3.6625 train_time:4557819ms step_avg:1696.88ms
step:2697/6200 train_loss:3.4085 train_time:4559512ms step_avg:1696.88ms
step:2698/6200 train_loss:3.4833 train_time:4561208ms step_avg:1696.88ms
step:2699/6200 train_loss:3.4599 train_time:4562901ms step_avg:1696.88ms
step:2700/6200 train_loss:3.4891 train_time:4564597ms step_avg:1696.88ms
step:2701/6200 train_loss:3.6652 train_time:4566291ms step_avg:1696.88ms
step:2702/6200 train_loss:3.3872 train_time:4567988ms step_avg:1696.88ms
step:2703/6200 train_loss:3.5029 train_time:4569684ms step_avg:1696.87ms
step:2704/6200 train_loss:3.6278 train_time:4571378ms step_avg:1696.87ms
step:2705/6200 train_loss:3.4237 train_time:4573073ms step_avg:1696.87ms
step:2706/6200 train_loss:3.5935 train_time:4574766ms step_avg:1696.87ms
step:2707/6200 train_loss:3.4094 train_time:4576460ms step_avg:1696.87ms
step:2708/6200 train_loss:3.3850 train_time:4578151ms step_avg:1696.87ms
step:2709/6200 train_loss:3.2378 train_time:4579846ms step_avg:1696.87ms
step:2710/6200 train_loss:3.5275 train_time:4581539ms step_avg:1696.87ms
step:2711/6200 train_loss:3.3346 train_time:4583234ms step_avg:1696.87ms
step:2712/6200 train_loss:3.7226 train_time:4584929ms step_avg:1696.87ms
step:2713/6200 train_loss:3.6934 train_time:4586625ms step_avg:1696.86ms
step:2714/6200 train_loss:3.4669 train_time:4588320ms step_avg:1696.86ms
step:2715/6200 train_loss:3.4695 train_time:4590015ms step_avg:1696.86ms
step:2716/6200 train_loss:3.4953 train_time:4591709ms step_avg:1696.86ms
step:2717/6200 train_loss:3.3044 train_time:4593403ms step_avg:1696.86ms
step:2718/6200 train_loss:3.5474 train_time:4595096ms step_avg:1696.86ms
step:2719/6200 train_loss:3.9363 train_time:4596790ms step_avg:1696.86ms
step:2720/6200 train_loss:3.4673 train_time:4598485ms step_avg:1696.86ms
step:2721/6200 train_loss:3.3920 train_time:4600178ms step_avg:1696.86ms
step:2722/6200 train_loss:3.6491 train_time:4601873ms step_avg:1696.86ms
step:2723/6200 train_loss:3.4576 train_time:4603569ms step_avg:1696.86ms
step:2724/6200 train_loss:3.3848 train_time:4605263ms step_avg:1696.85ms
step:2725/6200 train_loss:3.3593 train_time:4606960ms step_avg:1696.85ms
step:2726/6200 train_loss:3.3497 train_time:4608654ms step_avg:1696.85ms
step:2727/6200 train_loss:3.4818 train_time:4610346ms step_avg:1696.85ms
step:2728/6200 train_loss:3.5457 train_time:4612041ms step_avg:1696.85ms
step:2729/6200 train_loss:3.6958 train_time:4613734ms step_avg:1696.85ms
step:2730/6200 train_loss:3.6824 train_time:4615431ms step_avg:1696.85ms
step:2731/6200 train_loss:3.5125 train_time:4617128ms step_avg:1696.85ms
step:2732/6200 train_loss:3.4296 train_time:4618823ms step_avg:1696.85ms
step:2733/6200 train_loss:3.4868 train_time:4620520ms step_avg:1696.85ms
step:2734/6200 train_loss:3.6003 train_time:4622217ms step_avg:1696.85ms
step:2735/6200 train_loss:3.6518 train_time:4623916ms step_avg:1696.85ms
step:2736/6200 train_loss:3.4164 train_time:4625613ms step_avg:1696.85ms
step:2737/6200 train_loss:3.3226 train_time:4627310ms step_avg:1696.85ms
step:2738/6200 train_loss:3.2631 train_time:4629008ms step_avg:1696.85ms
step:2739/6200 train_loss:3.5606 train_time:4630708ms step_avg:1696.85ms
step:2740/6200 train_loss:3.6166 train_time:4632409ms step_avg:1696.85ms
step:2741/6200 train_loss:3.4818 train_time:4634105ms step_avg:1696.85ms
step:2742/6200 train_loss:3.3583 train_time:4635802ms step_avg:1696.85ms
step:2743/6200 train_loss:3.6802 train_time:4637501ms step_avg:1696.85ms
step:2744/6200 train_loss:3.4070 train_time:4639200ms step_avg:1696.85ms
step:2745/6200 train_loss:3.4843 train_time:4640899ms step_avg:1696.86ms
step:2746/6200 train_loss:3.5158 train_time:4642596ms step_avg:1696.86ms
step:2747/6200 train_loss:3.5211 train_time:4644293ms step_avg:1696.86ms
step:2748/6200 train_loss:3.4974 train_time:4645990ms step_avg:1696.86ms
step:2749/6200 train_loss:3.6930 train_time:4647690ms step_avg:1696.86ms
step:2750/6200 train_loss:3.4413 train_time:4649386ms step_avg:1696.86ms
step:2750/6200 val_loss:3.5033 train_time:4649400ms step_avg:1696.86ms
step:2751/6200 train_loss:3.3896 train_time:4651090ms step_avg:1696.86ms
step:2752/6200 train_loss:3.2780 train_time:4652782ms step_avg:1696.86ms
step:2753/6200 train_loss:3.4044 train_time:4654477ms step_avg:1696.86ms
step:2754/6200 train_loss:3.4083 train_time:4656170ms step_avg:1696.86ms
step:2755/6200 train_loss:3.4596 train_time:4657862ms step_avg:1696.85ms
step:2756/6200 train_loss:3.5197 train_time:4659555ms step_avg:1696.85ms
step:2757/6200 train_loss:3.4427 train_time:4661247ms step_avg:1696.85ms
step:2758/6200 train_loss:3.7244 train_time:4662941ms step_avg:1696.85ms
step:2759/6200 train_loss:3.7609 train_time:4664634ms step_avg:1696.85ms
step:2760/6200 train_loss:3.6544 train_time:4666331ms step_avg:1696.85ms
step:2761/6200 train_loss:3.5780 train_time:4668028ms step_avg:1696.85ms
step:2762/6200 train_loss:3.7350 train_time:4669722ms step_avg:1696.85ms
step:2763/6200 train_loss:3.4522 train_time:4671420ms step_avg:1696.85ms
step:2764/6200 train_loss:3.3890 train_time:4673118ms step_avg:1696.85ms
step:2765/6200 train_loss:3.3234 train_time:4674815ms step_avg:1696.85ms
step:2766/6200 train_loss:3.3287 train_time:4676510ms step_avg:1696.85ms
step:2767/6200 train_loss:3.4469 train_time:4678205ms step_avg:1696.85ms
step:2768/6200 train_loss:3.3449 train_time:4679899ms step_avg:1696.85ms
step:2769/6200 train_loss:3.5619 train_time:4681594ms step_avg:1696.84ms
step:2770/6200 train_loss:3.4306 train_time:4683286ms step_avg:1696.84ms
step:2771/6200 train_loss:3.5275 train_time:4684982ms step_avg:1696.84ms
step:2772/6200 train_loss:3.5784 train_time:4686677ms step_avg:1696.84ms
step:2773/6200 train_loss:3.3385 train_time:4688372ms step_avg:1696.84ms
step:2774/6200 train_loss:3.4267 train_time:4690065ms step_avg:1696.84ms
step:2775/6200 train_loss:3.5369 train_time:4691758ms step_avg:1696.84ms
step:2776/6200 train_loss:3.6377 train_time:4693454ms step_avg:1696.84ms
step:2777/6200 train_loss:3.5500 train_time:4695150ms step_avg:1696.84ms
step:2778/6200 train_loss:3.3990 train_time:4696848ms step_avg:1696.84ms
step:2779/6200 train_loss:3.5055 train_time:4698541ms step_avg:1696.84ms
step:2780/6200 train_loss:3.4709 train_time:4700237ms step_avg:1696.84ms
step:2781/6200 train_loss:3.4966 train_time:4701932ms step_avg:1696.84ms
step:2782/6200 train_loss:3.6502 train_time:4703628ms step_avg:1696.84ms
step:2783/6200 train_loss:3.5656 train_time:4705321ms step_avg:1696.83ms
step:2784/6200 train_loss:3.6030 train_time:4707015ms step_avg:1696.83ms
step:2785/6200 train_loss:3.5713 train_time:4708709ms step_avg:1696.83ms
step:2786/6200 train_loss:3.5293 train_time:4710402ms step_avg:1696.83ms
step:2787/6200 train_loss:3.4527 train_time:4712096ms step_avg:1696.83ms
step:2788/6200 train_loss:3.3236 train_time:4713790ms step_avg:1696.83ms
step:2789/6200 train_loss:3.2461 train_time:4715486ms step_avg:1696.83ms
step:2790/6200 train_loss:3.6186 train_time:4717181ms step_avg:1696.83ms
step:2791/6200 train_loss:3.3077 train_time:4718873ms step_avg:1696.83ms
step:2792/6200 train_loss:3.6286 train_time:4720569ms step_avg:1696.83ms
step:2793/6200 train_loss:3.5373 train_time:4722264ms step_avg:1696.82ms
step:2794/6200 train_loss:3.5240 train_time:4723958ms step_avg:1696.82ms
step:2795/6200 train_loss:3.6168 train_time:4725652ms step_avg:1696.82ms
step:2796/6200 train_loss:3.4304 train_time:4727345ms step_avg:1696.82ms
step:2797/6200 train_loss:3.4446 train_time:4729040ms step_avg:1696.82ms
step:2798/6200 train_loss:3.3915 train_time:4730734ms step_avg:1696.82ms
step:2799/6200 train_loss:3.3798 train_time:4732431ms step_avg:1696.82ms
step:2800/6200 train_loss:3.4197 train_time:4734128ms step_avg:1696.82ms
step:2801/6200 train_loss:3.4553 train_time:4735824ms step_avg:1696.82ms
step:2802/6200 train_loss:3.4795 train_time:4737521ms step_avg:1696.82ms
step:2803/6200 train_loss:3.5777 train_time:4739218ms step_avg:1696.82ms
step:2804/6200 train_loss:3.5972 train_time:4740917ms step_avg:1696.82ms
step:2805/6200 train_loss:3.5518 train_time:4742614ms step_avg:1696.82ms
step:2806/6200 train_loss:3.4496 train_time:4744310ms step_avg:1696.82ms
step:2807/6200 train_loss:3.2961 train_time:4746006ms step_avg:1696.82ms
step:2808/6200 train_loss:3.3779 train_time:4747701ms step_avg:1696.82ms
step:2809/6200 train_loss:3.5975 train_time:4749398ms step_avg:1696.82ms
step:2810/6200 train_loss:3.5182 train_time:4751095ms step_avg:1696.82ms
step:2811/6200 train_loss:3.5709 train_time:4752792ms step_avg:1696.82ms
step:2812/6200 train_loss:3.5298 train_time:4754488ms step_avg:1696.82ms
step:2813/6200 train_loss:3.4916 train_time:4756183ms step_avg:1696.82ms
step:2814/6200 train_loss:3.3490 train_time:4757878ms step_avg:1696.82ms
step:2815/6200 train_loss:3.4161 train_time:4759571ms step_avg:1696.82ms
step:2816/6200 train_loss:3.3969 train_time:4761264ms step_avg:1696.82ms
step:2817/6200 train_loss:3.3331 train_time:4762957ms step_avg:1696.81ms
step:2818/6200 train_loss:3.4994 train_time:4764649ms step_avg:1696.81ms
step:2819/6200 train_loss:3.5299 train_time:4766343ms step_avg:1696.81ms
step:2820/6200 train_loss:3.5746 train_time:4768034ms step_avg:1696.81ms
step:2821/6200 train_loss:3.5922 train_time:4769726ms step_avg:1696.81ms
step:2822/6200 train_loss:3.2564 train_time:4771419ms step_avg:1696.81ms
step:2823/6200 train_loss:3.3685 train_time:4773110ms step_avg:1696.80ms
step:2824/6200 train_loss:3.5586 train_time:4774802ms step_avg:1696.80ms
step:2825/6200 train_loss:3.3218 train_time:4776497ms step_avg:1696.80ms
step:2826/6200 train_loss:3.5627 train_time:4778187ms step_avg:1696.80ms
step:2827/6200 train_loss:3.5003 train_time:4779881ms step_avg:1696.80ms
step:2828/6200 train_loss:3.6066 train_time:4781571ms step_avg:1696.80ms
step:2829/6200 train_loss:3.5628 train_time:4783264ms step_avg:1696.79ms
step:2830/6200 train_loss:3.7320 train_time:4784957ms step_avg:1696.79ms
step:2831/6200 train_loss:3.3403 train_time:4786650ms step_avg:1696.79ms
step:2832/6200 train_loss:3.8412 train_time:4788344ms step_avg:1696.79ms
step:2833/6200 train_loss:3.4432 train_time:4790037ms step_avg:1696.79ms
step:2834/6200 train_loss:3.6534 train_time:4791731ms step_avg:1696.79ms
step:2835/6200 train_loss:3.8002 train_time:4793426ms step_avg:1696.79ms
step:2836/6200 train_loss:3.4172 train_time:4795121ms step_avg:1696.79ms
step:2837/6200 train_loss:3.3871 train_time:4796814ms step_avg:1696.79ms
step:2838/6200 train_loss:3.5547 train_time:4798508ms step_avg:1696.78ms
step:2839/6200 train_loss:3.4805 train_time:4800205ms step_avg:1696.79ms
step:2840/6200 train_loss:3.4513 train_time:4801902ms step_avg:1696.79ms
step:2841/6200 train_loss:3.5394 train_time:4803599ms step_avg:1696.79ms
step:2842/6200 train_loss:3.1933 train_time:4805298ms step_avg:1696.79ms
step:2843/6200 train_loss:3.3789 train_time:4806997ms step_avg:1696.79ms
step:2844/6200 train_loss:3.4878 train_time:4808688ms step_avg:1696.78ms
step:2845/6200 train_loss:3.6054 train_time:4810383ms step_avg:1696.78ms
step:2846/6200 train_loss:3.3558 train_time:4812079ms step_avg:1696.78ms
step:2847/6200 train_loss:3.4798 train_time:4813776ms step_avg:1696.78ms
step:2848/6200 train_loss:3.6193 train_time:4815473ms step_avg:1696.78ms
step:2849/6200 train_loss:3.5965 train_time:4817169ms step_avg:1696.78ms
step:2850/6200 train_loss:3.4711 train_time:4818864ms step_avg:1696.78ms
step:2851/6200 train_loss:3.4824 train_time:4820558ms step_avg:1696.78ms
step:2852/6200 train_loss:3.7353 train_time:4822253ms step_avg:1696.78ms
step:2853/6200 train_loss:3.7882 train_time:4823946ms step_avg:1696.78ms
step:2854/6200 train_loss:3.5190 train_time:4825639ms step_avg:1696.78ms
step:2855/6200 train_loss:3.3564 train_time:4827333ms step_avg:1696.78ms
step:2856/6200 train_loss:3.7542 train_time:4829028ms step_avg:1696.78ms
step:2857/6200 train_loss:3.5204 train_time:4830723ms step_avg:1696.78ms
step:2858/6200 train_loss:3.7400 train_time:4832417ms step_avg:1696.78ms
step:2859/6200 train_loss:3.3851 train_time:4834112ms step_avg:1696.78ms
step:2860/6200 train_loss:3.4627 train_time:4835815ms step_avg:1696.78ms
step:2861/6200 train_loss:3.5264 train_time:4837511ms step_avg:1696.78ms
step:2862/6200 train_loss:3.5160 train_time:4839205ms step_avg:1696.78ms
step:2863/6200 train_loss:3.4114 train_time:4840900ms step_avg:1696.78ms
step:2864/6200 train_loss:3.4294 train_time:4842594ms step_avg:1696.77ms
step:2865/6200 train_loss:3.4639 train_time:4844291ms step_avg:1696.77ms
step:2866/6200 train_loss:3.5593 train_time:4845984ms step_avg:1696.77ms
step:2867/6200 train_loss:3.4095 train_time:4847680ms step_avg:1696.77ms
step:2868/6200 train_loss:3.6237 train_time:4849375ms step_avg:1696.77ms
step:2869/6200 train_loss:3.2829 train_time:4851065ms step_avg:1696.77ms
step:2870/6200 train_loss:3.5088 train_time:4852759ms step_avg:1696.77ms
step:2871/6200 train_loss:3.7460 train_time:4854454ms step_avg:1696.77ms
step:2872/6200 train_loss:3.4735 train_time:4856148ms step_avg:1696.77ms
step:2873/6200 train_loss:3.5423 train_time:4857842ms step_avg:1696.77ms
step:2874/6200 train_loss:3.4987 train_time:4859537ms step_avg:1696.77ms
step:2875/6200 train_loss:3.7722 train_time:4861227ms step_avg:1696.76ms
step:2875/6200 val_loss:3.4956 train_time:4861242ms step_avg:1696.77ms
step:2876/6200 train_loss:3.5686 train_time:4862936ms step_avg:1696.77ms
step:2877/6200 train_loss:3.3674 train_time:4864631ms step_avg:1696.77ms
step:2878/6200 train_loss:3.4307 train_time:4866328ms step_avg:1696.77ms
step:2879/6200 train_loss:3.3708 train_time:4868024ms step_avg:1696.77ms
step:2880/6200 train_loss:3.5571 train_time:4869722ms step_avg:1696.77ms
step:2881/6200 train_loss:3.8265 train_time:4871417ms step_avg:1696.77ms
step:2882/6200 train_loss:3.5189 train_time:4873115ms step_avg:1696.77ms
step:2883/6200 train_loss:3.5323 train_time:4874812ms step_avg:1696.77ms
step:2884/6200 train_loss:3.3678 train_time:4876511ms step_avg:1696.77ms
step:2885/6200 train_loss:3.6083 train_time:4878208ms step_avg:1696.77ms
step:2886/6200 train_loss:4.4792 train_time:4879904ms step_avg:1696.77ms
step:2887/6200 train_loss:3.4152 train_time:4881604ms step_avg:1696.77ms
step:2888/6200 train_loss:3.3649 train_time:4883302ms step_avg:1696.77ms
step:2889/6200 train_loss:3.4140 train_time:4885001ms step_avg:1696.77ms
step:2890/6200 train_loss:3.1617 train_time:4886697ms step_avg:1696.77ms
step:2891/6200 train_loss:3.4942 train_time:4888398ms step_avg:1696.77ms
step:2892/6200 train_loss:3.0534 train_time:4890096ms step_avg:1696.77ms
step:2893/6200 train_loss:3.4485 train_time:4891796ms step_avg:1696.77ms
step:2894/6200 train_loss:3.5658 train_time:4893493ms step_avg:1696.77ms
step:2895/6200 train_loss:3.3832 train_time:4895188ms step_avg:1696.77ms
step:2896/6200 train_loss:3.8550 train_time:4896886ms step_avg:1696.77ms
step:2897/6200 train_loss:3.8605 train_time:4898585ms step_avg:1696.77ms
step:2898/6200 train_loss:3.4356 train_time:4900282ms step_avg:1696.77ms
step:2899/6200 train_loss:3.7643 train_time:4901981ms step_avg:1696.77ms
step:2900/6200 train_loss:3.8564 train_time:4903677ms step_avg:1696.77ms
step:2901/6200 train_loss:3.5105 train_time:4905374ms step_avg:1696.77ms
step:2902/6200 train_loss:3.4787 train_time:4907073ms step_avg:1696.77ms
step:2903/6200 train_loss:3.3787 train_time:4908770ms step_avg:1696.77ms
step:2904/6200 train_loss:3.5889 train_time:4910470ms step_avg:1696.78ms
step:2905/6200 train_loss:3.4633 train_time:4912171ms step_avg:1696.78ms
step:2906/6200 train_loss:3.4303 train_time:4913871ms step_avg:1696.78ms
step:2907/6200 train_loss:3.4172 train_time:4915567ms step_avg:1696.78ms
step:2908/6200 train_loss:3.3458 train_time:4917264ms step_avg:1696.78ms
step:2909/6200 train_loss:3.7134 train_time:4918962ms step_avg:1696.78ms
step:2910/6200 train_loss:3.4397 train_time:4920659ms step_avg:1696.78ms
step:2911/6200 train_loss:3.7693 train_time:4922355ms step_avg:1696.78ms
step:2912/6200 train_loss:3.1619 train_time:4924053ms step_avg:1696.78ms
step:2913/6200 train_loss:3.5336 train_time:4925753ms step_avg:1696.78ms
step:2914/6200 train_loss:3.3920 train_time:4927455ms step_avg:1696.78ms
step:2915/6200 train_loss:3.5688 train_time:4929153ms step_avg:1696.78ms
step:2916/6200 train_loss:3.6771 train_time:4930851ms step_avg:1696.78ms
step:2917/6200 train_loss:3.2944 train_time:4932548ms step_avg:1696.78ms
step:2918/6200 train_loss:3.5728 train_time:4934244ms step_avg:1696.78ms
step:2919/6200 train_loss:3.6677 train_time:4935942ms step_avg:1696.78ms
step:2920/6200 train_loss:3.2668 train_time:4937640ms step_avg:1696.78ms
step:2921/6200 train_loss:3.2679 train_time:4939339ms step_avg:1696.78ms
step:2922/6200 train_loss:3.4803 train_time:4941034ms step_avg:1696.78ms
step:2923/6200 train_loss:3.5678 train_time:4942731ms step_avg:1696.78ms
step:2924/6200 train_loss:3.4114 train_time:4944427ms step_avg:1696.78ms
step:2925/6200 train_loss:3.6187 train_time:4946123ms step_avg:1696.78ms
step:2926/6200 train_loss:3.2788 train_time:4947821ms step_avg:1696.78ms
step:2927/6200 train_loss:3.4165 train_time:4949518ms step_avg:1696.78ms
step:2928/6200 train_loss:3.4567 train_time:4951216ms step_avg:1696.78ms
step:2929/6200 train_loss:3.8943 train_time:4952917ms step_avg:1696.79ms
step:2930/6200 train_loss:3.3484 train_time:4954615ms step_avg:1696.79ms
step:2931/6200 train_loss:3.2391 train_time:4956315ms step_avg:1696.79ms
step:2932/6200 train_loss:3.5527 train_time:4958015ms step_avg:1696.79ms
step:2933/6200 train_loss:3.6746 train_time:4959714ms step_avg:1696.79ms
step:2934/6200 train_loss:3.3352 train_time:4961416ms step_avg:1696.79ms
step:2935/6200 train_loss:3.4239 train_time:4963117ms step_avg:1696.79ms
step:2936/6200 train_loss:3.6362 train_time:4964817ms step_avg:1696.79ms
step:2937/6200 train_loss:3.6515 train_time:4966515ms step_avg:1696.79ms
step:2938/6200 train_loss:3.7491 train_time:4968213ms step_avg:1696.79ms
step:2939/6200 train_loss:3.3527 train_time:4969910ms step_avg:1696.79ms
step:2940/6200 train_loss:3.4198 train_time:4971614ms step_avg:1696.80ms
step:2941/6200 train_loss:3.4581 train_time:4973317ms step_avg:1696.80ms
step:2942/6200 train_loss:3.4338 train_time:4975017ms step_avg:1696.80ms
step:2943/6200 train_loss:3.3706 train_time:4976720ms step_avg:1696.80ms
step:2944/6200 train_loss:3.6700 train_time:4978417ms step_avg:1696.80ms
step:2945/6200 train_loss:3.3600 train_time:4980118ms step_avg:1696.80ms
step:2946/6200 train_loss:3.4061 train_time:4981815ms step_avg:1696.80ms
step:2947/6200 train_loss:3.3688 train_time:4983513ms step_avg:1696.80ms
step:2948/6200 train_loss:3.9563 train_time:4985212ms step_avg:1696.80ms
step:2949/6200 train_loss:3.6132 train_time:4986912ms step_avg:1696.81ms
step:2950/6200 train_loss:3.3629 train_time:4988612ms step_avg:1696.81ms
step:2951/6200 train_loss:3.3668 train_time:4990311ms step_avg:1696.81ms
step:2952/6200 train_loss:3.2300 train_time:4992013ms step_avg:1696.81ms
step:2953/6200 train_loss:3.4721 train_time:4993711ms step_avg:1696.81ms
step:2954/6200 train_loss:3.5903 train_time:4995407ms step_avg:1696.81ms
step:2955/6200 train_loss:3.3688 train_time:4997106ms step_avg:1696.81ms
step:2956/6200 train_loss:3.4416 train_time:4998806ms step_avg:1696.81ms
step:2957/6200 train_loss:3.2533 train_time:5000504ms step_avg:1696.81ms
step:2958/6200 train_loss:3.3628 train_time:5002204ms step_avg:1696.81ms
step:2959/6200 train_loss:3.3499 train_time:5003904ms step_avg:1696.81ms
step:2960/6200 train_loss:3.3976 train_time:5005603ms step_avg:1696.81ms
step:2961/6200 train_loss:3.3928 train_time:5007301ms step_avg:1696.81ms
step:2962/6200 train_loss:3.4275 train_time:5009000ms step_avg:1696.82ms
step:2963/6200 train_loss:3.4193 train_time:5010702ms step_avg:1696.82ms
step:2964/6200 train_loss:3.5409 train_time:5012402ms step_avg:1696.82ms
step:2965/6200 train_loss:3.6265 train_time:5014102ms step_avg:1696.82ms
step:2966/6200 train_loss:3.6332 train_time:5015800ms step_avg:1696.82ms
step:2967/6200 train_loss:3.4714 train_time:5017500ms step_avg:1696.82ms
step:2968/6200 train_loss:3.4436 train_time:5019201ms step_avg:1696.82ms
step:2969/6200 train_loss:3.3669 train_time:5020902ms step_avg:1696.82ms
step:2970/6200 train_loss:3.4133 train_time:5022605ms step_avg:1696.83ms
step:2971/6200 train_loss:3.1933 train_time:5024309ms step_avg:1696.83ms
step:2972/6200 train_loss:3.5546 train_time:5026008ms step_avg:1696.83ms
step:2973/6200 train_loss:3.3901 train_time:5027710ms step_avg:1696.83ms
step:2974/6200 train_loss:3.5335 train_time:5029410ms step_avg:1696.83ms
step:2975/6200 train_loss:3.4744 train_time:5031112ms step_avg:1696.83ms
step:2976/6200 train_loss:3.4363 train_time:5032810ms step_avg:1696.83ms
step:2977/6200 train_loss:3.4550 train_time:5034512ms step_avg:1696.84ms
step:2978/6200 train_loss:3.5991 train_time:5036213ms step_avg:1696.84ms
step:2979/6200 train_loss:3.4191 train_time:5037918ms step_avg:1696.84ms
step:2980/6200 train_loss:3.1997 train_time:5039619ms step_avg:1696.84ms
step:2981/6200 train_loss:3.4819 train_time:5041319ms step_avg:1696.84ms
step:2982/6200 train_loss:3.3687 train_time:5043017ms step_avg:1696.84ms
step:2983/6200 train_loss:3.6306 train_time:5044715ms step_avg:1696.84ms
step:2984/6200 train_loss:3.5079 train_time:5046416ms step_avg:1696.84ms
step:2985/6200 train_loss:3.6221 train_time:5048120ms step_avg:1696.85ms
step:2986/6200 train_loss:3.5973 train_time:5049822ms step_avg:1696.85ms
step:2987/6200 train_loss:3.2140 train_time:5051524ms step_avg:1696.85ms
step:2988/6200 train_loss:3.3743 train_time:5053228ms step_avg:1696.85ms
step:2989/6200 train_loss:3.3926 train_time:5054931ms step_avg:1696.86ms
step:2990/6200 train_loss:3.5725 train_time:5056636ms step_avg:1696.86ms
step:2991/6200 train_loss:3.5687 train_time:5058340ms step_avg:1696.86ms
step:2992/6200 train_loss:3.5248 train_time:5060041ms step_avg:1696.86ms
step:2993/6200 train_loss:3.5332 train_time:5061745ms step_avg:1696.86ms
step:2994/6200 train_loss:3.4724 train_time:5063447ms step_avg:1696.87ms
step:2995/6200 train_loss:3.4982 train_time:5065149ms step_avg:1696.87ms
step:2996/6200 train_loss:3.4201 train_time:5066848ms step_avg:1696.87ms
step:2997/6200 train_loss:3.4959 train_time:5068551ms step_avg:1696.87ms
step:2998/6200 train_loss:3.5964 train_time:5070252ms step_avg:1696.87ms
step:2999/6200 train_loss:3.3912 train_time:5071954ms step_avg:1696.87ms
step:3000/6200 train_loss:3.4560 train_time:5073655ms step_avg:1696.87ms
step:3000/6200 val_loss:3.4881 train_time:5073669ms step_avg:1696.88ms
step:3001/6200 train_loss:3.7582 train_time:5075357ms step_avg:1696.88ms
step:3002/6200 train_loss:3.5253 train_time:5077049ms step_avg:1696.87ms
step:3003/6200 train_loss:3.3686 train_time:5078744ms step_avg:1696.87ms
step:3004/6200 train_loss:3.4429 train_time:5080439ms step_avg:1696.87ms
step:3005/6200 train_loss:3.5126 train_time:5082131ms step_avg:1696.87ms
step:3006/6200 train_loss:3.4179 train_time:5083825ms step_avg:1696.87ms
step:3007/6200 train_loss:3.3308 train_time:5085521ms step_avg:1696.87ms
step:3008/6200 train_loss:3.5047 train_time:5087216ms step_avg:1696.87ms
step:3009/6200 train_loss:3.2593 train_time:5088910ms step_avg:1696.87ms
step:3010/6200 train_loss:3.5264 train_time:5090608ms step_avg:1696.87ms
step:3011/6200 train_loss:3.4861 train_time:5092304ms step_avg:1696.87ms
step:3012/6200 train_loss:3.4419 train_time:5094001ms step_avg:1696.87ms
step:3013/6200 train_loss:3.3256 train_time:5095696ms step_avg:1696.87ms
step:3014/6200 train_loss:3.4056 train_time:5097393ms step_avg:1696.87ms
step:3015/6200 train_loss:3.2561 train_time:5099088ms step_avg:1696.87ms
step:3016/6200 train_loss:3.4323 train_time:5100781ms step_avg:1696.87ms
step:3017/6200 train_loss:3.3691 train_time:5102477ms step_avg:1696.87ms
step:3018/6200 train_loss:3.2038 train_time:5104173ms step_avg:1696.87ms
step:3019/6200 train_loss:3.4326 train_time:5105868ms step_avg:1696.87ms
step:3020/6200 train_loss:3.4405 train_time:5107558ms step_avg:1696.86ms
step:3021/6200 train_loss:3.3849 train_time:5109250ms step_avg:1696.86ms
step:3022/6200 train_loss:3.3861 train_time:5110944ms step_avg:1696.86ms
step:3023/6200 train_loss:3.4968 train_time:5112634ms step_avg:1696.86ms
step:3024/6200 train_loss:3.2672 train_time:5114326ms step_avg:1696.86ms
step:3025/6200 train_loss:3.3890 train_time:5116015ms step_avg:1696.85ms
step:3026/6200 train_loss:3.6445 train_time:5117708ms step_avg:1696.85ms
step:3027/6200 train_loss:3.5089 train_time:5119400ms step_avg:1696.85ms
step:3028/6200 train_loss:3.4984 train_time:5121091ms step_avg:1696.85ms
step:3029/6200 train_loss:3.4866 train_time:5122783ms step_avg:1696.85ms
step:3030/6200 train_loss:3.4418 train_time:5124476ms step_avg:1696.85ms
step:3031/6200 train_loss:3.4107 train_time:5126168ms step_avg:1696.84ms
step:3032/6200 train_loss:3.3858 train_time:5127861ms step_avg:1696.84ms
step:3033/6200 train_loss:3.4690 train_time:5129550ms step_avg:1696.84ms
step:3034/6200 train_loss:3.4123 train_time:5131240ms step_avg:1696.84ms
step:3035/6200 train_loss:3.4900 train_time:5132933ms step_avg:1696.84ms
step:3036/6200 train_loss:3.5347 train_time:5134625ms step_avg:1696.84ms
step:3037/6200 train_loss:3.4566 train_time:5136317ms step_avg:1696.83ms
step:3038/6200 train_loss:3.5472 train_time:5138010ms step_avg:1696.83ms
step:3039/6200 train_loss:3.3494 train_time:5139701ms step_avg:1696.83ms
step:3040/6200 train_loss:3.4391 train_time:5141392ms step_avg:1696.83ms
step:3041/6200 train_loss:3.3712 train_time:5143086ms step_avg:1696.83ms
step:3042/6200 train_loss:3.3513 train_time:5144782ms step_avg:1696.83ms
step:3043/6200 train_loss:3.6853 train_time:5146480ms step_avg:1696.83ms
step:3044/6200 train_loss:3.7176 train_time:5148176ms step_avg:1696.83ms
step:3045/6200 train_loss:3.4933 train_time:5149869ms step_avg:1696.83ms
step:3046/6200 train_loss:3.4765 train_time:5151566ms step_avg:1696.83ms
step:3047/6200 train_loss:3.4353 train_time:5153261ms step_avg:1696.83ms
step:3048/6200 train_loss:3.4053 train_time:5154957ms step_avg:1696.83ms
step:3049/6200 train_loss:3.4627 train_time:5156654ms step_avg:1696.83ms
step:3050/6200 train_loss:3.4568 train_time:5158458ms step_avg:1696.86ms
step:3051/6200 train_loss:3.4470 train_time:5160157ms step_avg:1696.86ms
step:3052/6200 train_loss:3.3293 train_time:5161853ms step_avg:1696.86ms
step:3053/6200 train_loss:3.5059 train_time:5163548ms step_avg:1696.86ms
step:3054/6200 train_loss:3.7038 train_time:5165245ms step_avg:1696.86ms
step:3055/6200 train_loss:3.4992 train_time:5166942ms step_avg:1696.86ms
step:3056/6200 train_loss:3.3509 train_time:5168639ms step_avg:1696.86ms
step:3057/6200 train_loss:3.4359 train_time:5170332ms step_avg:1696.86ms
step:3058/6200 train_loss:3.5635 train_time:5172027ms step_avg:1696.86ms
step:3059/6200 train_loss:3.3557 train_time:5173723ms step_avg:1696.86ms
step:3060/6200 train_loss:3.4313 train_time:5175420ms step_avg:1696.86ms
step:3061/6200 train_loss:3.5062 train_time:5177116ms step_avg:1696.86ms
step:3062/6200 train_loss:3.6131 train_time:5178811ms step_avg:1696.86ms
step:3063/6200 train_loss:3.6004 train_time:5180508ms step_avg:1696.86ms
step:3064/6200 train_loss:3.4446 train_time:5182206ms step_avg:1696.86ms
step:3065/6200 train_loss:3.6015 train_time:5183906ms step_avg:1696.86ms
step:3066/6200 train_loss:3.6964 train_time:5185600ms step_avg:1696.86ms
step:3067/6200 train_loss:3.3261 train_time:5187295ms step_avg:1696.86ms
step:3068/6200 train_loss:3.4459 train_time:5188992ms step_avg:1696.86ms
step:3069/6200 train_loss:3.3644 train_time:5190689ms step_avg:1696.86ms
step:3070/6200 train_loss:3.4550 train_time:5192384ms step_avg:1696.86ms
step:3071/6200 train_loss:3.7590 train_time:5194080ms step_avg:1696.86ms
step:3072/6200 train_loss:3.5305 train_time:5195774ms step_avg:1696.86ms
step:3073/6200 train_loss:3.4847 train_time:5197470ms step_avg:1696.86ms
step:3074/6200 train_loss:3.3858 train_time:5199163ms step_avg:1696.85ms
step:3075/6200 train_loss:3.5754 train_time:5200860ms step_avg:1696.85ms
step:3076/6200 train_loss:3.4613 train_time:5202553ms step_avg:1696.85ms
step:3077/6200 train_loss:3.5135 train_time:5204246ms step_avg:1696.85ms
step:3078/6200 train_loss:3.4671 train_time:5205939ms step_avg:1696.85ms
step:3079/6200 train_loss:3.6101 train_time:5207632ms step_avg:1696.85ms
step:3080/6200 train_loss:3.5457 train_time:5209329ms step_avg:1696.85ms
step:3081/6200 train_loss:3.4151 train_time:5211025ms step_avg:1696.85ms
step:3082/6200 train_loss:3.6725 train_time:5212722ms step_avg:1696.85ms
step:3083/6200 train_loss:3.6057 train_time:5214416ms step_avg:1696.85ms
step:3084/6200 train_loss:3.4524 train_time:5216113ms step_avg:1696.85ms
step:3085/6200 train_loss:3.5198 train_time:5217804ms step_avg:1696.85ms
step:3086/6200 train_loss:3.4723 train_time:5219499ms step_avg:1696.85ms
step:3087/6200 train_loss:3.4914 train_time:5221196ms step_avg:1696.85ms
step:3088/6200 train_loss:3.3125 train_time:5222891ms step_avg:1696.85ms
step:3089/6200 train_loss:3.5838 train_time:5224587ms step_avg:1696.85ms
step:3090/6200 train_loss:3.4743 train_time:5226282ms step_avg:1696.84ms
step:3091/6200 train_loss:3.5098 train_time:5227978ms step_avg:1696.84ms
step:3092/6200 train_loss:3.3763 train_time:5229679ms step_avg:1696.85ms
step:3093/6200 train_loss:3.5525 train_time:5231374ms step_avg:1696.85ms
step:3094/6200 train_loss:3.3803 train_time:5233069ms step_avg:1696.84ms
step:3095/6200 train_loss:3.4679 train_time:5234766ms step_avg:1696.84ms
step:3096/6200 train_loss:3.5992 train_time:5236465ms step_avg:1696.85ms
step:3097/6200 train_loss:3.4660 train_time:5238163ms step_avg:1696.85ms
step:3098/6200 train_loss:3.4910 train_time:5239858ms step_avg:1696.85ms
step:3099/6200 train_loss:3.3791 train_time:5241556ms step_avg:1696.85ms
step:3100/6200 train_loss:3.5756 train_time:5243253ms step_avg:1696.85ms
step:3101/6200 train_loss:3.4086 train_time:5244949ms step_avg:1696.85ms
step:3102/6200 train_loss:3.4599 train_time:5246647ms step_avg:1696.85ms
step:3103/6200 train_loss:3.4913 train_time:5248341ms step_avg:1696.84ms
step:3104/6200 train_loss:3.4494 train_time:5250039ms step_avg:1696.85ms
step:3105/6200 train_loss:3.4721 train_time:5251736ms step_avg:1696.85ms
step:3106/6200 train_loss:3.5448 train_time:5253433ms step_avg:1696.85ms
step:3107/6200 train_loss:3.4745 train_time:5255130ms step_avg:1696.85ms
step:3108/6200 train_loss:3.1894 train_time:5256827ms step_avg:1696.85ms
step:3109/6200 train_loss:3.5427 train_time:5258523ms step_avg:1696.85ms
step:3110/6200 train_loss:3.4894 train_time:5260220ms step_avg:1696.85ms
step:3111/6200 train_loss:3.1246 train_time:5261916ms step_avg:1696.85ms
step:3112/6200 train_loss:3.7638 train_time:5263613ms step_avg:1696.84ms
step:3113/6200 train_loss:3.3800 train_time:5265311ms step_avg:1696.85ms
step:3114/6200 train_loss:3.6847 train_time:5267009ms step_avg:1696.85ms
step:3115/6200 train_loss:3.5495 train_time:5268705ms step_avg:1696.85ms
step:3116/6200 train_loss:3.6339 train_time:5270403ms step_avg:1696.85ms
step:3117/6200 train_loss:3.2498 train_time:5272101ms step_avg:1696.85ms
step:3118/6200 train_loss:3.4096 train_time:5273797ms step_avg:1696.85ms
step:3119/6200 train_loss:3.3835 train_time:5275495ms step_avg:1696.85ms
step:3120/6200 train_loss:3.4155 train_time:5277193ms step_avg:1696.85ms
step:3121/6200 train_loss:3.3937 train_time:5278890ms step_avg:1696.85ms
step:3122/6200 train_loss:3.3748 train_time:5280588ms step_avg:1696.85ms
step:3123/6200 train_loss:3.3425 train_time:5282282ms step_avg:1696.85ms
step:3124/6200 train_loss:3.6851 train_time:5283980ms step_avg:1696.85ms
step:3125/6200 train_loss:3.4393 train_time:5285677ms step_avg:1696.85ms
step:3125/6200 val_loss:3.4796 train_time:5285692ms step_avg:1696.85ms
step:3126/6200 train_loss:3.3976 train_time:5287389ms step_avg:1696.85ms
step:3127/6200 train_loss:3.4345 train_time:5289082ms step_avg:1696.85ms
step:3128/6200 train_loss:3.4311 train_time:5290776ms step_avg:1696.85ms
step:3129/6200 train_loss:3.5281 train_time:5292471ms step_avg:1696.85ms
step:3130/6200 train_loss:3.5110 train_time:5294166ms step_avg:1696.85ms
step:3131/6200 train_loss:3.4831 train_time:5295862ms step_avg:1696.85ms
step:3132/6200 train_loss:4.4740 train_time:5297561ms step_avg:1696.85ms
step:3133/6200 train_loss:3.4355 train_time:5299258ms step_avg:1696.85ms
step:3134/6200 train_loss:3.6026 train_time:5300955ms step_avg:1696.85ms
step:3135/6200 train_loss:3.5238 train_time:5302652ms step_avg:1696.85ms
step:3136/6200 train_loss:3.7443 train_time:5304350ms step_avg:1696.85ms
step:3137/6200 train_loss:3.4086 train_time:5306046ms step_avg:1696.85ms
step:3138/6200 train_loss:3.6002 train_time:5307740ms step_avg:1696.85ms
step:3139/6200 train_loss:3.5170 train_time:5309436ms step_avg:1696.85ms
step:3140/6200 train_loss:3.4339 train_time:5311132ms step_avg:1696.85ms
step:3141/6200 train_loss:3.3317 train_time:5312828ms step_avg:1696.85ms
step:3142/6200 train_loss:3.6309 train_time:5314523ms step_avg:1696.85ms
step:3143/6200 train_loss:3.4115 train_time:5316219ms step_avg:1696.85ms
step:3144/6200 train_loss:3.3838 train_time:5317917ms step_avg:1696.85ms
step:3145/6200 train_loss:3.4122 train_time:5319613ms step_avg:1696.85ms
step:3146/6200 train_loss:3.4441 train_time:5321309ms step_avg:1696.85ms
step:3147/6200 train_loss:3.4931 train_time:5323007ms step_avg:1696.85ms
step:3148/6200 train_loss:3.3556 train_time:5324702ms step_avg:1696.85ms
step:3149/6200 train_loss:3.5976 train_time:5326397ms step_avg:1696.85ms
step:3150/6200 train_loss:3.3504 train_time:5328097ms step_avg:1696.85ms
step:3151/6200 train_loss:3.6399 train_time:5329794ms step_avg:1696.85ms
step:3152/6200 train_loss:3.5854 train_time:5331492ms step_avg:1696.85ms
step:3153/6200 train_loss:3.5761 train_time:5333189ms step_avg:1696.85ms
step:3154/6200 train_loss:3.6250 train_time:5334888ms step_avg:1696.85ms
step:3155/6200 train_loss:3.6949 train_time:5336587ms step_avg:1696.85ms
step:3156/6200 train_loss:3.6142 train_time:5338285ms step_avg:1696.85ms
step:3157/6200 train_loss:3.5778 train_time:5339986ms step_avg:1696.85ms
step:3158/6200 train_loss:3.4239 train_time:5341680ms step_avg:1696.85ms
step:3159/6200 train_loss:3.4127 train_time:5343379ms step_avg:1696.85ms
step:3160/6200 train_loss:3.6876 train_time:5345076ms step_avg:1696.85ms
step:3161/6200 train_loss:3.4600 train_time:5346776ms step_avg:1696.85ms
step:3162/6200 train_loss:3.3318 train_time:5348479ms step_avg:1696.85ms
step:3163/6200 train_loss:3.8337 train_time:5350178ms step_avg:1696.85ms
step:3164/6200 train_loss:3.4189 train_time:5351876ms step_avg:1696.85ms
step:3165/6200 train_loss:3.4673 train_time:5353574ms step_avg:1696.85ms
step:3166/6200 train_loss:3.5140 train_time:5355271ms step_avg:1696.85ms
step:3167/6200 train_loss:3.3582 train_time:5356967ms step_avg:1696.85ms
step:3168/6200 train_loss:3.4802 train_time:5358664ms step_avg:1696.85ms
step:3169/6200 train_loss:3.3519 train_time:5360359ms step_avg:1696.85ms
step:3170/6200 train_loss:3.5734 train_time:5362059ms step_avg:1696.85ms
step:3171/6200 train_loss:3.6044 train_time:5363758ms step_avg:1696.85ms
step:3172/6200 train_loss:3.4260 train_time:5365452ms step_avg:1696.85ms
step:3173/6200 train_loss:3.1289 train_time:5367151ms step_avg:1696.85ms
step:3174/6200 train_loss:3.4744 train_time:5368848ms step_avg:1696.85ms
step:3175/6200 train_loss:3.5495 train_time:5370550ms step_avg:1696.86ms
step:3176/6200 train_loss:3.4442 train_time:5372248ms step_avg:1696.86ms
step:3177/6200 train_loss:3.7258 train_time:5373945ms step_avg:1696.86ms
step:3178/6200 train_loss:3.5516 train_time:5375646ms step_avg:1696.86ms
step:3179/6200 train_loss:3.5092 train_time:5377344ms step_avg:1696.86ms
step:3180/6200 train_loss:3.3611 train_time:5379045ms step_avg:1696.86ms
step:3181/6200 train_loss:3.3644 train_time:5380743ms step_avg:1696.86ms
step:3182/6200 train_loss:3.5070 train_time:5382439ms step_avg:1696.86ms
step:3183/6200 train_loss:3.4959 train_time:5384138ms step_avg:1696.86ms
step:3184/6200 train_loss:3.2844 train_time:5385837ms step_avg:1696.86ms
step:3185/6200 train_loss:3.4964 train_time:5387537ms step_avg:1696.86ms
step:3186/6200 train_loss:3.5462 train_time:5389234ms step_avg:1696.86ms
step:3187/6200 train_loss:3.3516 train_time:5390931ms step_avg:1696.86ms
step:3188/6200 train_loss:3.4952 train_time:5392627ms step_avg:1696.86ms
step:3189/6200 train_loss:3.4863 train_time:5394326ms step_avg:1696.86ms
step:3190/6200 train_loss:3.4539 train_time:5396024ms step_avg:1696.86ms
step:3191/6200 train_loss:3.5356 train_time:5397720ms step_avg:1696.86ms
step:3192/6200 train_loss:3.5015 train_time:5399417ms step_avg:1696.86ms
step:3193/6200 train_loss:3.3237 train_time:5401114ms step_avg:1696.86ms
step:3194/6200 train_loss:3.4506 train_time:5402812ms step_avg:1696.86ms
step:3195/6200 train_loss:3.2900 train_time:5404511ms step_avg:1696.86ms
step:3196/6200 train_loss:3.5268 train_time:5406209ms step_avg:1696.86ms
step:3197/6200 train_loss:3.4361 train_time:5407908ms step_avg:1696.86ms
step:3198/6200 train_loss:3.3819 train_time:5409607ms step_avg:1696.87ms
step:3199/6200 train_loss:3.6296 train_time:5411305ms step_avg:1696.87ms
step:3200/6200 train_loss:3.5251 train_time:5413005ms step_avg:1696.87ms
step:3201/6200 train_loss:3.4247 train_time:5414708ms step_avg:1696.87ms
step:3202/6200 train_loss:3.1848 train_time:5416405ms step_avg:1696.87ms
step:3203/6200 train_loss:3.2013 train_time:5418102ms step_avg:1696.87ms
step:3204/6200 train_loss:3.4632 train_time:5419799ms step_avg:1696.87ms
step:3205/6200 train_loss:3.5525 train_time:5421498ms step_avg:1696.87ms
step:3206/6200 train_loss:3.4787 train_time:5423198ms step_avg:1696.87ms
step:3207/6200 train_loss:3.3913 train_time:5424896ms step_avg:1696.87ms
step:3208/6200 train_loss:3.3463 train_time:5426592ms step_avg:1696.87ms
step:3209/6200 train_loss:3.5749 train_time:5428287ms step_avg:1696.87ms
step:3210/6200 train_loss:3.4590 train_time:5429983ms step_avg:1696.87ms
step:3211/6200 train_loss:3.4209 train_time:5431679ms step_avg:1696.87ms
step:3212/6200 train_loss:3.3717 train_time:5433376ms step_avg:1696.87ms
step:3213/6200 train_loss:3.2095 train_time:5435072ms step_avg:1696.87ms
step:3214/6200 train_loss:3.4370 train_time:5436771ms step_avg:1696.87ms
step:3215/6200 train_loss:3.3705 train_time:5438469ms step_avg:1696.87ms
step:3216/6200 train_loss:3.4926 train_time:5440163ms step_avg:1696.87ms
step:3217/6200 train_loss:3.2470 train_time:5441859ms step_avg:1696.87ms
step:3218/6200 train_loss:3.4236 train_time:5443559ms step_avg:1696.87ms
step:3219/6200 train_loss:3.4346 train_time:5445253ms step_avg:1696.87ms
step:3220/6200 train_loss:3.3851 train_time:5446948ms step_avg:1696.87ms
step:3221/6200 train_loss:3.5107 train_time:5448641ms step_avg:1696.87ms
step:3222/6200 train_loss:3.7775 train_time:5450334ms step_avg:1696.87ms
step:3223/6200 train_loss:3.4219 train_time:5452030ms step_avg:1696.87ms
step:3224/6200 train_loss:3.3292 train_time:5453725ms step_avg:1696.87ms
step:3225/6200 train_loss:3.5007 train_time:5455419ms step_avg:1696.86ms
step:3226/6200 train_loss:3.4653 train_time:5457116ms step_avg:1696.86ms
step:3227/6200 train_loss:3.5370 train_time:5458814ms step_avg:1696.86ms
step:3228/6200 train_loss:3.4952 train_time:5460510ms step_avg:1696.86ms
step:3229/6200 train_loss:3.4431 train_time:5462207ms step_avg:1696.86ms
step:3230/6200 train_loss:3.5069 train_time:5463905ms step_avg:1696.86ms
step:3231/6200 train_loss:3.5246 train_time:5465602ms step_avg:1696.86ms
step:3232/6200 train_loss:3.4655 train_time:5467300ms step_avg:1696.87ms
step:3233/6200 train_loss:3.5109 train_time:5468997ms step_avg:1696.87ms
step:3234/6200 train_loss:3.3945 train_time:5470693ms step_avg:1696.87ms
step:3235/6200 train_loss:3.5403 train_time:5472391ms step_avg:1696.87ms
step:3236/6200 train_loss:3.4613 train_time:5474089ms step_avg:1696.87ms
step:3237/6200 train_loss:3.5410 train_time:5475789ms step_avg:1696.87ms
step:3238/6200 train_loss:3.3558 train_time:5477488ms step_avg:1696.87ms
step:3239/6200 train_loss:3.4800 train_time:5479189ms step_avg:1696.87ms
step:3240/6200 train_loss:3.3311 train_time:5480886ms step_avg:1696.87ms
step:3241/6200 train_loss:3.3962 train_time:5482579ms step_avg:1696.87ms
step:3242/6200 train_loss:3.4975 train_time:5484274ms step_avg:1696.87ms
step:3243/6200 train_loss:3.3737 train_time:5485971ms step_avg:1696.87ms
step:3244/6200 train_loss:3.6192 train_time:5487667ms step_avg:1696.87ms
step:3245/6200 train_loss:3.4257 train_time:5489363ms step_avg:1696.87ms
step:3246/6200 train_loss:3.3532 train_time:5491062ms step_avg:1696.87ms
step:3247/6200 train_loss:3.4708 train_time:5492758ms step_avg:1696.87ms
step:3248/6200 train_loss:3.4674 train_time:5494453ms step_avg:1696.87ms
step:3249/6200 train_loss:3.4388 train_time:5496149ms step_avg:1696.87ms
step:3250/6200 train_loss:3.4555 train_time:5497847ms step_avg:1696.87ms
step:3250/6200 val_loss:3.4729 train_time:5497862ms step_avg:1696.87ms
step:3251/6200 train_loss:3.4925 train_time:5499554ms step_avg:1696.87ms
step:3252/6200 train_loss:3.5300 train_time:5501249ms step_avg:1696.87ms
step:3253/6200 train_loss:3.5798 train_time:5502943ms step_avg:1696.87ms
step:3254/6200 train_loss:3.7024 train_time:5504639ms step_avg:1696.87ms
step:3255/6200 train_loss:3.7703 train_time:5506334ms step_avg:1696.87ms
step:3256/6200 train_loss:3.1937 train_time:5508030ms step_avg:1696.87ms
step:3257/6200 train_loss:3.4801 train_time:5509725ms step_avg:1696.87ms
step:3258/6200 train_loss:3.6196 train_time:5511418ms step_avg:1696.87ms
step:3259/6200 train_loss:3.4246 train_time:5513113ms step_avg:1696.86ms
step:3260/6200 train_loss:3.4399 train_time:5514810ms step_avg:1696.86ms
step:3261/6200 train_loss:3.3776 train_time:5516507ms step_avg:1696.86ms
step:3262/6200 train_loss:3.3910 train_time:5518203ms step_avg:1696.86ms
step:3263/6200 train_loss:3.4294 train_time:5519900ms step_avg:1696.86ms
step:3264/6200 train_loss:3.4909 train_time:5521599ms step_avg:1696.87ms
step:3265/6200 train_loss:3.4586 train_time:5523294ms step_avg:1696.86ms
step:3266/6200 train_loss:3.4292 train_time:5524986ms step_avg:1696.86ms
step:3267/6200 train_loss:3.4897 train_time:5526681ms step_avg:1696.86ms
step:3268/6200 train_loss:3.6396 train_time:5528377ms step_avg:1696.86ms
step:3269/6200 train_loss:3.4512 train_time:5530072ms step_avg:1696.86ms
step:3270/6200 train_loss:3.4085 train_time:5531763ms step_avg:1696.86ms
step:3271/6200 train_loss:3.4598 train_time:5533457ms step_avg:1696.86ms
step:3272/6200 train_loss:3.4025 train_time:5535154ms step_avg:1696.86ms
step:3273/6200 train_loss:3.7681 train_time:5536850ms step_avg:1696.86ms
step:3274/6200 train_loss:3.4988 train_time:5538547ms step_avg:1696.86ms
step:3275/6200 train_loss:3.4548 train_time:5540245ms step_avg:1696.86ms
step:3276/6200 train_loss:3.3563 train_time:5541942ms step_avg:1696.86ms
step:3277/6200 train_loss:3.4526 train_time:5543639ms step_avg:1696.86ms
step:3278/6200 train_loss:3.4820 train_time:5545335ms step_avg:1696.86ms
step:3279/6200 train_loss:3.5789 train_time:5547033ms step_avg:1696.86ms
step:3280/6200 train_loss:3.4512 train_time:5548729ms step_avg:1696.86ms
step:3281/6200 train_loss:3.4673 train_time:5550426ms step_avg:1696.86ms
step:3282/6200 train_loss:3.4266 train_time:5552121ms step_avg:1696.86ms
step:3283/6200 train_loss:3.4133 train_time:5553817ms step_avg:1696.86ms
step:3284/6200 train_loss:3.6072 train_time:5555514ms step_avg:1696.86ms
step:3285/6200 train_loss:3.4254 train_time:5557214ms step_avg:1696.86ms
step:3286/6200 train_loss:3.5050 train_time:5558908ms step_avg:1696.86ms
step:3287/6200 train_loss:3.2297 train_time:5560606ms step_avg:1696.86ms
step:3288/6200 train_loss:3.7379 train_time:5562299ms step_avg:1696.86ms
step:3289/6200 train_loss:3.4268 train_time:5563993ms step_avg:1696.86ms
step:3290/6200 train_loss:3.2945 train_time:5565687ms step_avg:1696.86ms
step:3291/6200 train_loss:3.5404 train_time:5567382ms step_avg:1696.86ms
step:3292/6200 train_loss:3.3937 train_time:5569077ms step_avg:1696.85ms
step:3293/6200 train_loss:3.4937 train_time:5570772ms step_avg:1696.85ms
step:3294/6200 train_loss:3.7452 train_time:5572466ms step_avg:1696.85ms
step:3295/6200 train_loss:3.3447 train_time:5574159ms step_avg:1696.85ms
step:3296/6200 train_loss:3.3107 train_time:5575851ms step_avg:1696.85ms
step:3297/6200 train_loss:3.3986 train_time:5577548ms step_avg:1696.85ms
step:3298/6200 train_loss:3.4922 train_time:5579246ms step_avg:1696.85ms
step:3299/6200 train_loss:3.3056 train_time:5580943ms step_avg:1696.85ms
step:3300/6200 train_loss:3.6403 train_time:5582643ms step_avg:1696.85ms
step:3301/6200 train_loss:3.4977 train_time:5584340ms step_avg:1696.85ms
step:3302/6200 train_loss:3.5511 train_time:5586039ms step_avg:1696.85ms
step:3303/6200 train_loss:3.3109 train_time:5587737ms step_avg:1696.85ms
step:3304/6200 train_loss:3.4295 train_time:5589437ms step_avg:1696.85ms
step:3305/6200 train_loss:3.4708 train_time:5591136ms step_avg:1696.85ms
step:3306/6200 train_loss:3.4847 train_time:5592835ms step_avg:1696.86ms
step:3307/6200 train_loss:3.4391 train_time:5594531ms step_avg:1696.85ms
step:3308/6200 train_loss:3.5728 train_time:5596228ms step_avg:1696.86ms
step:3309/6200 train_loss:3.3557 train_time:5597928ms step_avg:1696.86ms
step:3310/6200 train_loss:3.2354 train_time:5599625ms step_avg:1696.86ms
step:3311/6200 train_loss:3.6157 train_time:5601318ms step_avg:1696.85ms
step:3312/6200 train_loss:3.4371 train_time:5603014ms step_avg:1696.85ms
step:3313/6200 train_loss:3.5183 train_time:5604710ms step_avg:1696.85ms
step:3314/6200 train_loss:3.4397 train_time:5606405ms step_avg:1696.85ms
step:3315/6200 train_loss:3.3666 train_time:5608097ms step_avg:1696.85ms
step:3316/6200 train_loss:3.6024 train_time:5609792ms step_avg:1696.85ms
step:3317/6200 train_loss:3.3558 train_time:5611484ms step_avg:1696.85ms
step:3318/6200 train_loss:3.4132 train_time:5613176ms step_avg:1696.85ms
step:3319/6200 train_loss:3.4280 train_time:5614871ms step_avg:1696.85ms
step:3320/6200 train_loss:3.3874 train_time:5616565ms step_avg:1696.85ms
step:3321/6200 train_loss:3.3688 train_time:5618261ms step_avg:1696.85ms
step:3322/6200 train_loss:3.5379 train_time:5619956ms step_avg:1696.85ms
step:3323/6200 train_loss:3.4038 train_time:5621651ms step_avg:1696.85ms
step:3324/6200 train_loss:3.2407 train_time:5623345ms step_avg:1696.85ms
step:3325/6200 train_loss:3.4228 train_time:5625041ms step_avg:1696.84ms
step:3326/6200 train_loss:3.6620 train_time:5626736ms step_avg:1696.84ms
step:3327/6200 train_loss:3.2983 train_time:5628428ms step_avg:1696.84ms
step:3328/6200 train_loss:3.3634 train_time:5630120ms step_avg:1696.84ms
step:3329/6200 train_loss:3.3546 train_time:5631815ms step_avg:1696.84ms
step:3330/6200 train_loss:3.5731 train_time:5633513ms step_avg:1696.84ms
step:3331/6200 train_loss:3.6349 train_time:5635209ms step_avg:1696.84ms
step:3332/6200 train_loss:3.7234 train_time:5636905ms step_avg:1696.84ms
step:3333/6200 train_loss:3.4730 train_time:5638601ms step_avg:1696.84ms
step:3334/6200 train_loss:3.2216 train_time:5640300ms step_avg:1696.84ms
step:3335/6200 train_loss:3.4250 train_time:5641999ms step_avg:1696.84ms
step:3336/6200 train_loss:3.6127 train_time:5643697ms step_avg:1696.84ms
step:3337/6200 train_loss:3.4477 train_time:5645393ms step_avg:1696.84ms
step:3338/6200 train_loss:3.5214 train_time:5647091ms step_avg:1696.84ms
step:3339/6200 train_loss:3.3597 train_time:5648791ms step_avg:1696.84ms
step:3340/6200 train_loss:3.3707 train_time:5650491ms step_avg:1696.84ms
step:3341/6200 train_loss:3.5923 train_time:5652186ms step_avg:1696.84ms
step:3342/6200 train_loss:3.4679 train_time:5653880ms step_avg:1696.84ms
step:3343/6200 train_loss:3.5886 train_time:5655576ms step_avg:1696.84ms
step:3344/6200 train_loss:3.2748 train_time:5657271ms step_avg:1696.84ms
step:3345/6200 train_loss:3.6015 train_time:5658969ms step_avg:1696.84ms
step:3346/6200 train_loss:3.4736 train_time:5660664ms step_avg:1696.84ms
step:3347/6200 train_loss:3.6965 train_time:5662358ms step_avg:1696.84ms
step:3348/6200 train_loss:3.5358 train_time:5664054ms step_avg:1696.84ms
step:3349/6200 train_loss:3.5693 train_time:5665749ms step_avg:1696.84ms
step:3350/6200 train_loss:3.3892 train_time:5667445ms step_avg:1696.84ms
step:3351/6200 train_loss:3.4658 train_time:5669140ms step_avg:1696.84ms
step:3352/6200 train_loss:3.4155 train_time:5670833ms step_avg:1696.84ms
step:3353/6200 train_loss:3.5646 train_time:5672530ms step_avg:1696.84ms
step:3354/6200 train_loss:3.2897 train_time:5674225ms step_avg:1696.84ms
step:3355/6200 train_loss:3.2646 train_time:5675920ms step_avg:1696.84ms
step:3356/6200 train_loss:3.4348 train_time:5677617ms step_avg:1696.84ms
step:3357/6200 train_loss:3.4954 train_time:5679315ms step_avg:1696.84ms
step:3358/6200 train_loss:3.5126 train_time:5681010ms step_avg:1696.84ms
step:3359/6200 train_loss:3.3745 train_time:5682705ms step_avg:1696.84ms
step:3360/6200 train_loss:3.5701 train_time:5684400ms step_avg:1696.84ms
step:3361/6200 train_loss:3.3856 train_time:5686097ms step_avg:1696.84ms
step:3362/6200 train_loss:3.4675 train_time:5687791ms step_avg:1696.84ms
step:3363/6200 train_loss:3.3973 train_time:5689489ms step_avg:1696.84ms
step:3364/6200 train_loss:3.4527 train_time:5691187ms step_avg:1696.84ms
step:3365/6200 train_loss:3.3964 train_time:5692881ms step_avg:1696.83ms
step:3366/6200 train_loss:3.2928 train_time:5694578ms step_avg:1696.84ms
step:3367/6200 train_loss:3.4361 train_time:5696277ms step_avg:1696.84ms
step:3368/6200 train_loss:3.5034 train_time:5697975ms step_avg:1696.84ms
step:3369/6200 train_loss:3.4029 train_time:5699669ms step_avg:1696.84ms
step:3370/6200 train_loss:3.5994 train_time:5701364ms step_avg:1696.83ms
step:3371/6200 train_loss:3.4209 train_time:5703061ms step_avg:1696.83ms
step:3372/6200 train_loss:3.3622 train_time:5704756ms step_avg:1696.83ms
step:3373/6200 train_loss:3.5391 train_time:5706453ms step_avg:1696.83ms
step:3374/6200 train_loss:3.6245 train_time:5708150ms step_avg:1696.83ms
step:3375/6200 train_loss:3.3922 train_time:5709845ms step_avg:1696.83ms
step:3375/6200 val_loss:3.4679 train_time:5709860ms step_avg:1696.84ms
step:3376/6200 train_loss:3.6089 train_time:5711551ms step_avg:1696.84ms
step:3377/6200 train_loss:3.5523 train_time:5713246ms step_avg:1696.84ms
step:3378/6200 train_loss:3.6557 train_time:5714943ms step_avg:1696.84ms
step:3379/6200 train_loss:3.4570 train_time:5716638ms step_avg:1696.84ms
step:3380/6200 train_loss:3.3816 train_time:5718332ms step_avg:1696.83ms
step:3381/6200 train_loss:3.5127 train_time:5720030ms step_avg:1696.83ms
step:3382/6200 train_loss:3.5034 train_time:5721723ms step_avg:1696.83ms
step:3383/6200 train_loss:3.3469 train_time:5723418ms step_avg:1696.83ms
step:3384/6200 train_loss:3.3884 train_time:5725113ms step_avg:1696.83ms
step:3385/6200 train_loss:3.2524 train_time:5726811ms step_avg:1696.83ms
step:3386/6200 train_loss:3.5213 train_time:5728508ms step_avg:1696.83ms
step:3387/6200 train_loss:3.3381 train_time:5730204ms step_avg:1696.83ms
step:3388/6200 train_loss:3.3967 train_time:5731897ms step_avg:1696.83ms
step:3389/6200 train_loss:3.6135 train_time:5733591ms step_avg:1696.83ms
step:3390/6200 train_loss:3.4085 train_time:5735286ms step_avg:1696.83ms
step:3391/6200 train_loss:3.5242 train_time:5736979ms step_avg:1696.83ms
step:3392/6200 train_loss:3.5566 train_time:5738672ms step_avg:1696.83ms
step:3393/6200 train_loss:4.1281 train_time:5740365ms step_avg:1696.83ms
step:3394/6200 train_loss:3.4306 train_time:5742059ms step_avg:1696.83ms
step:3395/6200 train_loss:3.3448 train_time:5743753ms step_avg:1696.83ms
step:3396/6200 train_loss:3.2486 train_time:5745448ms step_avg:1696.82ms
step:3397/6200 train_loss:3.5192 train_time:5747143ms step_avg:1696.82ms
step:3398/6200 train_loss:3.4086 train_time:5748838ms step_avg:1696.82ms
step:3399/6200 train_loss:3.5072 train_time:5750532ms step_avg:1696.82ms
step:3400/6200 train_loss:3.3376 train_time:5752226ms step_avg:1696.82ms
step:3401/6200 train_loss:3.3450 train_time:5753921ms step_avg:1696.82ms
step:3402/6200 train_loss:3.7797 train_time:5755617ms step_avg:1696.82ms
step:3403/6200 train_loss:3.3545 train_time:5757313ms step_avg:1696.82ms
step:3404/6200 train_loss:3.5500 train_time:5759008ms step_avg:1696.82ms
step:3405/6200 train_loss:3.5053 train_time:5760704ms step_avg:1696.82ms
step:3406/6200 train_loss:3.3295 train_time:5762400ms step_avg:1696.82ms
step:3407/6200 train_loss:3.2628 train_time:5764095ms step_avg:1696.82ms
step:3408/6200 train_loss:3.6229 train_time:5765787ms step_avg:1696.82ms
step:3409/6200 train_loss:3.3788 train_time:5767480ms step_avg:1696.82ms
step:3410/6200 train_loss:3.4093 train_time:5769176ms step_avg:1696.82ms
step:3411/6200 train_loss:3.4563 train_time:5770871ms step_avg:1696.82ms
step:3412/6200 train_loss:3.2959 train_time:5772567ms step_avg:1696.82ms
step:3413/6200 train_loss:3.4864 train_time:5774265ms step_avg:1696.82ms
step:3414/6200 train_loss:3.3437 train_time:5775961ms step_avg:1696.82ms
step:3415/6200 train_loss:3.4135 train_time:5777656ms step_avg:1696.82ms
step:3416/6200 train_loss:3.5018 train_time:5779349ms step_avg:1696.81ms
step:3417/6200 train_loss:3.3407 train_time:5781041ms step_avg:1696.81ms
step:3418/6200 train_loss:3.5233 train_time:5782735ms step_avg:1696.81ms
step:3419/6200 train_loss:3.4175 train_time:5784430ms step_avg:1696.81ms
step:3420/6200 train_loss:3.3157 train_time:5786125ms step_avg:1696.81ms
step:3421/6200 train_loss:3.4154 train_time:5787821ms step_avg:1696.81ms
step:3422/6200 train_loss:3.3575 train_time:5789520ms step_avg:1696.81ms
step:3423/6200 train_loss:3.4981 train_time:5791218ms step_avg:1696.81ms
step:3424/6200 train_loss:3.3859 train_time:5792914ms step_avg:1696.81ms
step:3425/6200 train_loss:3.3764 train_time:5794609ms step_avg:1696.81ms
step:3426/6200 train_loss:3.6964 train_time:5796304ms step_avg:1696.81ms
step:3427/6200 train_loss:3.2117 train_time:5797998ms step_avg:1696.81ms
step:3428/6200 train_loss:3.4956 train_time:5799694ms step_avg:1696.81ms
step:3429/6200 train_loss:3.4362 train_time:5801391ms step_avg:1696.81ms
step:3430/6200 train_loss:3.4172 train_time:5803088ms step_avg:1696.81ms
step:3431/6200 train_loss:3.3691 train_time:5804785ms step_avg:1696.81ms
step:3432/6200 train_loss:3.3576 train_time:5806500ms step_avg:1696.81ms
step:3433/6200 train_loss:3.3183 train_time:5808198ms step_avg:1696.82ms
step:3434/6200 train_loss:3.4049 train_time:5809895ms step_avg:1696.82ms
step:3435/6200 train_loss:3.2082 train_time:5811590ms step_avg:1696.81ms
step:3436/6200 train_loss:3.5114 train_time:5813287ms step_avg:1696.81ms
step:3437/6200 train_loss:3.4102 train_time:5814983ms step_avg:1696.81ms
step:3438/6200 train_loss:3.4685 train_time:5816681ms step_avg:1696.81ms
step:3439/6200 train_loss:3.5385 train_time:5818377ms step_avg:1696.81ms
step:3440/6200 train_loss:3.5109 train_time:5820074ms step_avg:1696.81ms
step:3441/6200 train_loss:3.2520 train_time:5821769ms step_avg:1696.81ms
step:3442/6200 train_loss:2.9671 train_time:5823467ms step_avg:1696.81ms
step:3443/6200 train_loss:3.2975 train_time:5825163ms step_avg:1696.81ms
step:3444/6200 train_loss:3.5362 train_time:5826861ms step_avg:1696.81ms
step:3445/6200 train_loss:3.4243 train_time:5828556ms step_avg:1696.81ms
step:3446/6200 train_loss:3.4157 train_time:5830252ms step_avg:1696.81ms
step:3447/6200 train_loss:3.2793 train_time:5831950ms step_avg:1696.81ms
step:3448/6200 train_loss:3.4826 train_time:5833647ms step_avg:1696.81ms
step:3449/6200 train_loss:3.3990 train_time:5835342ms step_avg:1696.81ms
step:3450/6200 train_loss:3.3787 train_time:5837040ms step_avg:1696.81ms
step:3451/6200 train_loss:3.3345 train_time:5838737ms step_avg:1696.81ms
step:3452/6200 train_loss:3.3111 train_time:5840435ms step_avg:1696.81ms
step:3453/6200 train_loss:3.5828 train_time:5842129ms step_avg:1696.81ms
step:3454/6200 train_loss:3.5328 train_time:5843826ms step_avg:1696.81ms
step:3455/6200 train_loss:3.4967 train_time:5845522ms step_avg:1696.81ms
step:3456/6200 train_loss:3.4408 train_time:5847218ms step_avg:1696.81ms
step:3457/6200 train_loss:3.4436 train_time:5848914ms step_avg:1696.81ms
step:3458/6200 train_loss:3.3572 train_time:5850611ms step_avg:1696.81ms
step:3459/6200 train_loss:3.3937 train_time:5852308ms step_avg:1696.81ms
step:3460/6200 train_loss:3.2978 train_time:5854004ms step_avg:1696.81ms
step:3461/6200 train_loss:3.4103 train_time:5855702ms step_avg:1696.81ms
step:3462/6200 train_loss:3.4516 train_time:5857399ms step_avg:1696.81ms
step:3463/6200 train_loss:3.3602 train_time:5859096ms step_avg:1696.81ms
step:3464/6200 train_loss:3.3458 train_time:5860790ms step_avg:1696.81ms
step:3465/6200 train_loss:3.2518 train_time:5862486ms step_avg:1696.81ms
step:3466/6200 train_loss:3.4888 train_time:5864183ms step_avg:1696.81ms
step:3467/6200 train_loss:3.6572 train_time:5865877ms step_avg:1696.81ms
step:3468/6200 train_loss:3.3657 train_time:5867572ms step_avg:1696.81ms
step:3469/6200 train_loss:3.4283 train_time:5869270ms step_avg:1696.81ms
step:3470/6200 train_loss:3.7493 train_time:5870966ms step_avg:1696.81ms
step:3471/6200 train_loss:3.4039 train_time:5872666ms step_avg:1696.81ms
step:3472/6200 train_loss:3.5683 train_time:5874362ms step_avg:1696.81ms
step:3473/6200 train_loss:3.3122 train_time:5876060ms step_avg:1696.81ms
step:3474/6200 train_loss:3.3530 train_time:5877759ms step_avg:1696.81ms
step:3475/6200 train_loss:3.2265 train_time:5879456ms step_avg:1696.81ms
step:3476/6200 train_loss:3.5186 train_time:5881154ms step_avg:1696.81ms
step:3477/6200 train_loss:3.4888 train_time:5882851ms step_avg:1696.81ms
step:3478/6200 train_loss:3.6179 train_time:5884547ms step_avg:1696.81ms
step:3479/6200 train_loss:3.5171 train_time:5886245ms step_avg:1696.81ms
step:3480/6200 train_loss:3.3005 train_time:5887943ms step_avg:1696.81ms
step:3481/6200 train_loss:3.2030 train_time:5889639ms step_avg:1696.81ms
step:3482/6200 train_loss:3.6123 train_time:5891338ms step_avg:1696.81ms
step:3483/6200 train_loss:3.5349 train_time:5893033ms step_avg:1696.81ms
step:3484/6200 train_loss:3.4305 train_time:5894732ms step_avg:1696.81ms
step:3485/6200 train_loss:3.2364 train_time:5896427ms step_avg:1696.81ms
step:3486/6200 train_loss:3.5456 train_time:5898123ms step_avg:1696.81ms
step:3487/6200 train_loss:3.4630 train_time:5899817ms step_avg:1696.81ms
step:3488/6200 train_loss:3.4403 train_time:5901510ms step_avg:1696.81ms
step:3489/6200 train_loss:3.4584 train_time:5903205ms step_avg:1696.81ms
step:3490/6200 train_loss:3.3550 train_time:5904902ms step_avg:1696.81ms
step:3491/6200 train_loss:3.4053 train_time:5906597ms step_avg:1696.81ms
step:3492/6200 train_loss:3.5104 train_time:5908291ms step_avg:1696.81ms
step:3493/6200 train_loss:3.2490 train_time:5909985ms step_avg:1696.81ms
step:3494/6200 train_loss:3.3614 train_time:5911682ms step_avg:1696.81ms
step:3495/6200 train_loss:3.7156 train_time:5913378ms step_avg:1696.81ms
step:3496/6200 train_loss:3.3753 train_time:5915074ms step_avg:1696.81ms
step:3497/6200 train_loss:3.5667 train_time:5916767ms step_avg:1696.81ms
step:3498/6200 train_loss:3.6733 train_time:5918458ms step_avg:1696.81ms
step:3499/6200 train_loss:3.4715 train_time:5920150ms step_avg:1696.80ms
step:3500/6200 train_loss:3.5031 train_time:5921845ms step_avg:1696.80ms
step:3500/6200 val_loss:3.4607 train_time:5921859ms step_avg:1696.81ms
step:3501/6200 train_loss:3.3750 train_time:5923552ms step_avg:1696.81ms
step:3502/6200 train_loss:3.4446 train_time:5925249ms step_avg:1696.81ms
step:3503/6200 train_loss:3.8316 train_time:5926944ms step_avg:1696.81ms
step:3504/6200 train_loss:3.2901 train_time:5928640ms step_avg:1696.81ms
step:3505/6200 train_loss:3.4430 train_time:5930337ms step_avg:1696.81ms
step:3506/6200 train_loss:3.5069 train_time:5932034ms step_avg:1696.81ms
step:3507/6200 train_loss:3.3975 train_time:5933729ms step_avg:1696.81ms
step:3508/6200 train_loss:3.5223 train_time:5935430ms step_avg:1696.81ms
step:3509/6200 train_loss:3.5663 train_time:5937126ms step_avg:1696.81ms
step:3510/6200 train_loss:3.1832 train_time:5938825ms step_avg:1696.81ms
step:3511/6200 train_loss:3.4315 train_time:5940524ms step_avg:1696.81ms
step:3512/6200 train_loss:3.4952 train_time:5942223ms step_avg:1696.81ms
step:3513/6200 train_loss:3.3363 train_time:5943920ms step_avg:1696.81ms
step:3514/6200 train_loss:3.3793 train_time:5945618ms step_avg:1696.81ms
step:3515/6200 train_loss:3.6006 train_time:5947309ms step_avg:1696.81ms
step:3516/6200 train_loss:3.4097 train_time:5949003ms step_avg:1696.81ms
step:3517/6200 train_loss:3.3155 train_time:5950703ms step_avg:1696.81ms
step:3518/6200 train_loss:3.3130 train_time:5952395ms step_avg:1696.81ms
step:3519/6200 train_loss:3.7051 train_time:5954089ms step_avg:1696.81ms
step:3520/6200 train_loss:3.4620 train_time:5955785ms step_avg:1696.80ms
step:3521/6200 train_loss:3.2644 train_time:5957478ms step_avg:1696.80ms
step:3522/6200 train_loss:3.5223 train_time:5959173ms step_avg:1696.80ms
step:3523/6200 train_loss:3.3249 train_time:5960865ms step_avg:1696.80ms
step:3524/6200 train_loss:3.5233 train_time:5962558ms step_avg:1696.80ms
step:3525/6200 train_loss:3.5644 train_time:5964252ms step_avg:1696.80ms
step:3526/6200 train_loss:3.4540 train_time:5965944ms step_avg:1696.80ms
step:3527/6200 train_loss:3.6422 train_time:5967639ms step_avg:1696.80ms
step:3528/6200 train_loss:3.4760 train_time:5969336ms step_avg:1696.80ms
step:3529/6200 train_loss:3.6577 train_time:5971030ms step_avg:1696.80ms
step:3530/6200 train_loss:3.3528 train_time:5972724ms step_avg:1696.80ms
step:3531/6200 train_loss:3.3766 train_time:5974419ms step_avg:1696.80ms
step:3532/6200 train_loss:3.5310 train_time:5976114ms step_avg:1696.80ms
step:3533/6200 train_loss:3.4702 train_time:5977808ms step_avg:1696.79ms
step:3534/6200 train_loss:3.5646 train_time:5979501ms step_avg:1696.79ms
step:3535/6200 train_loss:3.4213 train_time:5981190ms step_avg:1696.79ms
step:3536/6200 train_loss:3.2206 train_time:5982885ms step_avg:1696.79ms
step:3537/6200 train_loss:3.3794 train_time:5984579ms step_avg:1696.79ms
step:3538/6200 train_loss:3.4940 train_time:5986274ms step_avg:1696.79ms
step:3539/6200 train_loss:3.5144 train_time:5987969ms step_avg:1696.79ms
step:3540/6200 train_loss:3.7902 train_time:5989661ms step_avg:1696.79ms
step:3541/6200 train_loss:3.3180 train_time:5991354ms step_avg:1696.79ms
step:3542/6200 train_loss:3.3296 train_time:5993047ms step_avg:1696.79ms
step:3543/6200 train_loss:3.4619 train_time:5994740ms step_avg:1696.78ms
step:3544/6200 train_loss:3.2567 train_time:5996433ms step_avg:1696.78ms
step:3545/6200 train_loss:3.5345 train_time:5998125ms step_avg:1696.78ms
step:3546/6200 train_loss:3.6806 train_time:5999814ms step_avg:1696.78ms
step:3547/6200 train_loss:3.4647 train_time:6001507ms step_avg:1696.78ms
step:3548/6200 train_loss:3.4175 train_time:6003202ms step_avg:1696.78ms
step:3549/6200 train_loss:3.4479 train_time:6004892ms step_avg:1696.78ms
step:3550/6200 train_loss:3.2664 train_time:6006585ms step_avg:1696.78ms
step:3551/6200 train_loss:3.3580 train_time:6008281ms step_avg:1696.78ms
step:3552/6200 train_loss:3.3841 train_time:6009973ms step_avg:1696.77ms
step:3553/6200 train_loss:3.5556 train_time:6011670ms step_avg:1696.77ms
step:3554/6200 train_loss:3.2781 train_time:6013365ms step_avg:1696.77ms
step:3555/6200 train_loss:3.6694 train_time:6015062ms step_avg:1696.77ms
step:3556/6200 train_loss:3.3555 train_time:6016757ms step_avg:1696.77ms
step:3557/6200 train_loss:3.6549 train_time:6018452ms step_avg:1696.77ms
step:3558/6200 train_loss:3.7381 train_time:6020145ms step_avg:1696.77ms
step:3559/6200 train_loss:3.2617 train_time:6021838ms step_avg:1696.77ms
step:3560/6200 train_loss:3.5701 train_time:6023532ms step_avg:1696.77ms
step:3561/6200 train_loss:3.3567 train_time:6025225ms step_avg:1696.77ms
step:3562/6200 train_loss:3.4159 train_time:6026923ms step_avg:1696.77ms
step:3563/6200 train_loss:3.1552 train_time:6028619ms step_avg:1696.77ms
step:3564/6200 train_loss:3.3178 train_time:6030313ms step_avg:1696.77ms
step:3565/6200 train_loss:3.9529 train_time:6032008ms step_avg:1696.77ms
step:3566/6200 train_loss:3.5083 train_time:6033704ms step_avg:1696.77ms
step:3567/6200 train_loss:3.3782 train_time:6035400ms step_avg:1696.77ms
step:3568/6200 train_loss:3.4125 train_time:6037095ms step_avg:1696.77ms
step:3569/6200 train_loss:3.3516 train_time:6038789ms step_avg:1696.77ms
step:3570/6200 train_loss:3.7503 train_time:6040487ms step_avg:1696.77ms
step:3571/6200 train_loss:3.4275 train_time:6042182ms step_avg:1696.77ms
step:3572/6200 train_loss:3.3017 train_time:6043879ms step_avg:1696.77ms
step:3573/6200 train_loss:3.6301 train_time:6045571ms step_avg:1696.76ms
step:3574/6200 train_loss:3.2802 train_time:6047269ms step_avg:1696.76ms
step:3575/6200 train_loss:3.3846 train_time:6048964ms step_avg:1696.76ms
step:3576/6200 train_loss:3.5609 train_time:6050660ms step_avg:1696.76ms
step:3577/6200 train_loss:3.5311 train_time:6052357ms step_avg:1696.76ms
step:3578/6200 train_loss:3.4048 train_time:6054051ms step_avg:1696.76ms
step:3579/6200 train_loss:3.5062 train_time:6055748ms step_avg:1696.76ms
step:3580/6200 train_loss:3.3833 train_time:6057444ms step_avg:1696.76ms
step:3581/6200 train_loss:3.4089 train_time:6059140ms step_avg:1696.76ms
step:3582/6200 train_loss:3.4913 train_time:6060837ms step_avg:1696.76ms
step:3583/6200 train_loss:3.4920 train_time:6062534ms step_avg:1696.76ms
step:3584/6200 train_loss:3.4911 train_time:6064228ms step_avg:1696.76ms
step:3585/6200 train_loss:3.4524 train_time:6065922ms step_avg:1696.76ms
step:3586/6200 train_loss:3.4164 train_time:6067615ms step_avg:1696.76ms
step:3587/6200 train_loss:3.5482 train_time:6069308ms step_avg:1696.76ms
step:3588/6200 train_loss:3.3650 train_time:6071003ms step_avg:1696.76ms
step:3589/6200 train_loss:3.4924 train_time:6072695ms step_avg:1696.76ms
step:3590/6200 train_loss:3.5192 train_time:6074386ms step_avg:1696.76ms
step:3591/6200 train_loss:3.4238 train_time:6076084ms step_avg:1696.76ms
step:3592/6200 train_loss:3.5002 train_time:6077784ms step_avg:1696.76ms
step:3593/6200 train_loss:3.4576 train_time:6079480ms step_avg:1696.76ms
step:3594/6200 train_loss:3.3978 train_time:6081176ms step_avg:1696.76ms
step:3595/6200 train_loss:3.4971 train_time:6082871ms step_avg:1696.76ms
step:3596/6200 train_loss:3.5714 train_time:6084562ms step_avg:1696.75ms
step:3597/6200 train_loss:3.4326 train_time:6086257ms step_avg:1696.75ms
step:3598/6200 train_loss:3.7668 train_time:6087952ms step_avg:1696.75ms
step:3599/6200 train_loss:3.0758 train_time:6089645ms step_avg:1696.75ms
step:3600/6200 train_loss:3.5081 train_time:6091341ms step_avg:1696.75ms
step:3601/6200 train_loss:3.5376 train_time:6093037ms step_avg:1696.75ms
step:3602/6200 train_loss:3.3840 train_time:6094733ms step_avg:1696.75ms
step:3603/6200 train_loss:3.4929 train_time:6096429ms step_avg:1696.75ms
step:3604/6200 train_loss:3.3528 train_time:6098126ms step_avg:1696.75ms
step:3605/6200 train_loss:3.4190 train_time:6099819ms step_avg:1696.75ms
step:3606/6200 train_loss:3.7232 train_time:6101514ms step_avg:1696.75ms
step:3607/6200 train_loss:3.4216 train_time:6103211ms step_avg:1696.75ms
step:3608/6200 train_loss:3.4159 train_time:6104905ms step_avg:1696.75ms
step:3609/6200 train_loss:3.3726 train_time:6106596ms step_avg:1696.75ms
step:3610/6200 train_loss:3.4198 train_time:6108289ms step_avg:1696.75ms
step:3611/6200 train_loss:3.3794 train_time:6109986ms step_avg:1696.75ms
step:3612/6200 train_loss:3.3396 train_time:6111680ms step_avg:1696.75ms
step:3613/6200 train_loss:3.2027 train_time:6113377ms step_avg:1696.75ms
step:3614/6200 train_loss:3.5938 train_time:6115073ms step_avg:1696.75ms
step:3615/6200 train_loss:3.3080 train_time:6116770ms step_avg:1696.75ms
step:3616/6200 train_loss:3.5063 train_time:6118466ms step_avg:1696.75ms
step:3617/6200 train_loss:3.6964 train_time:6120162ms step_avg:1696.75ms
step:3618/6200 train_loss:3.4575 train_time:6121858ms step_avg:1696.75ms
step:3619/6200 train_loss:4.1653 train_time:6123555ms step_avg:1696.75ms
step:3620/6200 train_loss:3.4466 train_time:6125250ms step_avg:1696.75ms
step:3621/6200 train_loss:3.3959 train_time:6126947ms step_avg:1696.75ms
step:3622/6200 train_loss:3.3926 train_time:6128649ms step_avg:1696.75ms
step:3623/6200 train_loss:3.1765 train_time:6130346ms step_avg:1696.75ms
step:3624/6200 train_loss:3.3980 train_time:6132040ms step_avg:1696.75ms
step:3625/6200 train_loss:3.4397 train_time:6133734ms step_avg:1696.75ms
step:3625/6200 val_loss:3.4593 train_time:6133748ms step_avg:1696.75ms
step:3626/6200 train_loss:3.3366 train_time:6135437ms step_avg:1696.75ms
step:3627/6200 train_loss:3.4366 train_time:6137134ms step_avg:1696.75ms
step:3628/6200 train_loss:3.4853 train_time:6138831ms step_avg:1696.75ms
step:3629/6200 train_loss:3.5269 train_time:6140529ms step_avg:1696.75ms
step:3630/6200 train_loss:3.8507 train_time:6142225ms step_avg:1696.75ms
step:3631/6200 train_loss:3.4057 train_time:6143919ms step_avg:1696.75ms
step:3632/6200 train_loss:3.4920 train_time:6145615ms step_avg:1696.75ms
step:3633/6200 train_loss:3.3862 train_time:6147310ms step_avg:1696.75ms
step:3634/6200 train_loss:3.4877 train_time:6149008ms step_avg:1696.75ms
step:3635/6200 train_loss:3.4220 train_time:6150703ms step_avg:1696.75ms
step:3636/6200 train_loss:3.1738 train_time:6152400ms step_avg:1696.75ms
step:3637/6200 train_loss:3.3955 train_time:6154095ms step_avg:1696.75ms
step:3638/6200 train_loss:3.6134 train_time:6155792ms step_avg:1696.75ms
step:3639/6200 train_loss:3.4066 train_time:6157489ms step_avg:1696.75ms
step:3640/6200 train_loss:3.3365 train_time:6159185ms step_avg:1696.75ms
step:3641/6200 train_loss:3.3414 train_time:6160880ms step_avg:1696.74ms
step:3642/6200 train_loss:3.4725 train_time:6162575ms step_avg:1696.74ms
step:3643/6200 train_loss:3.3023 train_time:6164272ms step_avg:1696.74ms
step:3644/6200 train_loss:3.4878 train_time:6165967ms step_avg:1696.74ms
step:3645/6200 train_loss:3.2181 train_time:6167662ms step_avg:1696.74ms
step:3646/6200 train_loss:3.6050 train_time:6169360ms step_avg:1696.74ms
step:3647/6200 train_loss:3.5365 train_time:6171057ms step_avg:1696.74ms
step:3648/6200 train_loss:3.3546 train_time:6172753ms step_avg:1696.74ms
step:3649/6200 train_loss:3.3834 train_time:6174450ms step_avg:1696.74ms
step:3650/6200 train_loss:3.3586 train_time:6176145ms step_avg:1696.74ms
step:3651/6200 train_loss:3.4464 train_time:6177841ms step_avg:1696.74ms
step:3652/6200 train_loss:3.4102 train_time:6179540ms step_avg:1696.74ms
step:3653/6200 train_loss:3.4912 train_time:6181238ms step_avg:1696.74ms
step:3654/6200 train_loss:3.9023 train_time:6182935ms step_avg:1696.74ms
step:3655/6200 train_loss:3.2675 train_time:6184630ms step_avg:1696.74ms
step:3656/6200 train_loss:3.3657 train_time:6186328ms step_avg:1696.74ms
step:3657/6200 train_loss:3.3540 train_time:6188023ms step_avg:1696.74ms
step:3658/6200 train_loss:3.5803 train_time:6189721ms step_avg:1696.74ms
step:3659/6200 train_loss:3.3731 train_time:6191421ms step_avg:1696.74ms
step:3660/6200 train_loss:3.5132 train_time:6193121ms step_avg:1696.75ms
step:3661/6200 train_loss:3.3098 train_time:6194819ms step_avg:1696.75ms
step:3662/6200 train_loss:3.5707 train_time:6196517ms step_avg:1696.75ms
step:3663/6200 train_loss:3.4145 train_time:6198215ms step_avg:1696.75ms
step:3664/6200 train_loss:3.4982 train_time:6199912ms step_avg:1696.75ms
step:3665/6200 train_loss:3.4025 train_time:6201609ms step_avg:1696.75ms
step:3666/6200 train_loss:3.6033 train_time:6203306ms step_avg:1696.75ms
step:3667/6200 train_loss:3.3325 train_time:6205006ms step_avg:1696.75ms
step:3668/6200 train_loss:3.3396 train_time:6206704ms step_avg:1696.75ms
step:3669/6200 train_loss:3.5086 train_time:6208402ms step_avg:1696.75ms
step:3670/6200 train_loss:3.5070 train_time:6210102ms step_avg:1696.75ms
step:3671/6200 train_loss:3.3473 train_time:6211798ms step_avg:1696.75ms
step:3672/6200 train_loss:3.3947 train_time:6213495ms step_avg:1696.75ms
step:3673/6200 train_loss:3.4016 train_time:6215193ms step_avg:1696.75ms
step:3674/6200 train_loss:3.4622 train_time:6216891ms step_avg:1696.75ms
step:3675/6200 train_loss:3.3360 train_time:6218588ms step_avg:1696.75ms
step:3676/6200 train_loss:3.4217 train_time:6220285ms step_avg:1696.75ms
step:3677/6200 train_loss:3.3523 train_time:6221982ms step_avg:1696.75ms
step:3678/6200 train_loss:3.4460 train_time:6223679ms step_avg:1696.75ms
step:3679/6200 train_loss:3.6487 train_time:6225378ms step_avg:1696.75ms
step:3680/6200 train_loss:3.4176 train_time:6227076ms step_avg:1696.75ms
step:3681/6200 train_loss:3.3751 train_time:6228772ms step_avg:1696.75ms
step:3682/6200 train_loss:3.2938 train_time:6230469ms step_avg:1696.75ms
step:3683/6200 train_loss:3.4327 train_time:6232165ms step_avg:1696.75ms
step:3684/6200 train_loss:3.5902 train_time:6233860ms step_avg:1696.75ms
step:3685/6200 train_loss:3.6663 train_time:6235556ms step_avg:1696.75ms
step:3686/6200 train_loss:3.5245 train_time:6237254ms step_avg:1696.75ms
step:3687/6200 train_loss:3.3667 train_time:6238950ms step_avg:1696.75ms
step:3688/6200 train_loss:3.2087 train_time:6240647ms step_avg:1696.75ms
step:3689/6200 train_loss:3.4133 train_time:6242344ms step_avg:1696.75ms
step:3690/6200 train_loss:3.5283 train_time:6244042ms step_avg:1696.75ms
step:3691/6200 train_loss:3.4223 train_time:6245739ms step_avg:1696.75ms
step:3692/6200 train_loss:3.5619 train_time:6247435ms step_avg:1696.75ms
step:3693/6200 train_loss:3.7833 train_time:6249134ms step_avg:1696.75ms
step:3694/6200 train_loss:3.4374 train_time:6250834ms step_avg:1696.75ms
step:3695/6200 train_loss:3.6825 train_time:6252533ms step_avg:1696.75ms
step:3696/6200 train_loss:3.4805 train_time:6254234ms step_avg:1696.75ms
step:3697/6200 train_loss:3.4243 train_time:6255936ms step_avg:1696.76ms
step:3698/6200 train_loss:3.5168 train_time:6257637ms step_avg:1696.76ms
step:3699/6200 train_loss:3.4798 train_time:6259333ms step_avg:1696.76ms
step:3700/6200 train_loss:3.5526 train_time:6261032ms step_avg:1696.76ms
step:3701/6200 train_loss:3.4083 train_time:6262730ms step_avg:1696.76ms
step:3702/6200 train_loss:3.5359 train_time:6264429ms step_avg:1696.76ms
step:3703/6200 train_loss:3.4755 train_time:6266129ms step_avg:1696.76ms
step:3704/6200 train_loss:3.5081 train_time:6267828ms step_avg:1696.76ms
step:3705/6200 train_loss:3.2571 train_time:6269526ms step_avg:1696.76ms
step:3706/6200 train_loss:3.6884 train_time:6271228ms step_avg:1696.76ms
step:3707/6200 train_loss:3.4335 train_time:6272931ms step_avg:1696.76ms
step:3708/6200 train_loss:3.4484 train_time:6274629ms step_avg:1696.76ms
step:3709/6200 train_loss:3.3302 train_time:6276328ms step_avg:1696.76ms
step:3710/6200 train_loss:3.4117 train_time:6278027ms step_avg:1696.76ms
step:3711/6200 train_loss:3.5038 train_time:6279727ms step_avg:1696.76ms
step:3712/6200 train_loss:3.3500 train_time:6281429ms step_avg:1696.77ms
step:3713/6200 train_loss:3.3049 train_time:6283130ms step_avg:1696.77ms
step:3714/6200 train_loss:3.4805 train_time:6284831ms step_avg:1696.77ms
step:3715/6200 train_loss:3.3530 train_time:6286529ms step_avg:1696.77ms
step:3716/6200 train_loss:3.2315 train_time:6288227ms step_avg:1696.77ms
step:3717/6200 train_loss:3.3033 train_time:6289925ms step_avg:1696.77ms
step:3718/6200 train_loss:3.4471 train_time:6291628ms step_avg:1696.77ms
step:3719/6200 train_loss:3.3770 train_time:6293329ms step_avg:1696.77ms
step:3720/6200 train_loss:3.3051 train_time:6295028ms step_avg:1696.77ms
step:3721/6200 train_loss:3.5807 train_time:6296726ms step_avg:1696.77ms
step:3722/6200 train_loss:3.5086 train_time:6298422ms step_avg:1696.77ms
step:3723/6200 train_loss:3.7524 train_time:6300120ms step_avg:1696.77ms
step:3724/6200 train_loss:3.3817 train_time:6301818ms step_avg:1696.77ms
step:3725/6200 train_loss:3.3887 train_time:6303513ms step_avg:1696.77ms
step:3726/6200 train_loss:3.3441 train_time:6305210ms step_avg:1696.77ms
step:3727/6200 train_loss:3.7404 train_time:6306909ms step_avg:1696.77ms
step:3728/6200 train_loss:3.3875 train_time:6308607ms step_avg:1696.77ms
step:3729/6200 train_loss:3.3879 train_time:6310305ms step_avg:1696.77ms
step:3730/6200 train_loss:3.6078 train_time:6312004ms step_avg:1696.78ms
step:3731/6200 train_loss:3.6437 train_time:6313702ms step_avg:1696.78ms
step:3732/6200 train_loss:3.4115 train_time:6315402ms step_avg:1696.78ms
step:3733/6200 train_loss:3.3404 train_time:6317100ms step_avg:1696.78ms
step:3734/6200 train_loss:3.2193 train_time:6318801ms step_avg:1696.78ms
step:3735/6200 train_loss:3.4459 train_time:6320498ms step_avg:1696.78ms
step:3736/6200 train_loss:3.3468 train_time:6322198ms step_avg:1696.78ms
step:3737/6200 train_loss:3.3640 train_time:6323898ms step_avg:1696.78ms
step:3738/6200 train_loss:3.4263 train_time:6325597ms step_avg:1696.78ms
step:3739/6200 train_loss:3.2826 train_time:6327298ms step_avg:1696.78ms
step:3740/6200 train_loss:3.5610 train_time:6328995ms step_avg:1696.78ms
step:3741/6200 train_loss:3.4773 train_time:6330696ms step_avg:1696.78ms
step:3742/6200 train_loss:3.2368 train_time:6332395ms step_avg:1696.78ms
step:3743/6200 train_loss:3.4762 train_time:6334096ms step_avg:1696.78ms
step:3744/6200 train_loss:3.3140 train_time:6335796ms step_avg:1696.79ms
step:3745/6200 train_loss:3.0830 train_time:6337494ms step_avg:1696.79ms
step:3746/6200 train_loss:3.4598 train_time:6339200ms step_avg:1696.79ms
step:3747/6200 train_loss:3.4568 train_time:6340900ms step_avg:1696.79ms
step:3748/6200 train_loss:3.4025 train_time:6342601ms step_avg:1696.79ms
step:3749/6200 train_loss:3.4103 train_time:6344300ms step_avg:1696.79ms
step:3750/6200 train_loss:3.8223 train_time:6346001ms step_avg:1696.79ms
step:3750/6200 val_loss:3.4521 train_time:6346015ms step_avg:1696.80ms
step:3751/6200 train_loss:3.4032 train_time:6347706ms step_avg:1696.79ms
step:3752/6200 train_loss:3.5131 train_time:6349405ms step_avg:1696.79ms
step:3753/6200 train_loss:3.4906 train_time:6351101ms step_avg:1696.79ms
step:3754/6200 train_loss:3.6026 train_time:6352793ms step_avg:1696.79ms
step:3755/6200 train_loss:3.5188 train_time:6354489ms step_avg:1696.79ms
step:3756/6200 train_loss:3.2585 train_time:6356185ms step_avg:1696.79ms
step:3757/6200 train_loss:3.4349 train_time:6357882ms step_avg:1696.79ms
step:3758/6200 train_loss:3.4730 train_time:6359578ms step_avg:1696.79ms
step:3759/6200 train_loss:3.3762 train_time:6361276ms step_avg:1696.79ms
step:3760/6200 train_loss:3.5326 train_time:6362974ms step_avg:1696.79ms
step:3761/6200 train_loss:3.2255 train_time:6364670ms step_avg:1696.79ms
step:3762/6200 train_loss:3.4414 train_time:6366361ms step_avg:1696.79ms
step:3763/6200 train_loss:3.3672 train_time:6368057ms step_avg:1696.79ms
step:3764/6200 train_loss:3.3216 train_time:6369750ms step_avg:1696.79ms
step:3765/6200 train_loss:3.5036 train_time:6371445ms step_avg:1696.79ms
step:3766/6200 train_loss:3.1592 train_time:6373139ms step_avg:1696.79ms
step:3767/6200 train_loss:3.3825 train_time:6374831ms step_avg:1696.79ms
step:3768/6200 train_loss:3.4355 train_time:6376525ms step_avg:1696.79ms
step:3769/6200 train_loss:3.3198 train_time:6378219ms step_avg:1696.79ms
step:3770/6200 train_loss:3.3347 train_time:6379911ms step_avg:1696.78ms
step:3771/6200 train_loss:3.3991 train_time:6381606ms step_avg:1696.78ms
step:3772/6200 train_loss:3.2632 train_time:6383296ms step_avg:1696.78ms
step:3773/6200 train_loss:3.3927 train_time:6384987ms step_avg:1696.78ms
step:3774/6200 train_loss:3.4917 train_time:6386680ms step_avg:1696.78ms
step:3775/6200 train_loss:3.4996 train_time:6388372ms step_avg:1696.78ms
step:3776/6200 train_loss:3.5745 train_time:6390067ms step_avg:1696.78ms
step:3777/6200 train_loss:3.4311 train_time:6391760ms step_avg:1696.78ms
step:3778/6200 train_loss:3.3263 train_time:6393453ms step_avg:1696.78ms
step:3779/6200 train_loss:3.5233 train_time:6395146ms step_avg:1696.78ms
step:3780/6200 train_loss:3.3466 train_time:6396838ms step_avg:1696.77ms
step:3781/6200 train_loss:3.6538 train_time:6398533ms step_avg:1696.77ms
step:3782/6200 train_loss:3.7765 train_time:6400226ms step_avg:1696.77ms
step:3783/6200 train_loss:3.4388 train_time:6401920ms step_avg:1696.77ms
step:3784/6200 train_loss:3.7380 train_time:6403614ms step_avg:1696.77ms
step:3785/6200 train_loss:3.2428 train_time:6405307ms step_avg:1696.77ms
step:3786/6200 train_loss:3.4412 train_time:6406998ms step_avg:1696.77ms
step:3787/6200 train_loss:3.5052 train_time:6408689ms step_avg:1696.77ms
step:3788/6200 train_loss:3.9423 train_time:6410382ms step_avg:1696.77ms
step:3789/6200 train_loss:3.4757 train_time:6412077ms step_avg:1696.77ms
step:3790/6200 train_loss:3.3094 train_time:6413773ms step_avg:1696.77ms
step:3791/6200 train_loss:3.5344 train_time:6415469ms step_avg:1696.77ms
step:3792/6200 train_loss:3.4561 train_time:6417166ms step_avg:1696.77ms
step:3793/6200 train_loss:3.3362 train_time:6418858ms step_avg:1696.76ms
step:3794/6200 train_loss:3.2476 train_time:6420553ms step_avg:1696.76ms
step:3795/6200 train_loss:3.4368 train_time:6422247ms step_avg:1696.76ms
step:3796/6200 train_loss:3.4163 train_time:6423939ms step_avg:1696.76ms
step:3797/6200 train_loss:3.4163 train_time:6425632ms step_avg:1696.76ms
step:3798/6200 train_loss:3.3911 train_time:6427326ms step_avg:1696.76ms
step:3799/6200 train_loss:3.3737 train_time:6429023ms step_avg:1696.76ms
step:3800/6200 train_loss:3.2437 train_time:6430716ms step_avg:1696.76ms
step:3801/6200 train_loss:3.2386 train_time:6432410ms step_avg:1696.76ms
step:3802/6200 train_loss:3.5706 train_time:6434104ms step_avg:1696.76ms
step:3803/6200 train_loss:3.2880 train_time:6435795ms step_avg:1696.76ms
step:3804/6200 train_loss:3.3739 train_time:6437488ms step_avg:1696.75ms
step:3805/6200 train_loss:3.3318 train_time:6439179ms step_avg:1696.75ms
step:3806/6200 train_loss:3.8681 train_time:6440873ms step_avg:1696.75ms
step:3807/6200 train_loss:3.4812 train_time:6442564ms step_avg:1696.75ms
step:3808/6200 train_loss:3.3519 train_time:6444257ms step_avg:1696.75ms
step:3809/6200 train_loss:3.4493 train_time:6445950ms step_avg:1696.75ms
step:3810/6200 train_loss:3.3988 train_time:6447642ms step_avg:1696.75ms
step:3811/6200 train_loss:3.3010 train_time:6449335ms step_avg:1696.75ms
step:3812/6200 train_loss:3.3154 train_time:6451030ms step_avg:1696.75ms
step:3813/6200 train_loss:3.3420 train_time:6452734ms step_avg:1696.75ms
step:3814/6200 train_loss:3.5790 train_time:6454431ms step_avg:1696.75ms
step:3815/6200 train_loss:3.5601 train_time:6456128ms step_avg:1696.75ms
step:3816/6200 train_loss:3.3994 train_time:6457822ms step_avg:1696.75ms
step:3817/6200 train_loss:3.2598 train_time:6459519ms step_avg:1696.75ms
step:3818/6200 train_loss:3.4449 train_time:6461213ms step_avg:1696.75ms
step:3819/6200 train_loss:3.4205 train_time:6462911ms step_avg:1696.75ms
step:3820/6200 train_loss:3.3926 train_time:6464609ms step_avg:1696.75ms
step:3821/6200 train_loss:3.5422 train_time:6466304ms step_avg:1696.75ms
step:3822/6200 train_loss:3.2861 train_time:6468000ms step_avg:1696.75ms
step:3823/6200 train_loss:3.4482 train_time:6469696ms step_avg:1696.75ms
step:3824/6200 train_loss:3.2132 train_time:6471392ms step_avg:1696.75ms
step:3825/6200 train_loss:3.4705 train_time:6473088ms step_avg:1696.75ms
step:3826/6200 train_loss:3.8917 train_time:6474784ms step_avg:1696.75ms
step:3827/6200 train_loss:3.3584 train_time:6476479ms step_avg:1696.75ms
step:3828/6200 train_loss:3.4734 train_time:6478174ms step_avg:1696.75ms
step:3829/6200 train_loss:3.3758 train_time:6479870ms step_avg:1696.75ms
step:3830/6200 train_loss:3.5857 train_time:6481567ms step_avg:1696.75ms
step:3831/6200 train_loss:3.4042 train_time:6483260ms step_avg:1696.74ms
step:3832/6200 train_loss:3.2638 train_time:6484954ms step_avg:1696.74ms
step:3833/6200 train_loss:3.3874 train_time:6486648ms step_avg:1696.74ms
step:3834/6200 train_loss:3.4467 train_time:6488342ms step_avg:1696.74ms
step:3835/6200 train_loss:3.3257 train_time:6490037ms step_avg:1696.74ms
step:3836/6200 train_loss:3.4336 train_time:6491731ms step_avg:1696.74ms
step:3837/6200 train_loss:3.4368 train_time:6493428ms step_avg:1696.74ms
step:3838/6200 train_loss:3.4595 train_time:6495124ms step_avg:1696.74ms
step:3839/6200 train_loss:3.5164 train_time:6496815ms step_avg:1696.74ms
step:3840/6200 train_loss:3.3754 train_time:6498509ms step_avg:1696.74ms
step:3841/6200 train_loss:3.5087 train_time:6500201ms step_avg:1696.74ms
step:3842/6200 train_loss:3.3752 train_time:6501894ms step_avg:1696.74ms
step:3843/6200 train_loss:3.7647 train_time:6503584ms step_avg:1696.73ms
step:3844/6200 train_loss:3.5509 train_time:6505276ms step_avg:1696.73ms
step:3845/6200 train_loss:3.3946 train_time:6506971ms step_avg:1696.73ms
step:3846/6200 train_loss:3.3746 train_time:6508663ms step_avg:1696.73ms
step:3847/6200 train_loss:3.4804 train_time:6510357ms step_avg:1696.73ms
step:3848/6200 train_loss:3.9100 train_time:6512048ms step_avg:1696.73ms
step:3849/6200 train_loss:3.4993 train_time:6513740ms step_avg:1696.73ms
step:3850/6200 train_loss:3.7211 train_time:6515433ms step_avg:1696.73ms
step:3851/6200 train_loss:3.6281 train_time:6517125ms step_avg:1696.73ms
step:3852/6200 train_loss:3.5177 train_time:6518817ms step_avg:1696.72ms
step:3853/6200 train_loss:3.7404 train_time:6520512ms step_avg:1696.72ms
step:3854/6200 train_loss:3.3668 train_time:6522208ms step_avg:1696.72ms
step:3855/6200 train_loss:3.4161 train_time:6523908ms step_avg:1696.72ms
step:3856/6200 train_loss:3.3833 train_time:6525603ms step_avg:1696.72ms
step:3857/6200 train_loss:3.2248 train_time:6527301ms step_avg:1696.73ms
step:3858/6200 train_loss:3.4031 train_time:6528997ms step_avg:1696.72ms
step:3859/6200 train_loss:3.2337 train_time:6530693ms step_avg:1696.72ms
step:3860/6200 train_loss:3.4461 train_time:6532389ms step_avg:1696.72ms
step:3861/6200 train_loss:4.1239 train_time:6534083ms step_avg:1696.72ms
step:3862/6200 train_loss:3.3558 train_time:6535780ms step_avg:1696.72ms
step:3863/6200 train_loss:3.4588 train_time:6537479ms step_avg:1696.72ms
step:3864/6200 train_loss:3.3978 train_time:6539178ms step_avg:1696.73ms
step:3865/6200 train_loss:3.4013 train_time:6540873ms step_avg:1696.72ms
step:3866/6200 train_loss:3.5434 train_time:6542573ms step_avg:1696.73ms
step:3867/6200 train_loss:3.4470 train_time:6544270ms step_avg:1696.73ms
step:3868/6200 train_loss:3.3500 train_time:6545969ms step_avg:1696.73ms
step:3869/6200 train_loss:3.3809 train_time:6547663ms step_avg:1696.73ms
step:3870/6200 train_loss:3.4408 train_time:6549358ms step_avg:1696.72ms
step:3871/6200 train_loss:3.4039 train_time:6551053ms step_avg:1696.72ms
step:3872/6200 train_loss:3.6116 train_time:6552750ms step_avg:1696.72ms
step:3873/6200 train_loss:3.4757 train_time:6554445ms step_avg:1696.72ms
step:3874/6200 train_loss:3.3991 train_time:6556139ms step_avg:1696.72ms
step:3875/6200 train_loss:3.3917 train_time:6557835ms step_avg:1696.72ms
step:3875/6200 val_loss:3.4519 train_time:6557849ms step_avg:1696.73ms
step:3876/6200 train_loss:3.4321 train_time:6559572ms step_avg:1696.73ms
step:3877/6200 train_loss:3.4031 train_time:6561271ms step_avg:1696.73ms
step:3878/6200 train_loss:3.3957 train_time:6562968ms step_avg:1696.73ms
step:3879/6200 train_loss:3.3592 train_time:6564664ms step_avg:1696.73ms
step:3880/6200 train_loss:3.4310 train_time:6566363ms step_avg:1696.73ms
step:3881/6200 train_loss:3.3605 train_time:6568060ms step_avg:1696.73ms
step:3882/6200 train_loss:3.4555 train_time:6569756ms step_avg:1696.73ms
step:3883/6200 train_loss:3.7408 train_time:6571451ms step_avg:1696.73ms
step:3884/6200 train_loss:3.5378 train_time:6573143ms step_avg:1696.73ms
step:3885/6200 train_loss:3.3762 train_time:6574840ms step_avg:1696.73ms
step:3886/6200 train_loss:3.4485 train_time:6576536ms step_avg:1696.73ms
step:3887/6200 train_loss:3.3503 train_time:6578232ms step_avg:1696.73ms
step:3888/6200 train_loss:3.3649 train_time:6579928ms step_avg:1696.73ms
step:3889/6200 train_loss:3.4459 train_time:6581627ms step_avg:1696.73ms
step:3890/6200 train_loss:3.3090 train_time:6583321ms step_avg:1696.73ms
step:3891/6200 train_loss:3.4867 train_time:6585016ms step_avg:1696.73ms
step:3892/6200 train_loss:3.3650 train_time:6586707ms step_avg:1696.73ms
step:3893/6200 train_loss:3.3208 train_time:6588399ms step_avg:1696.73ms
step:3894/6200 train_loss:3.3304 train_time:6590093ms step_avg:1696.73ms
step:3895/6200 train_loss:3.4900 train_time:6591787ms step_avg:1696.73ms
step:3896/6200 train_loss:3.4293 train_time:6593484ms step_avg:1696.73ms
step:3897/6200 train_loss:3.2103 train_time:6595178ms step_avg:1696.73ms
step:3898/6200 train_loss:3.4081 train_time:6596872ms step_avg:1696.73ms
step:3899/6200 train_loss:3.4359 train_time:6598565ms step_avg:1696.73ms
step:3900/6200 train_loss:3.6039 train_time:6600257ms step_avg:1696.72ms
step:3901/6200 train_loss:3.4515 train_time:6601950ms step_avg:1696.72ms
step:3902/6200 train_loss:3.9964 train_time:6603643ms step_avg:1696.72ms
step:3903/6200 train_loss:3.4044 train_time:6605338ms step_avg:1696.72ms
step:3904/6200 train_loss:3.2562 train_time:6607031ms step_avg:1696.72ms
step:3905/6200 train_loss:3.2948 train_time:6608721ms step_avg:1696.72ms
step:3906/6200 train_loss:3.4746 train_time:6610416ms step_avg:1696.72ms
step:3907/6200 train_loss:3.3917 train_time:6612108ms step_avg:1696.72ms
step:3908/6200 train_loss:3.4511 train_time:6613805ms step_avg:1696.72ms
step:3909/6200 train_loss:3.3978 train_time:6615502ms step_avg:1696.72ms
step:3910/6200 train_loss:3.2778 train_time:6617198ms step_avg:1696.72ms
step:3911/6200 train_loss:3.3002 train_time:6618895ms step_avg:1696.72ms
step:3912/6200 train_loss:3.4270 train_time:6620592ms step_avg:1696.72ms
step:3913/6200 train_loss:3.2175 train_time:6622285ms step_avg:1696.72ms
step:3914/6200 train_loss:3.1280 train_time:6623978ms step_avg:1696.72ms
step:3915/6200 train_loss:3.4947 train_time:6625673ms step_avg:1696.72ms
step:3916/6200 train_loss:3.6919 train_time:6627367ms step_avg:1696.71ms
step:3917/6200 train_loss:3.3325 train_time:6629064ms step_avg:1696.71ms
step:3918/6200 train_loss:3.3809 train_time:6630761ms step_avg:1696.71ms
step:3919/6200 train_loss:3.4926 train_time:6632456ms step_avg:1696.71ms
step:3920/6200 train_loss:3.3843 train_time:6634152ms step_avg:1696.71ms
step:3921/6200 train_loss:3.5299 train_time:6635847ms step_avg:1696.71ms
step:3922/6200 train_loss:3.5396 train_time:6637542ms step_avg:1696.71ms
step:3923/6200 train_loss:3.4366 train_time:6639239ms step_avg:1696.71ms
step:3924/6200 train_loss:3.4794 train_time:6640937ms step_avg:1696.71ms
step:3925/6200 train_loss:3.4445 train_time:6642634ms step_avg:1696.71ms
step:3926/6200 train_loss:3.4641 train_time:6644330ms step_avg:1696.71ms
step:3927/6200 train_loss:3.5792 train_time:6646025ms step_avg:1696.71ms
step:3928/6200 train_loss:3.3517 train_time:6647721ms step_avg:1696.71ms
step:3929/6200 train_loss:3.2975 train_time:6649415ms step_avg:1696.71ms
step:3930/6200 train_loss:3.4587 train_time:6651113ms step_avg:1696.71ms
step:3931/6200 train_loss:3.2199 train_time:6652810ms step_avg:1696.71ms
step:3932/6200 train_loss:3.3948 train_time:6654506ms step_avg:1696.71ms
step:3933/6200 train_loss:3.5492 train_time:6656205ms step_avg:1696.71ms
step:3934/6200 train_loss:3.5140 train_time:6657900ms step_avg:1696.71ms
step:3935/6200 train_loss:3.3108 train_time:6659596ms step_avg:1696.71ms
step:3936/6200 train_loss:3.4874 train_time:6661291ms step_avg:1696.71ms
step:3937/6200 train_loss:3.2136 train_time:6662988ms step_avg:1696.71ms
step:3938/6200 train_loss:3.4504 train_time:6664684ms step_avg:1696.71ms
step:3939/6200 train_loss:3.3726 train_time:6666382ms step_avg:1696.71ms
step:3940/6200 train_loss:3.4811 train_time:6668079ms step_avg:1696.71ms
step:3941/6200 train_loss:3.3442 train_time:6669776ms step_avg:1696.71ms
step:3942/6200 train_loss:2.9871 train_time:6671471ms step_avg:1696.71ms
step:3943/6200 train_loss:3.2667 train_time:6673164ms step_avg:1696.71ms
step:3944/6200 train_loss:3.6377 train_time:6674859ms step_avg:1696.71ms
step:3945/6200 train_loss:3.3600 train_time:6676553ms step_avg:1696.71ms
step:3946/6200 train_loss:3.2612 train_time:6678250ms step_avg:1696.71ms
step:3947/6200 train_loss:3.4362 train_time:6679948ms step_avg:1696.71ms
step:3948/6200 train_loss:3.4407 train_time:6681647ms step_avg:1696.71ms
step:3949/6200 train_loss:3.3960 train_time:6683345ms step_avg:1696.71ms
step:3950/6200 train_loss:3.4794 train_time:6685042ms step_avg:1696.71ms
step:3951/6200 train_loss:3.3504 train_time:6686742ms step_avg:1696.71ms
step:3952/6200 train_loss:3.3391 train_time:6688438ms step_avg:1696.71ms
step:3953/6200 train_loss:3.2521 train_time:6690134ms step_avg:1696.71ms
step:3954/6200 train_loss:4.3633 train_time:6691830ms step_avg:1696.71ms
step:3955/6200 train_loss:3.3024 train_time:6693526ms step_avg:1696.71ms
step:3956/6200 train_loss:3.3618 train_time:6695223ms step_avg:1696.71ms
step:3957/6200 train_loss:3.3677 train_time:6696919ms step_avg:1696.71ms
step:3958/6200 train_loss:3.3482 train_time:6698616ms step_avg:1696.71ms
step:3959/6200 train_loss:3.5027 train_time:6700314ms step_avg:1696.71ms
step:3960/6200 train_loss:3.3523 train_time:6702010ms step_avg:1696.71ms
step:3961/6200 train_loss:3.4599 train_time:6703709ms step_avg:1696.71ms
step:3962/6200 train_loss:3.4694 train_time:6705410ms step_avg:1696.71ms
step:3963/6200 train_loss:3.4072 train_time:6707112ms step_avg:1696.71ms
step:3964/6200 train_loss:3.3375 train_time:6708811ms step_avg:1696.71ms
step:3965/6200 train_loss:3.4401 train_time:6710512ms step_avg:1696.72ms
step:3966/6200 train_loss:3.5249 train_time:6712210ms step_avg:1696.72ms
step:3967/6200 train_loss:3.3166 train_time:6713913ms step_avg:1696.72ms
step:3968/6200 train_loss:3.4075 train_time:6715611ms step_avg:1696.72ms
step:3969/6200 train_loss:3.3866 train_time:6717310ms step_avg:1696.72ms
step:3970/6200 train_loss:3.2833 train_time:6719008ms step_avg:1696.72ms
step:3971/6200 train_loss:3.3706 train_time:6720709ms step_avg:1696.72ms
step:3972/6200 train_loss:3.5377 train_time:6722407ms step_avg:1696.72ms
step:3973/6200 train_loss:3.3535 train_time:6724106ms step_avg:1696.72ms
step:3974/6200 train_loss:3.4200 train_time:6725804ms step_avg:1696.72ms
step:3975/6200 train_loss:3.3131 train_time:6727502ms step_avg:1696.72ms
step:3976/6200 train_loss:3.3292 train_time:6729201ms step_avg:1696.72ms
step:3977/6200 train_loss:3.4452 train_time:6730900ms step_avg:1696.72ms
step:3978/6200 train_loss:3.3979 train_time:6732598ms step_avg:1696.72ms
step:3979/6200 train_loss:3.4117 train_time:6734293ms step_avg:1696.72ms
step:3980/6200 train_loss:3.4332 train_time:6735989ms step_avg:1696.72ms
step:3981/6200 train_loss:3.5298 train_time:6737688ms step_avg:1696.72ms
step:3982/6200 train_loss:3.6834 train_time:6739385ms step_avg:1696.72ms
step:3983/6200 train_loss:3.6215 train_time:6741079ms step_avg:1696.72ms
step:3984/6200 train_loss:3.9354 train_time:6742775ms step_avg:1696.72ms
step:3985/6200 train_loss:3.2737 train_time:6744474ms step_avg:1696.72ms
step:3986/6200 train_loss:3.5947 train_time:6746172ms step_avg:1696.72ms
step:3987/6200 train_loss:3.3501 train_time:6747871ms step_avg:1696.72ms
step:3988/6200 train_loss:3.6505 train_time:6749573ms step_avg:1696.73ms
step:3989/6200 train_loss:3.4564 train_time:6751274ms step_avg:1696.73ms
step:3990/6200 train_loss:3.2084 train_time:6752977ms step_avg:1696.73ms
step:3991/6200 train_loss:3.4396 train_time:6754678ms step_avg:1696.73ms
step:3992/6200 train_loss:3.3515 train_time:6756380ms step_avg:1696.73ms
step:3993/6200 train_loss:3.4277 train_time:6758081ms step_avg:1696.73ms
step:3994/6200 train_loss:3.5296 train_time:6759781ms step_avg:1696.73ms
step:3995/6200 train_loss:3.6652 train_time:6761484ms step_avg:1696.73ms
step:3996/6200 train_loss:3.4172 train_time:6763185ms step_avg:1696.73ms
step:3997/6200 train_loss:3.6982 train_time:6764884ms step_avg:1696.74ms
step:3998/6200 train_loss:3.2893 train_time:6766582ms step_avg:1696.74ms
step:3999/6200 train_loss:3.7888 train_time:6768281ms step_avg:1696.74ms
step:4000/6200 train_loss:3.3472 train_time:6769980ms step_avg:1696.74ms
step:4000/6200 val_loss:3.4464 train_time:6769994ms step_avg:1696.74ms
step:4001/6200 train_loss:3.3183 train_time:6771685ms step_avg:1696.74ms
step:4002/6200 train_loss:3.2229 train_time:6773382ms step_avg:1696.74ms
step:4003/6200 train_loss:3.3447 train_time:6775077ms step_avg:1696.74ms
step:4004/6200 train_loss:3.4079 train_time:6777031ms step_avg:1696.80ms
step:4005/6200 train_loss:3.4326 train_time:6778726ms step_avg:1696.80ms
step:4006/6200 train_loss:3.5911 train_time:6780422ms step_avg:1696.80ms
step:4007/6200 train_loss:3.4023 train_time:6782117ms step_avg:1696.80ms
step:4008/6200 train_loss:3.7676 train_time:6783810ms step_avg:1696.80ms
step:4009/6200 train_loss:3.3632 train_time:6785506ms step_avg:1696.80ms
step:4010/6200 train_loss:3.6569 train_time:6787198ms step_avg:1696.80ms
step:4011/6200 train_loss:3.3804 train_time:6788893ms step_avg:1696.80ms
step:4012/6200 train_loss:3.5609 train_time:6790586ms step_avg:1696.80ms
step:4013/6200 train_loss:3.2591 train_time:6792284ms step_avg:1696.80ms
step:4014/6200 train_loss:3.2702 train_time:6793981ms step_avg:1696.80ms
step:4015/6200 train_loss:3.3146 train_time:6795678ms step_avg:1696.80ms
step:4016/6200 train_loss:3.4033 train_time:6797373ms step_avg:1696.80ms
step:4017/6200 train_loss:3.4604 train_time:6799069ms step_avg:1696.80ms
step:4018/6200 train_loss:3.5826 train_time:6800766ms step_avg:1696.80ms
step:4019/6200 train_loss:3.5566 train_time:6802467ms step_avg:1696.80ms
step:4020/6200 train_loss:3.4100 train_time:6804160ms step_avg:1696.80ms
step:4021/6200 train_loss:3.5406 train_time:6805856ms step_avg:1696.80ms
step:4022/6200 train_loss:3.3818 train_time:6807555ms step_avg:1696.80ms
step:4023/6200 train_loss:3.7278 train_time:6809252ms step_avg:1696.80ms
step:4024/6200 train_loss:3.3238 train_time:6810946ms step_avg:1696.80ms
step:4025/6200 train_loss:3.4173 train_time:6812642ms step_avg:1696.80ms
step:4026/6200 train_loss:3.3255 train_time:6814337ms step_avg:1696.80ms
step:4027/6200 train_loss:3.2483 train_time:6816036ms step_avg:1696.80ms
step:4028/6200 train_loss:3.4464 train_time:6817730ms step_avg:1696.80ms
step:4029/6200 train_loss:3.4047 train_time:6819428ms step_avg:1696.80ms
step:4030/6200 train_loss:3.4092 train_time:6821124ms step_avg:1696.80ms
step:4031/6200 train_loss:3.4205 train_time:6822822ms step_avg:1696.80ms
step:4032/6200 train_loss:3.5252 train_time:6824520ms step_avg:1696.80ms
step:4033/6200 train_loss:3.4735 train_time:6826215ms step_avg:1696.80ms
step:4034/6200 train_loss:3.3246 train_time:6827909ms step_avg:1696.80ms
step:4035/6200 train_loss:3.4813 train_time:6829607ms step_avg:1696.80ms
step:4036/6200 train_loss:3.4476 train_time:6831303ms step_avg:1696.80ms
step:4037/6200 train_loss:3.6745 train_time:6832998ms step_avg:1696.80ms
step:4038/6200 train_loss:3.2914 train_time:6834695ms step_avg:1696.80ms
step:4039/6200 train_loss:3.4527 train_time:6836387ms step_avg:1696.80ms
step:4040/6200 train_loss:3.3626 train_time:6838082ms step_avg:1696.79ms
step:4041/6200 train_loss:3.2296 train_time:6839775ms step_avg:1696.79ms
step:4042/6200 train_loss:3.4074 train_time:6841468ms step_avg:1696.79ms
step:4043/6200 train_loss:3.3536 train_time:6843164ms step_avg:1696.79ms
step:4044/6200 train_loss:3.4001 train_time:6844860ms step_avg:1696.79ms
step:4045/6200 train_loss:3.3645 train_time:6846556ms step_avg:1696.79ms
step:4046/6200 train_loss:3.3307 train_time:6848255ms step_avg:1696.79ms
step:4047/6200 train_loss:3.2886 train_time:6849952ms step_avg:1696.79ms
step:4048/6200 train_loss:3.5927 train_time:6851649ms step_avg:1696.79ms
step:4049/6200 train_loss:3.3309 train_time:6853347ms step_avg:1696.79ms
step:4050/6200 train_loss:3.5254 train_time:6855044ms step_avg:1696.79ms
step:4051/6200 train_loss:3.3852 train_time:6856742ms step_avg:1696.79ms
step:4052/6200 train_loss:3.3750 train_time:6858443ms step_avg:1696.79ms
step:4053/6200 train_loss:3.2915 train_time:6860140ms step_avg:1696.79ms
step:4054/6200 train_loss:3.4535 train_time:6861835ms step_avg:1696.79ms
step:4055/6200 train_loss:3.5406 train_time:6863530ms step_avg:1696.79ms
step:4056/6200 train_loss:3.4808 train_time:6865224ms step_avg:1696.79ms
step:4057/6200 train_loss:3.5117 train_time:6866918ms step_avg:1696.79ms
step:4058/6200 train_loss:3.4769 train_time:6868612ms step_avg:1696.79ms
step:4059/6200 train_loss:3.3624 train_time:6870305ms step_avg:1696.79ms
step:4060/6200 train_loss:3.3434 train_time:6872001ms step_avg:1696.79ms
step:4061/6200 train_loss:3.4509 train_time:6873699ms step_avg:1696.79ms
step:4062/6200 train_loss:3.3549 train_time:6875395ms step_avg:1696.79ms
step:4063/6200 train_loss:3.4714 train_time:6877091ms step_avg:1696.79ms
step:4064/6200 train_loss:3.4372 train_time:6878787ms step_avg:1696.79ms
step:4065/6200 train_loss:3.4969 train_time:6880484ms step_avg:1696.79ms
step:4066/6200 train_loss:3.4221 train_time:6882181ms step_avg:1696.79ms
step:4067/6200 train_loss:3.7527 train_time:6883878ms step_avg:1696.79ms
step:4068/6200 train_loss:3.7290 train_time:6885574ms step_avg:1696.79ms
step:4069/6200 train_loss:3.2552 train_time:6887272ms step_avg:1696.79ms
step:4070/6200 train_loss:3.5426 train_time:6888968ms step_avg:1696.79ms
step:4071/6200 train_loss:3.3683 train_time:6890664ms step_avg:1696.79ms
step:4072/6200 train_loss:3.2482 train_time:6892360ms step_avg:1696.79ms
step:4073/6200 train_loss:3.3461 train_time:6894055ms step_avg:1696.79ms
step:4074/6200 train_loss:3.3702 train_time:6895752ms step_avg:1696.79ms
step:4075/6200 train_loss:3.0273 train_time:6897447ms step_avg:1696.79ms
step:4076/6200 train_loss:3.3774 train_time:6899143ms step_avg:1696.79ms
step:4077/6200 train_loss:3.3678 train_time:6900837ms step_avg:1696.79ms
step:4078/6200 train_loss:3.4750 train_time:6902535ms step_avg:1696.79ms
step:4079/6200 train_loss:3.3166 train_time:6904230ms step_avg:1696.79ms
step:4080/6200 train_loss:3.5543 train_time:6905926ms step_avg:1696.79ms
step:4081/6200 train_loss:3.2805 train_time:6907620ms step_avg:1696.79ms
step:4082/6200 train_loss:3.3424 train_time:6909313ms step_avg:1696.79ms
step:4083/6200 train_loss:3.5117 train_time:6911005ms step_avg:1696.78ms
step:4084/6200 train_loss:3.4523 train_time:6912700ms step_avg:1696.78ms
step:4085/6200 train_loss:3.5344 train_time:6914397ms step_avg:1696.78ms
step:4086/6200 train_loss:3.3865 train_time:6916093ms step_avg:1696.78ms
step:4087/6200 train_loss:3.3796 train_time:6917788ms step_avg:1696.78ms
step:4088/6200 train_loss:3.4378 train_time:6919487ms step_avg:1696.78ms
step:4089/6200 train_loss:3.7969 train_time:6921182ms step_avg:1696.78ms
step:4090/6200 train_loss:3.4267 train_time:6922878ms step_avg:1696.78ms
step:4091/6200 train_loss:3.5301 train_time:6924575ms step_avg:1696.78ms
step:4092/6200 train_loss:3.3560 train_time:6926274ms step_avg:1696.78ms
step:4093/6200 train_loss:3.5053 train_time:6927965ms step_avg:1696.78ms
step:4094/6200 train_loss:3.3449 train_time:6929660ms step_avg:1696.78ms
step:4095/6200 train_loss:3.4714 train_time:6931353ms step_avg:1696.78ms
step:4096/6200 train_loss:3.3962 train_time:6933045ms step_avg:1696.78ms
step:4097/6200 train_loss:3.2492 train_time:6934738ms step_avg:1696.78ms
step:4098/6200 train_loss:3.3348 train_time:6936430ms step_avg:1696.78ms
step:4099/6200 train_loss:3.4446 train_time:6938122ms step_avg:1696.78ms
step:4100/6200 train_loss:3.3346 train_time:6939815ms step_avg:1696.78ms
step:4101/6200 train_loss:3.4555 train_time:6941509ms step_avg:1696.78ms
step:4102/6200 train_loss:3.4224 train_time:6943203ms step_avg:1696.77ms
step:4103/6200 train_loss:3.3859 train_time:6944897ms step_avg:1696.77ms
step:4104/6200 train_loss:3.2444 train_time:6946594ms step_avg:1696.77ms
step:4105/6200 train_loss:3.4382 train_time:6948290ms step_avg:1696.77ms
step:4106/6200 train_loss:3.4425 train_time:6949986ms step_avg:1696.77ms
step:4107/6200 train_loss:3.3207 train_time:6951682ms step_avg:1696.77ms
step:4108/6200 train_loss:3.3859 train_time:6953373ms step_avg:1696.77ms
step:4109/6200 train_loss:3.3642 train_time:6955066ms step_avg:1696.77ms
step:4110/6200 train_loss:3.4871 train_time:6956765ms step_avg:1696.77ms
step:4111/6200 train_loss:3.5047 train_time:6958459ms step_avg:1696.77ms
step:4112/6200 train_loss:3.4864 train_time:6960157ms step_avg:1696.77ms
step:4113/6200 train_loss:3.4445 train_time:6961853ms step_avg:1696.77ms
step:4114/6200 train_loss:3.4328 train_time:6963548ms step_avg:1696.77ms
step:4115/6200 train_loss:3.3868 train_time:6965243ms step_avg:1696.77ms
step:4116/6200 train_loss:3.2891 train_time:6966938ms step_avg:1696.77ms
step:4117/6200 train_loss:3.3930 train_time:6968636ms step_avg:1696.77ms
step:4118/6200 train_loss:3.4548 train_time:6970332ms step_avg:1696.77ms
step:4119/6200 train_loss:3.4240 train_time:6972030ms step_avg:1696.77ms
step:4120/6200 train_loss:3.5642 train_time:6973727ms step_avg:1696.77ms
step:4121/6200 train_loss:3.5676 train_time:6975423ms step_avg:1696.77ms
step:4122/6200 train_loss:3.5129 train_time:6977119ms step_avg:1696.77ms
step:4123/6200 train_loss:3.3366 train_time:6978814ms step_avg:1696.77ms
step:4124/6200 train_loss:3.3184 train_time:6980511ms step_avg:1696.77ms
step:4125/6200 train_loss:3.2964 train_time:6982209ms step_avg:1696.77ms
step:4125/6200 val_loss:3.4400 train_time:6982223ms step_avg:1696.77ms
step:4126/6200 train_loss:3.6016 train_time:6983915ms step_avg:1696.77ms
step:4127/6200 train_loss:3.5622 train_time:6985612ms step_avg:1696.77ms
step:4128/6200 train_loss:3.3713 train_time:6987308ms step_avg:1696.77ms
step:4129/6200 train_loss:3.5394 train_time:6989001ms step_avg:1696.77ms
step:4130/6200 train_loss:3.2739 train_time:6990693ms step_avg:1696.77ms
step:4131/6200 train_loss:3.5289 train_time:6992388ms step_avg:1696.77ms
step:4132/6200 train_loss:3.3722 train_time:6994084ms step_avg:1696.77ms
step:4133/6200 train_loss:3.3097 train_time:6995780ms step_avg:1696.77ms
step:4134/6200 train_loss:3.5293 train_time:6997473ms step_avg:1696.77ms
step:4135/6200 train_loss:3.6500 train_time:6999169ms step_avg:1696.77ms
step:4136/6200 train_loss:3.3259 train_time:7000863ms step_avg:1696.77ms
step:4137/6200 train_loss:3.3148 train_time:7002556ms step_avg:1696.77ms
step:4138/6200 train_loss:3.2786 train_time:7004249ms step_avg:1696.77ms
step:4139/6200 train_loss:3.4168 train_time:7005942ms step_avg:1696.76ms
step:4140/6200 train_loss:3.8326 train_time:7007638ms step_avg:1696.76ms
step:4141/6200 train_loss:3.4400 train_time:7009333ms step_avg:1696.76ms
step:4142/6200 train_loss:3.3339 train_time:7011028ms step_avg:1696.76ms
step:4143/6200 train_loss:3.4603 train_time:7012723ms step_avg:1696.76ms
step:4144/6200 train_loss:3.5301 train_time:7014416ms step_avg:1696.76ms
step:4145/6200 train_loss:3.3896 train_time:7016108ms step_avg:1696.76ms
step:4146/6200 train_loss:3.2384 train_time:7017800ms step_avg:1696.76ms
step:4147/6200 train_loss:3.4558 train_time:7019492ms step_avg:1696.76ms
step:4148/6200 train_loss:3.1013 train_time:7021184ms step_avg:1696.76ms
step:4149/6200 train_loss:3.4649 train_time:7022878ms step_avg:1696.76ms
step:4150/6200 train_loss:3.8057 train_time:7024573ms step_avg:1696.76ms
step:4151/6200 train_loss:3.5180 train_time:7026266ms step_avg:1696.76ms
step:4152/6200 train_loss:3.4895 train_time:7027962ms step_avg:1696.76ms
step:4153/6200 train_loss:3.4335 train_time:7029654ms step_avg:1696.75ms
step:4154/6200 train_loss:3.4744 train_time:7031347ms step_avg:1696.75ms
step:4155/6200 train_loss:3.3981 train_time:7033042ms step_avg:1696.75ms
step:4156/6200 train_loss:3.3220 train_time:7034736ms step_avg:1696.75ms
step:4157/6200 train_loss:3.4728 train_time:7036428ms step_avg:1696.75ms
step:4158/6200 train_loss:3.2984 train_time:7038122ms step_avg:1696.75ms
step:4159/6200 train_loss:3.4411 train_time:7039816ms step_avg:1696.75ms
step:4160/6200 train_loss:3.4089 train_time:7041510ms step_avg:1696.75ms
step:4161/6200 train_loss:3.4308 train_time:7043208ms step_avg:1696.75ms
step:4162/6200 train_loss:3.3694 train_time:7044902ms step_avg:1696.75ms
step:4163/6200 train_loss:3.4780 train_time:7046594ms step_avg:1696.75ms
step:4164/6200 train_loss:3.2901 train_time:7048288ms step_avg:1696.75ms
step:4165/6200 train_loss:3.2526 train_time:7049982ms step_avg:1696.75ms
step:4166/6200 train_loss:3.6279 train_time:7051678ms step_avg:1696.75ms
step:4167/6200 train_loss:3.4070 train_time:7053373ms step_avg:1696.75ms
step:4168/6200 train_loss:3.4338 train_time:7055068ms step_avg:1696.75ms
step:4169/6200 train_loss:3.4075 train_time:7056767ms step_avg:1696.75ms
step:4170/6200 train_loss:3.3524 train_time:7058463ms step_avg:1696.75ms
step:4171/6200 train_loss:3.4692 train_time:7060160ms step_avg:1696.75ms
step:4172/6200 train_loss:3.3572 train_time:7061857ms step_avg:1696.75ms
step:4173/6200 train_loss:3.6018 train_time:7063554ms step_avg:1696.75ms
step:4174/6200 train_loss:3.4320 train_time:7065252ms step_avg:1696.75ms
step:4175/6200 train_loss:3.2959 train_time:7066946ms step_avg:1696.75ms
step:4176/6200 train_loss:3.2065 train_time:7068643ms step_avg:1696.75ms
step:4177/6200 train_loss:3.3921 train_time:7070338ms step_avg:1696.75ms
step:4178/6200 train_loss:3.4095 train_time:7072033ms step_avg:1696.74ms
step:4179/6200 train_loss:3.3185 train_time:7073729ms step_avg:1696.74ms
step:4180/6200 train_loss:3.5658 train_time:7075424ms step_avg:1696.74ms
step:4181/6200 train_loss:3.3727 train_time:7077118ms step_avg:1696.74ms
step:4182/6200 train_loss:3.4055 train_time:7078816ms step_avg:1696.74ms
step:4183/6200 train_loss:3.5580 train_time:7080514ms step_avg:1696.74ms
step:4184/6200 train_loss:3.5355 train_time:7082211ms step_avg:1696.74ms
step:4185/6200 train_loss:3.3038 train_time:7083904ms step_avg:1696.74ms
step:4186/6200 train_loss:3.6730 train_time:7085599ms step_avg:1696.74ms
step:4187/6200 train_loss:3.3819 train_time:7087294ms step_avg:1696.74ms
step:4188/6200 train_loss:3.8122 train_time:7088988ms step_avg:1696.74ms
step:4189/6200 train_loss:3.4737 train_time:7090680ms step_avg:1696.74ms
step:4190/6200 train_loss:4.5209 train_time:7092375ms step_avg:1696.74ms
step:4191/6200 train_loss:3.3734 train_time:7094072ms step_avg:1696.74ms
step:4192/6200 train_loss:3.2105 train_time:7095768ms step_avg:1696.74ms
step:4193/6200 train_loss:3.5322 train_time:7097465ms step_avg:1696.74ms
step:4194/6200 train_loss:3.6386 train_time:7099179ms step_avg:1696.74ms
step:4195/6200 train_loss:3.5098 train_time:7100875ms step_avg:1696.74ms
step:4196/6200 train_loss:3.4408 train_time:7102568ms step_avg:1696.74ms
step:4197/6200 train_loss:3.3732 train_time:7104263ms step_avg:1696.74ms
step:4198/6200 train_loss:3.4401 train_time:7105961ms step_avg:1696.74ms
step:4199/6200 train_loss:3.7383 train_time:7107664ms step_avg:1696.74ms
step:4200/6200 train_loss:3.5526 train_time:7109361ms step_avg:1696.74ms
step:4201/6200 train_loss:3.3809 train_time:7111058ms step_avg:1696.74ms
step:4202/6200 train_loss:3.2347 train_time:7112754ms step_avg:1696.74ms
step:4203/6200 train_loss:3.3145 train_time:7114453ms step_avg:1696.75ms
step:4204/6200 train_loss:3.3489 train_time:7116148ms step_avg:1696.74ms
step:4205/6200 train_loss:3.7465 train_time:7117841ms step_avg:1696.74ms
step:4206/6200 train_loss:3.5357 train_time:7119535ms step_avg:1696.74ms
step:4207/6200 train_loss:3.5663 train_time:7121231ms step_avg:1696.74ms
step:4208/6200 train_loss:3.1964 train_time:7122927ms step_avg:1696.74ms
step:4209/6200 train_loss:3.6148 train_time:7124620ms step_avg:1696.74ms
step:4210/6200 train_loss:3.4693 train_time:7126314ms step_avg:1696.74ms
step:4211/6200 train_loss:3.2465 train_time:7128006ms step_avg:1696.74ms
step:4212/6200 train_loss:3.3552 train_time:7129699ms step_avg:1696.74ms
step:4213/6200 train_loss:3.2597 train_time:7131391ms step_avg:1696.74ms
step:4214/6200 train_loss:3.2411 train_time:7133084ms step_avg:1696.74ms
step:4215/6200 train_loss:3.2915 train_time:7134780ms step_avg:1696.74ms
step:4216/6200 train_loss:3.5095 train_time:7136476ms step_avg:1696.74ms
step:4217/6200 train_loss:3.4001 train_time:7138171ms step_avg:1696.74ms
step:4218/6200 train_loss:3.2361 train_time:7139867ms step_avg:1696.74ms
step:4219/6200 train_loss:3.3836 train_time:7141561ms step_avg:1696.74ms
step:4220/6200 train_loss:3.3974 train_time:7143256ms step_avg:1696.74ms
step:4221/6200 train_loss:3.5790 train_time:7144951ms step_avg:1696.73ms
step:4222/6200 train_loss:3.3281 train_time:7146644ms step_avg:1696.73ms
step:4223/6200 train_loss:3.3993 train_time:7148339ms step_avg:1696.73ms
step:4224/6200 train_loss:3.3738 train_time:7150030ms step_avg:1696.73ms
step:4225/6200 train_loss:3.4065 train_time:7151723ms step_avg:1696.73ms
step:4226/6200 train_loss:3.5715 train_time:7153417ms step_avg:1696.73ms
step:4227/6200 train_loss:3.2997 train_time:7155112ms step_avg:1696.73ms
step:4228/6200 train_loss:3.4077 train_time:7156807ms step_avg:1696.73ms
step:4229/6200 train_loss:3.5407 train_time:7158502ms step_avg:1696.73ms
step:4230/6200 train_loss:3.3324 train_time:7160196ms step_avg:1696.73ms
step:4231/6200 train_loss:3.5091 train_time:7161892ms step_avg:1696.73ms
step:4232/6200 train_loss:3.3160 train_time:7163583ms step_avg:1696.73ms
step:4233/6200 train_loss:3.2683 train_time:7165277ms step_avg:1696.73ms
step:4234/6200 train_loss:3.1458 train_time:7166969ms step_avg:1696.73ms
step:4235/6200 train_loss:3.4367 train_time:7168666ms step_avg:1696.73ms
step:4236/6200 train_loss:3.2489 train_time:7170359ms step_avg:1696.72ms
step:4237/6200 train_loss:3.6302 train_time:7172053ms step_avg:1696.72ms
step:4238/6200 train_loss:3.6004 train_time:7173749ms step_avg:1696.72ms
step:4239/6200 train_loss:3.3766 train_time:7175445ms step_avg:1696.72ms
step:4240/6200 train_loss:3.3873 train_time:7177142ms step_avg:1696.72ms
step:4241/6200 train_loss:3.4075 train_time:7178836ms step_avg:1696.72ms
step:4242/6200 train_loss:3.2185 train_time:7180530ms step_avg:1696.72ms
step:4243/6200 train_loss:3.4578 train_time:7182226ms step_avg:1696.72ms
step:4244/6200 train_loss:3.8503 train_time:7183921ms step_avg:1696.72ms
step:4245/6200 train_loss:3.3792 train_time:7185619ms step_avg:1696.72ms
step:4246/6200 train_loss:3.3045 train_time:7187318ms step_avg:1696.72ms
step:4247/6200 train_loss:3.5589 train_time:7189020ms step_avg:1696.72ms
step:4248/6200 train_loss:3.3737 train_time:7190719ms step_avg:1696.72ms
step:4249/6200 train_loss:3.2979 train_time:7192417ms step_avg:1696.73ms
step:4250/6200 train_loss:3.2696 train_time:7194116ms step_avg:1696.73ms
step:4250/6200 val_loss:3.4385 train_time:7194130ms step_avg:1696.73ms
step:4251/6200 train_loss:3.2722 train_time:7195820ms step_avg:1696.73ms
step:4252/6200 train_loss:3.4029 train_time:7197514ms step_avg:1696.73ms
step:4253/6200 train_loss:3.4587 train_time:7199209ms step_avg:1696.73ms
step:4254/6200 train_loss:3.6014 train_time:7200904ms step_avg:1696.73ms
step:4255/6200 train_loss:3.6031 train_time:7202600ms step_avg:1696.73ms
step:4256/6200 train_loss:3.4174 train_time:7204293ms step_avg:1696.72ms
step:4257/6200 train_loss:3.3368 train_time:7205987ms step_avg:1696.72ms
step:4258/6200 train_loss:3.4034 train_time:7207678ms step_avg:1696.72ms
step:4259/6200 train_loss:3.5082 train_time:7209372ms step_avg:1696.72ms
step:4260/6200 train_loss:3.5655 train_time:7211063ms step_avg:1696.72ms
step:4261/6200 train_loss:3.3280 train_time:7212760ms step_avg:1696.72ms
step:4262/6200 train_loss:3.2448 train_time:7214453ms step_avg:1696.72ms
step:4263/6200 train_loss:3.1760 train_time:7216146ms step_avg:1696.72ms
step:4264/6200 train_loss:3.4681 train_time:7217838ms step_avg:1696.72ms
step:4265/6200 train_loss:3.5259 train_time:7219530ms step_avg:1696.72ms
step:4266/6200 train_loss:3.3945 train_time:7221223ms step_avg:1696.72ms
step:4267/6200 train_loss:3.2495 train_time:7222919ms step_avg:1696.72ms
step:4268/6200 train_loss:3.5962 train_time:7224615ms step_avg:1696.72ms
step:4269/6200 train_loss:3.3238 train_time:7226307ms step_avg:1696.71ms
step:4270/6200 train_loss:3.3983 train_time:7227999ms step_avg:1696.71ms
step:4271/6200 train_loss:3.4255 train_time:7229692ms step_avg:1696.71ms
step:4272/6200 train_loss:3.4369 train_time:7231385ms step_avg:1696.71ms
step:4273/6200 train_loss:3.4149 train_time:7233077ms step_avg:1696.71ms
step:4274/6200 train_loss:3.5923 train_time:7234766ms step_avg:1696.71ms
step:4275/6200 train_loss:3.3413 train_time:7236462ms step_avg:1696.71ms
step:4276/6200 train_loss:3.3185 train_time:7238157ms step_avg:1696.71ms
step:4277/6200 train_loss:3.1888 train_time:7239850ms step_avg:1696.71ms
step:4278/6200 train_loss:3.3179 train_time:7241540ms step_avg:1696.71ms
step:4279/6200 train_loss:3.3282 train_time:7243230ms step_avg:1696.70ms
step:4280/6200 train_loss:3.3695 train_time:7244924ms step_avg:1696.70ms
step:4281/6200 train_loss:3.4332 train_time:7246619ms step_avg:1696.70ms
step:4282/6200 train_loss:3.3591 train_time:7248313ms step_avg:1696.70ms
step:4283/6200 train_loss:3.6362 train_time:7250008ms step_avg:1696.70ms
step:4284/6200 train_loss:3.6743 train_time:7251702ms step_avg:1696.70ms
step:4285/6200 train_loss:3.5627 train_time:7253393ms step_avg:1696.70ms
step:4286/6200 train_loss:3.4931 train_time:7255082ms step_avg:1696.70ms
step:4287/6200 train_loss:3.6474 train_time:7256775ms step_avg:1696.70ms
step:4288/6200 train_loss:3.3559 train_time:7258465ms step_avg:1696.70ms
step:4289/6200 train_loss:3.2995 train_time:7260154ms step_avg:1696.69ms
step:4290/6200 train_loss:3.2357 train_time:7261845ms step_avg:1696.69ms
step:4291/6200 train_loss:3.2399 train_time:7263537ms step_avg:1696.69ms
step:4292/6200 train_loss:3.3721 train_time:7265233ms step_avg:1696.69ms
step:4293/6200 train_loss:3.2594 train_time:7266926ms step_avg:1696.69ms
step:4294/6200 train_loss:3.4752 train_time:7268618ms step_avg:1696.69ms
step:4295/6200 train_loss:3.3508 train_time:7270310ms step_avg:1696.69ms
step:4296/6200 train_loss:3.4454 train_time:7272004ms step_avg:1696.69ms
step:4297/6200 train_loss:3.4923 train_time:7273698ms step_avg:1696.69ms
step:4298/6200 train_loss:3.2279 train_time:7275390ms step_avg:1696.69ms
step:4299/6200 train_loss:3.3399 train_time:7277082ms step_avg:1696.69ms
step:4300/6200 train_loss:3.4464 train_time:7278776ms step_avg:1696.68ms
step:4301/6200 train_loss:3.5400 train_time:7280470ms step_avg:1696.68ms
step:4302/6200 train_loss:3.4658 train_time:7282161ms step_avg:1696.68ms
step:4303/6200 train_loss:3.3072 train_time:7283854ms step_avg:1696.68ms
step:4304/6200 train_loss:3.4168 train_time:7285550ms step_avg:1696.68ms
step:4305/6200 train_loss:3.3769 train_time:7287246ms step_avg:1696.68ms
step:4306/6200 train_loss:3.4147 train_time:7288942ms step_avg:1696.68ms
step:4307/6200 train_loss:3.5571 train_time:7290637ms step_avg:1696.68ms
step:4308/6200 train_loss:3.4805 train_time:7292334ms step_avg:1696.68ms
step:4309/6200 train_loss:3.5260 train_time:7294030ms step_avg:1696.68ms
step:4310/6200 train_loss:3.4877 train_time:7295726ms step_avg:1696.68ms
step:4311/6200 train_loss:3.4443 train_time:7297424ms step_avg:1696.68ms
step:4312/6200 train_loss:3.3608 train_time:7299121ms step_avg:1696.68ms
step:4313/6200 train_loss:3.2406 train_time:7300819ms step_avg:1696.68ms
step:4314/6200 train_loss:3.1681 train_time:7302516ms step_avg:1696.68ms
step:4315/6200 train_loss:3.5259 train_time:7304210ms step_avg:1696.68ms
step:4316/6200 train_loss:3.2292 train_time:7305900ms step_avg:1696.68ms
step:4317/6200 train_loss:3.5395 train_time:7307593ms step_avg:1696.68ms
step:4318/6200 train_loss:3.4533 train_time:7309287ms step_avg:1696.68ms
step:4319/6200 train_loss:3.4384 train_time:7310983ms step_avg:1696.68ms
step:4320/6200 train_loss:3.5247 train_time:7312681ms step_avg:1696.68ms
step:4321/6200 train_loss:3.3471 train_time:7314378ms step_avg:1696.68ms
step:4322/6200 train_loss:3.3514 train_time:7316072ms step_avg:1696.68ms
step:4323/6200 train_loss:3.3157 train_time:7317767ms step_avg:1696.68ms
step:4324/6200 train_loss:3.2996 train_time:7319464ms step_avg:1696.68ms
step:4325/6200 train_loss:3.3332 train_time:7321159ms step_avg:1696.68ms
step:4326/6200 train_loss:3.3671 train_time:7322856ms step_avg:1696.68ms
step:4327/6200 train_loss:3.3994 train_time:7324553ms step_avg:1696.68ms
step:4328/6200 train_loss:3.4891 train_time:7326252ms step_avg:1696.68ms
step:4329/6200 train_loss:3.5091 train_time:7327947ms step_avg:1696.68ms
step:4330/6200 train_loss:3.4614 train_time:7329645ms step_avg:1696.68ms
step:4331/6200 train_loss:3.3642 train_time:7331341ms step_avg:1696.68ms
step:4332/6200 train_loss:3.2136 train_time:7333040ms step_avg:1696.68ms
step:4333/6200 train_loss:3.3020 train_time:7334738ms step_avg:1696.68ms
step:4334/6200 train_loss:3.5174 train_time:7336435ms step_avg:1696.68ms
step:4335/6200 train_loss:3.4333 train_time:7338132ms step_avg:1696.68ms
step:4336/6200 train_loss:3.4891 train_time:7339828ms step_avg:1696.68ms
step:4337/6200 train_loss:3.4403 train_time:7341523ms step_avg:1696.68ms
step:4338/6200 train_loss:3.4080 train_time:7343220ms step_avg:1696.68ms
step:4339/6200 train_loss:3.2604 train_time:7344916ms step_avg:1696.68ms
step:4340/6200 train_loss:3.3355 train_time:7346614ms step_avg:1696.68ms
step:4341/6200 train_loss:3.3178 train_time:7348313ms step_avg:1696.68ms
step:4342/6200 train_loss:3.2402 train_time:7350010ms step_avg:1696.68ms
step:4343/6200 train_loss:3.4101 train_time:7351707ms step_avg:1696.68ms
step:4344/6200 train_loss:3.4452 train_time:7353407ms step_avg:1696.68ms
step:4345/6200 train_loss:3.4929 train_time:7355107ms step_avg:1696.68ms
step:4346/6200 train_loss:3.5112 train_time:7356807ms step_avg:1696.68ms
step:4347/6200 train_loss:3.1672 train_time:7358507ms step_avg:1696.68ms
step:4348/6200 train_loss:3.2899 train_time:7360203ms step_avg:1696.68ms
step:4349/6200 train_loss:3.4692 train_time:7361902ms step_avg:1696.68ms
step:4350/6200 train_loss:3.2373 train_time:7363601ms step_avg:1696.68ms
step:4351/6200 train_loss:3.4693 train_time:7365301ms step_avg:1696.68ms
step:4352/6200 train_loss:3.4214 train_time:7366999ms step_avg:1696.68ms
step:4353/6200 train_loss:3.5136 train_time:7368698ms step_avg:1696.68ms
step:4354/6200 train_loss:3.4693 train_time:7370395ms step_avg:1696.68ms
step:4355/6200 train_loss:3.6512 train_time:7372094ms step_avg:1696.68ms
step:4356/6200 train_loss:3.2473 train_time:7373799ms step_avg:1696.69ms
step:4357/6200 train_loss:3.7495 train_time:7375497ms step_avg:1696.69ms
step:4358/6200 train_loss:3.3574 train_time:7377197ms step_avg:1696.69ms
step:4359/6200 train_loss:3.5760 train_time:7378899ms step_avg:1696.69ms
step:4360/6200 train_loss:3.7127 train_time:7380595ms step_avg:1696.69ms
step:4361/6200 train_loss:3.3243 train_time:7382299ms step_avg:1696.69ms
step:4362/6200 train_loss:3.3172 train_time:7383997ms step_avg:1696.69ms
step:4363/6200 train_loss:3.4803 train_time:7385695ms step_avg:1696.69ms
step:4364/6200 train_loss:3.4025 train_time:7387396ms step_avg:1696.69ms
step:4365/6200 train_loss:3.3609 train_time:7389093ms step_avg:1696.69ms
step:4366/6200 train_loss:3.4541 train_time:7390791ms step_avg:1696.69ms
step:4367/6200 train_loss:3.1106 train_time:7392488ms step_avg:1696.69ms
step:4368/6200 train_loss:3.2822 train_time:7394186ms step_avg:1696.69ms
step:4369/6200 train_loss:3.4064 train_time:7395885ms step_avg:1696.69ms
step:4370/6200 train_loss:3.5207 train_time:7397582ms step_avg:1696.69ms
step:4371/6200 train_loss:3.2936 train_time:7399280ms step_avg:1696.69ms
step:4372/6200 train_loss:3.4056 train_time:7400976ms step_avg:1696.69ms
step:4373/6200 train_loss:3.5254 train_time:7402673ms step_avg:1696.69ms
step:4374/6200 train_loss:3.5157 train_time:7404370ms step_avg:1696.69ms
step:4375/6200 train_loss:3.3925 train_time:7406066ms step_avg:1696.69ms
step:4375/6200 val_loss:3.4356 train_time:7406082ms step_avg:1696.70ms
step:4376/6200 train_loss:3.3950 train_time:7407775ms step_avg:1696.70ms
step:4377/6200 train_loss:3.6569 train_time:7409471ms step_avg:1696.70ms
step:4378/6200 train_loss:3.7036 train_time:7411167ms step_avg:1696.70ms
step:4379/6200 train_loss:3.4351 train_time:7412860ms step_avg:1696.69ms
step:4380/6200 train_loss:3.2736 train_time:7414551ms step_avg:1696.69ms
step:4381/6200 train_loss:3.6622 train_time:7416248ms step_avg:1696.69ms
step:4382/6200 train_loss:3.4329 train_time:7417943ms step_avg:1696.69ms
step:4383/6200 train_loss:3.6514 train_time:7419640ms step_avg:1696.69ms
step:4384/6200 train_loss:3.3073 train_time:7421336ms step_avg:1696.69ms
step:4385/6200 train_loss:3.3748 train_time:7423050ms step_avg:1696.70ms
step:4386/6200 train_loss:3.4350 train_time:7424747ms step_avg:1696.70ms
step:4387/6200 train_loss:3.4388 train_time:7426444ms step_avg:1696.70ms
step:4388/6200 train_loss:3.3331 train_time:7428142ms step_avg:1696.70ms
step:4389/6200 train_loss:3.3450 train_time:7429840ms step_avg:1696.70ms
step:4390/6200 train_loss:3.3824 train_time:7431536ms step_avg:1696.70ms
step:4391/6200 train_loss:3.4601 train_time:7433232ms step_avg:1696.70ms
step:4392/6200 train_loss:3.3275 train_time:7434928ms step_avg:1696.70ms
step:4393/6200 train_loss:3.5335 train_time:7436630ms step_avg:1696.70ms
step:4394/6200 train_loss:3.2074 train_time:7438328ms step_avg:1696.70ms
step:4395/6200 train_loss:3.4176 train_time:7440024ms step_avg:1696.70ms
step:4396/6200 train_loss:3.6601 train_time:7441718ms step_avg:1696.70ms
step:4397/6200 train_loss:3.3912 train_time:7443416ms step_avg:1696.70ms
step:4398/6200 train_loss:3.4572 train_time:7445115ms step_avg:1696.70ms
step:4399/6200 train_loss:3.4201 train_time:7446814ms step_avg:1696.70ms
step:4400/6200 train_loss:3.6904 train_time:7448515ms step_avg:1696.70ms
step:4401/6200 train_loss:3.4874 train_time:7450215ms step_avg:1696.70ms
step:4402/6200 train_loss:3.2856 train_time:7451911ms step_avg:1696.70ms
step:4403/6200 train_loss:3.3471 train_time:7453609ms step_avg:1696.70ms
step:4404/6200 train_loss:3.2834 train_time:7455307ms step_avg:1696.70ms
step:4405/6200 train_loss:3.4702 train_time:7457010ms step_avg:1696.70ms
step:4406/6200 train_loss:3.7391 train_time:7458707ms step_avg:1696.70ms
step:4407/6200 train_loss:3.4342 train_time:7460408ms step_avg:1696.70ms
step:4408/6200 train_loss:3.4381 train_time:7462107ms step_avg:1696.70ms
step:4409/6200 train_loss:3.2918 train_time:7463802ms step_avg:1696.70ms
step:4410/6200 train_loss:3.5337 train_time:7465497ms step_avg:1696.70ms
step:4411/6200 train_loss:4.3918 train_time:7467196ms step_avg:1696.70ms
step:4412/6200 train_loss:3.3300 train_time:7468894ms step_avg:1696.70ms
step:4413/6200 train_loss:3.2906 train_time:7470592ms step_avg:1696.71ms
step:4414/6200 train_loss:3.3289 train_time:7472291ms step_avg:1696.71ms
step:4415/6200 train_loss:3.0815 train_time:7473987ms step_avg:1696.71ms
step:4416/6200 train_loss:3.4121 train_time:7475683ms step_avg:1696.71ms
step:4417/6200 train_loss:2.9647 train_time:7477378ms step_avg:1696.70ms
step:4418/6200 train_loss:3.3668 train_time:7479073ms step_avg:1696.70ms
step:4419/6200 train_loss:3.4776 train_time:7480768ms step_avg:1696.70ms
step:4420/6200 train_loss:3.2997 train_time:7482465ms step_avg:1696.70ms
step:4421/6200 train_loss:3.7751 train_time:7484161ms step_avg:1696.70ms
step:4422/6200 train_loss:3.7817 train_time:7485859ms step_avg:1696.70ms
step:4423/6200 train_loss:3.3549 train_time:7487554ms step_avg:1696.70ms
step:4424/6200 train_loss:3.6834 train_time:7489250ms step_avg:1696.70ms
step:4425/6200 train_loss:3.7732 train_time:7490948ms step_avg:1696.70ms
step:4426/6200 train_loss:3.4307 train_time:7492643ms step_avg:1696.70ms
step:4427/6200 train_loss:3.4023 train_time:7494341ms step_avg:1696.70ms
step:4428/6200 train_loss:3.2998 train_time:7496036ms step_avg:1696.70ms
step:4429/6200 train_loss:3.5138 train_time:7497735ms step_avg:1696.70ms
step:4430/6200 train_loss:3.3756 train_time:7499432ms step_avg:1696.70ms
step:4431/6200 train_loss:3.3516 train_time:7501129ms step_avg:1696.70ms
step:4432/6200 train_loss:3.3459 train_time:7502827ms step_avg:1696.70ms
step:4433/6200 train_loss:3.2630 train_time:7504524ms step_avg:1696.70ms
step:4434/6200 train_loss:3.6775 train_time:7506221ms step_avg:1696.70ms
step:4435/6200 train_loss:3.3679 train_time:7507917ms step_avg:1696.70ms
step:4436/6200 train_loss:3.6891 train_time:7509616ms step_avg:1696.70ms
step:4437/6200 train_loss:3.0591 train_time:7511313ms step_avg:1696.70ms
step:4438/6200 train_loss:3.4501 train_time:7513009ms step_avg:1696.70ms
step:4439/6200 train_loss:3.3128 train_time:7514707ms step_avg:1696.71ms
step:4440/6200 train_loss:3.4963 train_time:7516403ms step_avg:1696.70ms
step:4441/6200 train_loss:3.5850 train_time:7518101ms step_avg:1696.71ms
step:4442/6200 train_loss:3.2132 train_time:7519798ms step_avg:1696.71ms
step:4443/6200 train_loss:3.4953 train_time:7521495ms step_avg:1696.71ms
step:4444/6200 train_loss:3.5813 train_time:7523193ms step_avg:1696.71ms
step:4445/6200 train_loss:3.1831 train_time:7524891ms step_avg:1696.71ms
step:4446/6200 train_loss:3.1896 train_time:7526588ms step_avg:1696.71ms
step:4447/6200 train_loss:3.3936 train_time:7528285ms step_avg:1696.71ms
step:4448/6200 train_loss:3.4800 train_time:7529981ms step_avg:1696.71ms
step:4449/6200 train_loss:3.3283 train_time:7531679ms step_avg:1696.71ms
step:4450/6200 train_loss:3.5293 train_time:7533376ms step_avg:1696.71ms
step:4451/6200 train_loss:3.1820 train_time:7535076ms step_avg:1696.71ms
step:4452/6200 train_loss:3.3393 train_time:7536777ms step_avg:1696.71ms
step:4453/6200 train_loss:3.3784 train_time:7538476ms step_avg:1696.71ms
step:4454/6200 train_loss:3.8055 train_time:7540175ms step_avg:1696.71ms
step:4455/6200 train_loss:3.2754 train_time:7541876ms step_avg:1696.71ms
step:4456/6200 train_loss:3.1245 train_time:7543576ms step_avg:1696.71ms
step:4457/6200 train_loss:3.4669 train_time:7545279ms step_avg:1696.71ms
step:4458/6200 train_loss:3.5908 train_time:7546979ms step_avg:1696.71ms
step:4459/6200 train_loss:3.2527 train_time:7548680ms step_avg:1696.71ms
step:4460/6200 train_loss:3.3452 train_time:7550380ms step_avg:1696.71ms
step:4461/6200 train_loss:3.5486 train_time:7552082ms step_avg:1696.72ms
step:4462/6200 train_loss:3.5573 train_time:7553781ms step_avg:1696.72ms
step:4463/6200 train_loss:3.6677 train_time:7555483ms step_avg:1696.72ms
step:4464/6200 train_loss:3.2739 train_time:7557183ms step_avg:1696.72ms
step:4465/6200 train_loss:3.3430 train_time:7558883ms step_avg:1696.72ms
step:4466/6200 train_loss:3.3716 train_time:7560586ms step_avg:1696.72ms
step:4467/6200 train_loss:3.3528 train_time:7562288ms step_avg:1696.72ms
step:4468/6200 train_loss:3.2541 train_time:7563990ms step_avg:1696.72ms
step:4469/6200 train_loss:3.5760 train_time:7565687ms step_avg:1696.72ms
step:4470/6200 train_loss:3.2704 train_time:7567389ms step_avg:1696.72ms
step:4471/6200 train_loss:3.3199 train_time:7569087ms step_avg:1696.72ms
step:4472/6200 train_loss:3.2885 train_time:7570785ms step_avg:1696.72ms
step:4473/6200 train_loss:3.8632 train_time:7572484ms step_avg:1696.73ms
step:4474/6200 train_loss:3.5431 train_time:7574187ms step_avg:1696.73ms
step:4475/6200 train_loss:3.2810 train_time:7575886ms step_avg:1696.73ms
step:4476/6200 train_loss:3.2776 train_time:7577586ms step_avg:1696.73ms
step:4477/6200 train_loss:3.1342 train_time:7579285ms step_avg:1696.73ms
step:4478/6200 train_loss:3.3843 train_time:7580982ms step_avg:1696.73ms
step:4479/6200 train_loss:3.4963 train_time:7582679ms step_avg:1696.73ms
step:4480/6200 train_loss:3.2888 train_time:7584375ms step_avg:1696.73ms
step:4481/6200 train_loss:3.3512 train_time:7586071ms step_avg:1696.73ms
step:4482/6200 train_loss:3.1756 train_time:7587767ms step_avg:1696.73ms
step:4483/6200 train_loss:3.2833 train_time:7589466ms step_avg:1696.73ms
step:4484/6200 train_loss:3.2614 train_time:7591165ms step_avg:1696.73ms
step:4485/6200 train_loss:3.3115 train_time:7592863ms step_avg:1696.73ms
step:4486/6200 train_loss:3.3167 train_time:7594561ms step_avg:1696.73ms
step:4487/6200 train_loss:3.3363 train_time:7596261ms step_avg:1696.73ms
step:4488/6200 train_loss:3.3369 train_time:7597963ms step_avg:1696.73ms
step:4489/6200 train_loss:3.4543 train_time:7599662ms step_avg:1696.73ms
step:4490/6200 train_loss:3.5412 train_time:7601362ms step_avg:1696.73ms
step:4491/6200 train_loss:3.5538 train_time:7603059ms step_avg:1696.73ms
step:4492/6200 train_loss:3.3966 train_time:7604755ms step_avg:1696.73ms
step:4493/6200 train_loss:3.3552 train_time:7606453ms step_avg:1696.73ms
step:4494/6200 train_loss:3.2882 train_time:7608153ms step_avg:1696.73ms
step:4495/6200 train_loss:3.3192 train_time:7609854ms step_avg:1696.73ms
step:4496/6200 train_loss:3.0977 train_time:7611555ms step_avg:1696.74ms
step:4497/6200 train_loss:3.4722 train_time:7613254ms step_avg:1696.74ms
step:4498/6200 train_loss:3.3083 train_time:7614951ms step_avg:1696.74ms
step:4499/6200 train_loss:3.4489 train_time:7616647ms step_avg:1696.74ms
step:4500/6200 train_loss:3.3745 train_time:7618346ms step_avg:1696.74ms
step:4500/6200 val_loss:3.4290 train_time:7618360ms step_avg:1696.74ms
step:4501/6200 train_loss:3.3546 train_time:7620067ms step_avg:1696.74ms
step:4502/6200 train_loss:3.3671 train_time:7621760ms step_avg:1696.74ms
step:4503/6200 train_loss:3.5116 train_time:7623452ms step_avg:1696.74ms
step:4504/6200 train_loss:3.3271 train_time:7625149ms step_avg:1696.74ms
step:4505/6200 train_loss:3.1180 train_time:7626844ms step_avg:1696.74ms
step:4506/6200 train_loss:3.3988 train_time:7628540ms step_avg:1696.74ms
step:4507/6200 train_loss:3.2881 train_time:7630234ms step_avg:1696.74ms
step:4508/6200 train_loss:3.5402 train_time:7631927ms step_avg:1696.74ms
step:4509/6200 train_loss:3.4252 train_time:7633624ms step_avg:1696.74ms
step:4510/6200 train_loss:3.5391 train_time:7635317ms step_avg:1696.74ms
step:4511/6200 train_loss:3.5146 train_time:7637011ms step_avg:1696.74ms
step:4512/6200 train_loss:3.1320 train_time:7638705ms step_avg:1696.74ms
step:4513/6200 train_loss:3.2872 train_time:7640402ms step_avg:1696.74ms
step:4514/6200 train_loss:3.2815 train_time:7642098ms step_avg:1696.74ms
step:4515/6200 train_loss:3.4792 train_time:7643790ms step_avg:1696.73ms
step:4516/6200 train_loss:3.4846 train_time:7645482ms step_avg:1696.73ms
step:4517/6200 train_loss:3.4413 train_time:7647177ms step_avg:1696.73ms
step:4518/6200 train_loss:3.4489 train_time:7648874ms step_avg:1696.73ms
step:4519/6200 train_loss:3.3856 train_time:7650571ms step_avg:1696.73ms
step:4520/6200 train_loss:3.4146 train_time:7652266ms step_avg:1696.73ms
step:4521/6200 train_loss:3.3281 train_time:7653962ms step_avg:1696.73ms
step:4522/6200 train_loss:3.4022 train_time:7655657ms step_avg:1696.73ms
step:4523/6200 train_loss:3.5121 train_time:7657351ms step_avg:1696.73ms
step:4524/6200 train_loss:3.3044 train_time:7659044ms step_avg:1696.73ms
step:4525/6200 train_loss:3.3729 train_time:7660736ms step_avg:1696.73ms
step:4526/6200 train_loss:3.6718 train_time:7662429ms step_avg:1696.73ms
step:4527/6200 train_loss:3.4484 train_time:7664122ms step_avg:1696.73ms
step:4528/6200 train_loss:3.2781 train_time:7665817ms step_avg:1696.73ms
step:4529/6200 train_loss:3.3609 train_time:7667512ms step_avg:1696.73ms
step:4530/6200 train_loss:3.4327 train_time:7669209ms step_avg:1696.73ms
step:4531/6200 train_loss:3.3306 train_time:7670905ms step_avg:1696.73ms
step:4532/6200 train_loss:3.2484 train_time:7672602ms step_avg:1696.73ms
step:4533/6200 train_loss:3.4242 train_time:7674295ms step_avg:1696.73ms
step:4534/6200 train_loss:3.1653 train_time:7675988ms step_avg:1696.73ms
step:4535/6200 train_loss:3.4392 train_time:7677678ms step_avg:1696.72ms
step:4536/6200 train_loss:3.3932 train_time:7679372ms step_avg:1696.72ms
step:4537/6200 train_loss:3.3590 train_time:7681066ms step_avg:1696.72ms
step:4538/6200 train_loss:3.2377 train_time:7682762ms step_avg:1696.72ms
step:4539/6200 train_loss:3.3214 train_time:7684454ms step_avg:1696.72ms
step:4540/6200 train_loss:3.1578 train_time:7686146ms step_avg:1696.72ms
step:4541/6200 train_loss:3.3460 train_time:7687838ms step_avg:1696.72ms
step:4542/6200 train_loss:3.2858 train_time:7689530ms step_avg:1696.72ms
step:4543/6200 train_loss:3.1216 train_time:7691224ms step_avg:1696.72ms
step:4544/6200 train_loss:3.3383 train_time:7692920ms step_avg:1696.72ms
step:4545/6200 train_loss:3.3660 train_time:7694615ms step_avg:1696.72ms
step:4546/6200 train_loss:3.2985 train_time:7696312ms step_avg:1696.72ms
step:4547/6200 train_loss:3.2976 train_time:7698007ms step_avg:1696.72ms
step:4548/6200 train_loss:3.4182 train_time:7699703ms step_avg:1696.72ms
step:4549/6200 train_loss:3.1826 train_time:7701399ms step_avg:1696.72ms
step:4550/6200 train_loss:3.3109 train_time:7703094ms step_avg:1696.72ms
step:4551/6200 train_loss:3.5591 train_time:7704787ms step_avg:1696.72ms
step:4552/6200 train_loss:3.4220 train_time:7706481ms step_avg:1696.72ms
step:4553/6200 train_loss:3.4215 train_time:7708176ms step_avg:1696.72ms
step:4554/6200 train_loss:3.4036 train_time:7709869ms step_avg:1696.71ms
step:4555/6200 train_loss:3.3498 train_time:7711566ms step_avg:1696.71ms
step:4556/6200 train_loss:3.3267 train_time:7713263ms step_avg:1696.71ms
step:4557/6200 train_loss:3.2780 train_time:7714955ms step_avg:1696.71ms
step:4558/6200 train_loss:3.3851 train_time:7716652ms step_avg:1696.71ms
step:4559/6200 train_loss:3.3234 train_time:7718345ms step_avg:1696.71ms
step:4560/6200 train_loss:3.3937 train_time:7720039ms step_avg:1696.71ms
step:4561/6200 train_loss:3.4473 train_time:7721734ms step_avg:1696.71ms
step:4562/6200 train_loss:3.3722 train_time:7723430ms step_avg:1696.71ms
step:4563/6200 train_loss:3.4601 train_time:7725127ms step_avg:1696.71ms
step:4564/6200 train_loss:3.2628 train_time:7726824ms step_avg:1696.71ms
step:4565/6200 train_loss:3.3433 train_time:7728519ms step_avg:1696.71ms
step:4566/6200 train_loss:3.2902 train_time:7730214ms step_avg:1696.71ms
step:4567/6200 train_loss:3.2576 train_time:7731907ms step_avg:1696.71ms
step:4568/6200 train_loss:3.5972 train_time:7733600ms step_avg:1696.71ms
step:4569/6200 train_loss:3.6289 train_time:7735291ms step_avg:1696.71ms
step:4570/6200 train_loss:3.4200 train_time:7736987ms step_avg:1696.71ms
step:4571/6200 train_loss:3.3822 train_time:7738683ms step_avg:1696.71ms
step:4572/6200 train_loss:3.3411 train_time:7740380ms step_avg:1696.71ms
step:4573/6200 train_loss:3.3090 train_time:7742076ms step_avg:1696.71ms
step:4574/6200 train_loss:3.3855 train_time:7743774ms step_avg:1696.71ms
step:4575/6200 train_loss:3.3737 train_time:7745487ms step_avg:1696.71ms
step:4576/6200 train_loss:3.3621 train_time:7747185ms step_avg:1696.71ms
step:4577/6200 train_loss:3.2471 train_time:7748882ms step_avg:1696.71ms
step:4578/6200 train_loss:3.4204 train_time:7750581ms step_avg:1696.71ms
step:4579/6200 train_loss:3.6129 train_time:7752274ms step_avg:1696.71ms
step:4580/6200 train_loss:3.4159 train_time:7753969ms step_avg:1696.71ms
step:4581/6200 train_loss:3.2648 train_time:7755665ms step_avg:1696.71ms
step:4582/6200 train_loss:3.3506 train_time:7757361ms step_avg:1696.71ms
step:4583/6200 train_loss:3.4727 train_time:7759056ms step_avg:1696.71ms
step:4584/6200 train_loss:3.2647 train_time:7760750ms step_avg:1696.71ms
step:4585/6200 train_loss:3.3493 train_time:7762445ms step_avg:1696.71ms
step:4586/6200 train_loss:3.4204 train_time:7764141ms step_avg:1696.71ms
step:4587/6200 train_loss:3.5320 train_time:7765836ms step_avg:1696.71ms
step:4588/6200 train_loss:3.5063 train_time:7767533ms step_avg:1696.71ms
step:4589/6200 train_loss:3.3620 train_time:7769230ms step_avg:1696.71ms
step:4590/6200 train_loss:3.5065 train_time:7770928ms step_avg:1696.71ms
step:4591/6200 train_loss:3.6120 train_time:7772626ms step_avg:1696.71ms
step:4592/6200 train_loss:3.2412 train_time:7774322ms step_avg:1696.71ms
step:4593/6200 train_loss:3.3613 train_time:7776022ms step_avg:1696.71ms
step:4594/6200 train_loss:3.2896 train_time:7777718ms step_avg:1696.71ms
step:4595/6200 train_loss:3.3702 train_time:7779412ms step_avg:1696.71ms
step:4596/6200 train_loss:3.6592 train_time:7781107ms step_avg:1696.71ms
step:4597/6200 train_loss:3.4436 train_time:7782803ms step_avg:1696.71ms
step:4598/6200 train_loss:3.3964 train_time:7784500ms step_avg:1696.71ms
step:4599/6200 train_loss:3.3020 train_time:7786196ms step_avg:1696.71ms
step:4600/6200 train_loss:3.4952 train_time:7787891ms step_avg:1696.71ms
step:4601/6200 train_loss:3.3704 train_time:7789585ms step_avg:1696.71ms
step:4602/6200 train_loss:3.4243 train_time:7791282ms step_avg:1696.71ms
step:4603/6200 train_loss:3.3837 train_time:7792981ms step_avg:1696.71ms
step:4604/6200 train_loss:3.5320 train_time:7794678ms step_avg:1696.71ms
step:4605/6200 train_loss:3.4553 train_time:7796372ms step_avg:1696.71ms
step:4606/6200 train_loss:3.3301 train_time:7798070ms step_avg:1696.71ms
step:4607/6200 train_loss:3.5754 train_time:7799765ms step_avg:1696.71ms
step:4608/6200 train_loss:3.5068 train_time:7801463ms step_avg:1696.71ms
step:4609/6200 train_loss:3.3640 train_time:7803160ms step_avg:1696.71ms
step:4610/6200 train_loss:3.4318 train_time:7804860ms step_avg:1696.71ms
step:4611/6200 train_loss:3.3782 train_time:7806558ms step_avg:1696.71ms
step:4612/6200 train_loss:3.4137 train_time:7808254ms step_avg:1696.71ms
step:4613/6200 train_loss:3.2239 train_time:7809952ms step_avg:1696.71ms
step:4614/6200 train_loss:3.4988 train_time:7811649ms step_avg:1696.71ms
step:4615/6200 train_loss:3.3803 train_time:7813345ms step_avg:1696.71ms
step:4616/6200 train_loss:3.4292 train_time:7815040ms step_avg:1696.71ms
step:4617/6200 train_loss:3.2915 train_time:7816737ms step_avg:1696.71ms
step:4618/6200 train_loss:3.4681 train_time:7818432ms step_avg:1696.71ms
step:4619/6200 train_loss:3.2843 train_time:7820127ms step_avg:1696.71ms
step:4620/6200 train_loss:3.3895 train_time:7821826ms step_avg:1696.71ms
step:4621/6200 train_loss:3.5081 train_time:7823527ms step_avg:1696.71ms
step:4622/6200 train_loss:3.3719 train_time:7825226ms step_avg:1696.71ms
step:4623/6200 train_loss:3.3978 train_time:7826922ms step_avg:1696.71ms
step:4624/6200 train_loss:3.2939 train_time:7828616ms step_avg:1696.71ms
step:4625/6200 train_loss:3.4925 train_time:7830315ms step_avg:1696.71ms
step:4625/6200 val_loss:3.4192 train_time:7830329ms step_avg:1696.71ms
step:4626/6200 train_loss:3.3238 train_time:7832020ms step_avg:1696.71ms
step:4627/6200 train_loss:3.3786 train_time:7833718ms step_avg:1696.71ms
step:4628/6200 train_loss:3.3993 train_time:7835416ms step_avg:1696.71ms
step:4629/6200 train_loss:3.3671 train_time:7837113ms step_avg:1696.71ms
step:4630/6200 train_loss:3.3848 train_time:7838808ms step_avg:1696.71ms
step:4631/6200 train_loss:3.4542 train_time:7840507ms step_avg:1696.71ms
step:4632/6200 train_loss:3.3782 train_time:7842203ms step_avg:1696.71ms
step:4633/6200 train_loss:3.1125 train_time:7843902ms step_avg:1696.71ms
step:4634/6200 train_loss:3.4541 train_time:7845598ms step_avg:1696.71ms
step:4635/6200 train_loss:3.4089 train_time:7847292ms step_avg:1696.71ms
step:4636/6200 train_loss:3.0286 train_time:7848987ms step_avg:1696.71ms
step:4637/6200 train_loss:3.6705 train_time:7850682ms step_avg:1696.71ms
step:4638/6200 train_loss:3.2864 train_time:7852376ms step_avg:1696.71ms
step:4639/6200 train_loss:3.5988 train_time:7854070ms step_avg:1696.71ms
step:4640/6200 train_loss:3.4617 train_time:7855765ms step_avg:1696.71ms
step:4641/6200 train_loss:3.5439 train_time:7857460ms step_avg:1696.71ms
step:4642/6200 train_loss:3.1578 train_time:7859155ms step_avg:1696.71ms
step:4643/6200 train_loss:3.3174 train_time:7860851ms step_avg:1696.71ms
step:4644/6200 train_loss:3.2991 train_time:7862549ms step_avg:1696.71ms
step:4645/6200 train_loss:3.3282 train_time:7864242ms step_avg:1696.71ms
step:4646/6200 train_loss:3.2973 train_time:7865938ms step_avg:1696.71ms
step:4647/6200 train_loss:3.2809 train_time:7867635ms step_avg:1696.71ms
step:4648/6200 train_loss:3.2506 train_time:7869331ms step_avg:1696.71ms
step:4649/6200 train_loss:3.5927 train_time:7871026ms step_avg:1696.71ms
step:4650/6200 train_loss:3.3537 train_time:7872721ms step_avg:1696.71ms
step:4651/6200 train_loss:3.3055 train_time:7874416ms step_avg:1696.71ms
step:4652/6200 train_loss:3.3489 train_time:7876112ms step_avg:1696.71ms
step:4653/6200 train_loss:3.3373 train_time:7877809ms step_avg:1696.71ms
step:4654/6200 train_loss:3.4418 train_time:7879504ms step_avg:1696.71ms
step:4655/6200 train_loss:3.4293 train_time:7881197ms step_avg:1696.71ms
step:4656/6200 train_loss:3.3965 train_time:7882893ms step_avg:1696.71ms
step:4657/6200 train_loss:4.3902 train_time:7884591ms step_avg:1696.71ms
step:4658/6200 train_loss:3.3371 train_time:7886290ms step_avg:1696.71ms
step:4659/6200 train_loss:3.5080 train_time:7887986ms step_avg:1696.71ms
step:4660/6200 train_loss:3.4316 train_time:7889681ms step_avg:1696.71ms
step:4661/6200 train_loss:3.6479 train_time:7891379ms step_avg:1696.71ms
step:4662/6200 train_loss:3.3237 train_time:7893075ms step_avg:1696.71ms
step:4663/6200 train_loss:3.5130 train_time:7894769ms step_avg:1696.71ms
step:4664/6200 train_loss:3.4317 train_time:7896466ms step_avg:1696.71ms
step:4665/6200 train_loss:3.3511 train_time:7898164ms step_avg:1696.71ms
step:4666/6200 train_loss:3.2409 train_time:7899858ms step_avg:1696.70ms
step:4667/6200 train_loss:3.5395 train_time:7901556ms step_avg:1696.71ms
step:4668/6200 train_loss:3.3326 train_time:7903255ms step_avg:1696.71ms
step:4669/6200 train_loss:3.3076 train_time:7904951ms step_avg:1696.71ms
step:4670/6200 train_loss:3.3151 train_time:7906646ms step_avg:1696.71ms
step:4671/6200 train_loss:3.3648 train_time:7908342ms step_avg:1696.70ms
step:4672/6200 train_loss:3.4013 train_time:7910038ms step_avg:1696.70ms
step:4673/6200 train_loss:3.2750 train_time:7911734ms step_avg:1696.70ms
step:4674/6200 train_loss:3.5074 train_time:7913431ms step_avg:1696.70ms
step:4675/6200 train_loss:3.2709 train_time:7915125ms step_avg:1696.70ms
step:4676/6200 train_loss:3.5494 train_time:7916820ms step_avg:1696.70ms
step:4677/6200 train_loss:3.4975 train_time:7918517ms step_avg:1696.70ms
step:4678/6200 train_loss:3.4936 train_time:7920215ms step_avg:1696.70ms
step:4679/6200 train_loss:3.5558 train_time:7921911ms step_avg:1696.70ms
step:4680/6200 train_loss:3.6104 train_time:7923609ms step_avg:1696.70ms
step:4681/6200 train_loss:3.5266 train_time:7925305ms step_avg:1696.70ms
step:4682/6200 train_loss:3.4857 train_time:7927002ms step_avg:1696.70ms
step:4683/6200 train_loss:3.3281 train_time:7928697ms step_avg:1696.70ms
step:4684/6200 train_loss:3.3245 train_time:7930395ms step_avg:1696.70ms
step:4685/6200 train_loss:3.5774 train_time:7932089ms step_avg:1696.70ms
step:4686/6200 train_loss:3.3683 train_time:7933784ms step_avg:1696.70ms
step:4687/6200 train_loss:3.2364 train_time:7935477ms step_avg:1696.70ms
step:4688/6200 train_loss:3.7459 train_time:7937174ms step_avg:1696.70ms
step:4689/6200 train_loss:3.3239 train_time:7938872ms step_avg:1696.70ms
step:4690/6200 train_loss:3.3790 train_time:7940566ms step_avg:1696.70ms
step:4691/6200 train_loss:3.4183 train_time:7942263ms step_avg:1696.70ms
step:4692/6200 train_loss:3.2642 train_time:7943959ms step_avg:1696.70ms
step:4693/6200 train_loss:3.3836 train_time:7945653ms step_avg:1696.70ms
step:4694/6200 train_loss:3.2540 train_time:7947345ms step_avg:1696.70ms
step:4695/6200 train_loss:3.4884 train_time:7949041ms step_avg:1696.70ms
step:4696/6200 train_loss:3.5094 train_time:7950734ms step_avg:1696.70ms
step:4697/6200 train_loss:3.3408 train_time:7952429ms step_avg:1696.70ms
step:4698/6200 train_loss:3.0222 train_time:7954128ms step_avg:1696.70ms
step:4699/6200 train_loss:3.3891 train_time:7955825ms step_avg:1696.70ms
step:4700/6200 train_loss:3.4494 train_time:7957520ms step_avg:1696.70ms
step:4701/6200 train_loss:3.3528 train_time:7959217ms step_avg:1696.70ms
step:4702/6200 train_loss:3.6288 train_time:7960917ms step_avg:1696.70ms
step:4703/6200 train_loss:3.4616 train_time:7962617ms step_avg:1696.70ms
step:4704/6200 train_loss:3.4289 train_time:7964312ms step_avg:1696.70ms
step:4705/6200 train_loss:3.2784 train_time:7966011ms step_avg:1696.70ms
step:4706/6200 train_loss:3.2507 train_time:7967710ms step_avg:1696.70ms
step:4707/6200 train_loss:3.4105 train_time:7969406ms step_avg:1696.70ms
step:4708/6200 train_loss:3.4011 train_time:7971102ms step_avg:1696.70ms
step:4709/6200 train_loss:3.1915 train_time:7972801ms step_avg:1696.70ms
step:4710/6200 train_loss:3.4116 train_time:7974497ms step_avg:1696.70ms
step:4711/6200 train_loss:3.4544 train_time:7976194ms step_avg:1696.70ms
step:4712/6200 train_loss:3.2714 train_time:7977891ms step_avg:1696.70ms
step:4713/6200 train_loss:3.4037 train_time:7979588ms step_avg:1696.70ms
step:4714/6200 train_loss:3.4009 train_time:7981284ms step_avg:1696.70ms
step:4715/6200 train_loss:3.3650 train_time:7982981ms step_avg:1696.70ms
step:4716/6200 train_loss:3.4393 train_time:7984676ms step_avg:1696.70ms
step:4717/6200 train_loss:3.3934 train_time:7986373ms step_avg:1696.70ms
step:4718/6200 train_loss:3.2220 train_time:7988071ms step_avg:1696.70ms
step:4719/6200 train_loss:3.3652 train_time:7989767ms step_avg:1696.70ms
step:4720/6200 train_loss:3.1924 train_time:7991467ms step_avg:1696.70ms
step:4721/6200 train_loss:3.4366 train_time:7993167ms step_avg:1696.70ms
step:4722/6200 train_loss:3.3478 train_time:7994865ms step_avg:1696.70ms
step:4723/6200 train_loss:3.2919 train_time:7996564ms step_avg:1696.70ms
step:4724/6200 train_loss:3.5443 train_time:7998262ms step_avg:1696.70ms
step:4725/6200 train_loss:3.4203 train_time:7999961ms step_avg:1696.70ms
step:4726/6200 train_loss:3.3417 train_time:8001661ms step_avg:1696.71ms
step:4727/6200 train_loss:3.0949 train_time:8003362ms step_avg:1696.71ms
step:4728/6200 train_loss:3.1197 train_time:8005058ms step_avg:1696.71ms
step:4729/6200 train_loss:3.3676 train_time:8006755ms step_avg:1696.71ms
step:4730/6200 train_loss:3.4636 train_time:8008454ms step_avg:1696.71ms
step:4731/6200 train_loss:3.3900 train_time:8010152ms step_avg:1696.71ms
step:4732/6200 train_loss:3.2979 train_time:8011850ms step_avg:1696.71ms
step:4733/6200 train_loss:3.2459 train_time:8013551ms step_avg:1696.71ms
step:4734/6200 train_loss:3.4870 train_time:8015249ms step_avg:1696.71ms
step:4735/6200 train_loss:3.3585 train_time:8016947ms step_avg:1696.71ms
step:4736/6200 train_loss:3.3343 train_time:8018647ms step_avg:1696.71ms
step:4737/6200 train_loss:3.2821 train_time:8020346ms step_avg:1696.71ms
step:4738/6200 train_loss:3.1190 train_time:8022043ms step_avg:1696.71ms
step:4739/6200 train_loss:3.3472 train_time:8023741ms step_avg:1696.71ms
step:4740/6200 train_loss:3.2799 train_time:8025442ms step_avg:1696.71ms
step:4741/6200 train_loss:3.4067 train_time:8027141ms step_avg:1696.71ms
step:4742/6200 train_loss:3.1629 train_time:8028838ms step_avg:1696.71ms
step:4743/6200 train_loss:3.3254 train_time:8030537ms step_avg:1696.71ms
step:4744/6200 train_loss:3.3443 train_time:8032237ms step_avg:1696.71ms
step:4745/6200 train_loss:3.3009 train_time:8033934ms step_avg:1696.71ms
step:4746/6200 train_loss:3.4197 train_time:8035633ms step_avg:1696.71ms
step:4747/6200 train_loss:3.6812 train_time:8037331ms step_avg:1696.71ms
step:4748/6200 train_loss:3.3288 train_time:8039030ms step_avg:1696.71ms
step:4749/6200 train_loss:3.2313 train_time:8040730ms step_avg:1696.71ms
step:4750/6200 train_loss:3.4047 train_time:8042429ms step_avg:1696.71ms
step:4750/6200 val_loss:3.4076 train_time:8042444ms step_avg:1696.72ms
step:4751/6200 train_loss:3.3668 train_time:8044135ms step_avg:1696.72ms
step:4752/6200 train_loss:3.4435 train_time:8045829ms step_avg:1696.72ms
step:4753/6200 train_loss:3.3939 train_time:8047523ms step_avg:1696.72ms
step:4754/6200 train_loss:3.3571 train_time:8049219ms step_avg:1696.72ms
step:4755/6200 train_loss:3.4108 train_time:8050914ms step_avg:1696.72ms
step:4756/6200 train_loss:3.4355 train_time:8052612ms step_avg:1696.72ms
step:4757/6200 train_loss:3.3675 train_time:8054308ms step_avg:1696.72ms
step:4758/6200 train_loss:3.4214 train_time:8056006ms step_avg:1696.72ms
step:4759/6200 train_loss:3.3098 train_time:8057703ms step_avg:1696.72ms
step:4760/6200 train_loss:3.4412 train_time:8059400ms step_avg:1696.72ms
step:4761/6200 train_loss:3.3630 train_time:8061096ms step_avg:1696.72ms
step:4762/6200 train_loss:3.4400 train_time:8062795ms step_avg:1696.72ms
step:4763/6200 train_loss:3.2674 train_time:8064494ms step_avg:1696.72ms
step:4764/6200 train_loss:3.3917 train_time:8066192ms step_avg:1696.72ms
step:4765/6200 train_loss:3.2402 train_time:8067890ms step_avg:1696.72ms
step:4766/6200 train_loss:3.2960 train_time:8069587ms step_avg:1696.72ms
step:4767/6200 train_loss:3.4037 train_time:8071281ms step_avg:1696.72ms
step:4768/6200 train_loss:3.2876 train_time:8072977ms step_avg:1696.72ms
step:4769/6200 train_loss:3.5168 train_time:8074673ms step_avg:1696.72ms
step:4770/6200 train_loss:3.3366 train_time:8076369ms step_avg:1696.72ms
step:4771/6200 train_loss:3.2586 train_time:8078065ms step_avg:1696.72ms
step:4772/6200 train_loss:3.3796 train_time:8079757ms step_avg:1696.72ms
step:4773/6200 train_loss:3.3588 train_time:8081450ms step_avg:1696.71ms
step:4774/6200 train_loss:3.3494 train_time:8083144ms step_avg:1696.71ms
step:4775/6200 train_loss:3.3660 train_time:8084837ms step_avg:1696.71ms
step:4776/6200 train_loss:3.4039 train_time:8086529ms step_avg:1696.71ms
step:4777/6200 train_loss:3.4457 train_time:8088222ms step_avg:1696.71ms
step:4778/6200 train_loss:3.4853 train_time:8089918ms step_avg:1696.71ms
step:4779/6200 train_loss:3.6135 train_time:8091613ms step_avg:1696.71ms
step:4780/6200 train_loss:3.6698 train_time:8093308ms step_avg:1696.71ms
step:4781/6200 train_loss:3.1002 train_time:8095006ms step_avg:1696.71ms
step:4782/6200 train_loss:3.3791 train_time:8096701ms step_avg:1696.71ms
step:4783/6200 train_loss:3.5252 train_time:8098397ms step_avg:1696.71ms
step:4784/6200 train_loss:3.3255 train_time:8100093ms step_avg:1696.71ms
step:4785/6200 train_loss:3.3441 train_time:8101789ms step_avg:1696.71ms
step:4786/6200 train_loss:3.2885 train_time:8103485ms step_avg:1696.71ms
step:4787/6200 train_loss:3.2993 train_time:8105182ms step_avg:1696.71ms
step:4788/6200 train_loss:3.3463 train_time:8106877ms step_avg:1696.71ms
step:4789/6200 train_loss:3.3989 train_time:8108571ms step_avg:1696.71ms
step:4790/6200 train_loss:3.3703 train_time:8110268ms step_avg:1696.71ms
step:4791/6200 train_loss:3.3458 train_time:8111965ms step_avg:1696.71ms
step:4792/6200 train_loss:3.3950 train_time:8113657ms step_avg:1696.71ms
step:4793/6200 train_loss:3.5539 train_time:8115354ms step_avg:1696.71ms
step:4794/6200 train_loss:3.3571 train_time:8117049ms step_avg:1696.71ms
step:4795/6200 train_loss:3.3140 train_time:8118742ms step_avg:1696.71ms
step:4796/6200 train_loss:3.3563 train_time:8120437ms step_avg:1696.71ms
step:4797/6200 train_loss:3.3117 train_time:8122135ms step_avg:1696.71ms
step:4798/6200 train_loss:3.6700 train_time:8123831ms step_avg:1696.71ms
step:4799/6200 train_loss:3.4097 train_time:8125529ms step_avg:1696.71ms
step:4800/6200 train_loss:3.3639 train_time:8127224ms step_avg:1696.71ms
step:4801/6200 train_loss:3.2632 train_time:8128919ms step_avg:1696.71ms
step:4802/6200 train_loss:3.3605 train_time:8130610ms step_avg:1696.71ms
step:4803/6200 train_loss:3.3805 train_time:8132304ms step_avg:1696.70ms
step:4804/6200 train_loss:3.4840 train_time:8133998ms step_avg:1696.70ms
step:4805/6200 train_loss:3.3513 train_time:8135694ms step_avg:1696.70ms
step:4806/6200 train_loss:3.3782 train_time:8137388ms step_avg:1696.70ms
step:4807/6200 train_loss:3.3324 train_time:8139082ms step_avg:1696.70ms
step:4808/6200 train_loss:3.3130 train_time:8140777ms step_avg:1696.70ms
step:4809/6200 train_loss:3.5313 train_time:8142476ms step_avg:1696.70ms
step:4810/6200 train_loss:3.3250 train_time:8144173ms step_avg:1696.70ms
step:4811/6200 train_loss:3.4130 train_time:8145865ms step_avg:1696.70ms
step:4812/6200 train_loss:3.1433 train_time:8147558ms step_avg:1696.70ms
step:4813/6200 train_loss:3.6553 train_time:8149254ms step_avg:1696.70ms
step:4814/6200 train_loss:3.3367 train_time:8150948ms step_avg:1696.70ms
step:4815/6200 train_loss:3.2112 train_time:8152644ms step_avg:1696.70ms
step:4816/6200 train_loss:3.4500 train_time:8154338ms step_avg:1696.70ms
step:4817/6200 train_loss:3.3082 train_time:8156027ms step_avg:1696.70ms
step:4818/6200 train_loss:3.4018 train_time:8157722ms step_avg:1696.70ms
step:4819/6200 train_loss:3.6520 train_time:8159414ms step_avg:1696.70ms
step:4820/6200 train_loss:3.2616 train_time:8161109ms step_avg:1696.70ms
step:4821/6200 train_loss:3.2024 train_time:8162805ms step_avg:1696.70ms
step:4822/6200 train_loss:3.3035 train_time:8164502ms step_avg:1696.70ms
step:4823/6200 train_loss:3.3964 train_time:8166199ms step_avg:1696.70ms
step:4824/6200 train_loss:3.2037 train_time:8167894ms step_avg:1696.70ms
step:4825/6200 train_loss:3.5489 train_time:8169591ms step_avg:1696.70ms
step:4826/6200 train_loss:3.4037 train_time:8171288ms step_avg:1696.70ms
step:4827/6200 train_loss:3.4682 train_time:8172983ms step_avg:1696.70ms
step:4828/6200 train_loss:3.2127 train_time:8174684ms step_avg:1696.70ms
step:4829/6200 train_loss:3.3411 train_time:8176384ms step_avg:1696.70ms
step:4830/6200 train_loss:3.3708 train_time:8178082ms step_avg:1696.70ms
step:4831/6200 train_loss:3.3818 train_time:8179782ms step_avg:1696.70ms
step:4832/6200 train_loss:3.3512 train_time:8181479ms step_avg:1696.70ms
step:4833/6200 train_loss:3.4793 train_time:8183178ms step_avg:1696.70ms
step:4834/6200 train_loss:3.2688 train_time:8184875ms step_avg:1696.70ms
step:4835/6200 train_loss:3.1303 train_time:8186570ms step_avg:1696.70ms
step:4836/6200 train_loss:3.5292 train_time:8188267ms step_avg:1696.70ms
step:4837/6200 train_loss:3.3434 train_time:8189962ms step_avg:1696.70ms
step:4838/6200 train_loss:3.4147 train_time:8191659ms step_avg:1696.70ms
step:4839/6200 train_loss:3.3355 train_time:8193352ms step_avg:1696.70ms
step:4840/6200 train_loss:3.2770 train_time:8195047ms step_avg:1696.70ms
step:4841/6200 train_loss:3.5078 train_time:8196743ms step_avg:1696.70ms
step:4842/6200 train_loss:3.2722 train_time:8198441ms step_avg:1696.70ms
step:4843/6200 train_loss:3.3056 train_time:8200141ms step_avg:1696.70ms
step:4844/6200 train_loss:3.3251 train_time:8201839ms step_avg:1696.70ms
step:4845/6200 train_loss:3.2987 train_time:8203538ms step_avg:1696.70ms
step:4846/6200 train_loss:3.2657 train_time:8205233ms step_avg:1696.70ms
step:4847/6200 train_loss:3.4452 train_time:8206931ms step_avg:1696.70ms
step:4848/6200 train_loss:3.3066 train_time:8208632ms step_avg:1696.70ms
step:4849/6200 train_loss:3.1389 train_time:8210330ms step_avg:1696.70ms
step:4850/6200 train_loss:3.3300 train_time:8212026ms step_avg:1696.70ms
step:4851/6200 train_loss:3.5657 train_time:8213723ms step_avg:1696.70ms
step:4852/6200 train_loss:3.2092 train_time:8215421ms step_avg:1696.70ms
step:4853/6200 train_loss:3.2646 train_time:8217118ms step_avg:1696.70ms
step:4854/6200 train_loss:3.2590 train_time:8218815ms step_avg:1696.70ms
step:4855/6200 train_loss:3.4882 train_time:8220510ms step_avg:1696.70ms
step:4856/6200 train_loss:3.5325 train_time:8222208ms step_avg:1696.70ms
step:4857/6200 train_loss:3.6088 train_time:8223904ms step_avg:1696.70ms
step:4858/6200 train_loss:3.3747 train_time:8225599ms step_avg:1696.70ms
step:4859/6200 train_loss:3.1327 train_time:8227293ms step_avg:1696.70ms
step:4860/6200 train_loss:3.3254 train_time:8228988ms step_avg:1696.70ms
step:4861/6200 train_loss:3.5072 train_time:8230683ms step_avg:1696.70ms
step:4862/6200 train_loss:3.3478 train_time:8232377ms step_avg:1696.70ms
step:4863/6200 train_loss:3.4261 train_time:8234072ms step_avg:1696.70ms
step:4864/6200 train_loss:3.2607 train_time:8235767ms step_avg:1696.70ms
step:4865/6200 train_loss:3.2814 train_time:8237460ms step_avg:1696.70ms
step:4866/6200 train_loss:3.4910 train_time:8239153ms step_avg:1696.70ms
step:4867/6200 train_loss:3.3705 train_time:8240848ms step_avg:1696.70ms
step:4868/6200 train_loss:3.4946 train_time:8242546ms step_avg:1696.70ms
step:4869/6200 train_loss:3.1811 train_time:8244240ms step_avg:1696.69ms
step:4870/6200 train_loss:3.5041 train_time:8245936ms step_avg:1696.69ms
step:4871/6200 train_loss:3.3729 train_time:8247634ms step_avg:1696.69ms
step:4872/6200 train_loss:3.6039 train_time:8249330ms step_avg:1696.69ms
step:4873/6200 train_loss:3.4422 train_time:8251024ms step_avg:1696.69ms
step:4874/6200 train_loss:3.4721 train_time:8252719ms step_avg:1696.69ms
step:4875/6200 train_loss:3.2870 train_time:8254417ms step_avg:1696.69ms
step:4875/6200 val_loss:3.3964 train_time:8254431ms step_avg:1696.70ms
step:4876/6200 train_loss:3.3597 train_time:8256127ms step_avg:1696.70ms
step:4877/6200 train_loss:3.3133 train_time:8257821ms step_avg:1696.70ms
step:4878/6200 train_loss:3.4722 train_time:8259515ms step_avg:1696.70ms
step:4879/6200 train_loss:3.1992 train_time:8261210ms step_avg:1696.70ms
step:4880/6200 train_loss:3.1700 train_time:8262908ms step_avg:1696.70ms
step:4881/6200 train_loss:3.3397 train_time:8264602ms step_avg:1696.70ms
step:4882/6200 train_loss:3.3938 train_time:8266293ms step_avg:1696.69ms
step:4883/6200 train_loss:3.4065 train_time:8267989ms step_avg:1696.69ms
step:4884/6200 train_loss:3.2721 train_time:8269681ms step_avg:1696.69ms
step:4885/6200 train_loss:3.4672 train_time:8271376ms step_avg:1696.69ms
step:4886/6200 train_loss:3.2877 train_time:8273071ms step_avg:1696.69ms
step:4887/6200 train_loss:3.3778 train_time:8274768ms step_avg:1696.69ms
step:4888/6200 train_loss:3.2892 train_time:8276465ms step_avg:1696.69ms
step:4889/6200 train_loss:3.3578 train_time:8278159ms step_avg:1696.69ms
step:4890/6200 train_loss:3.3007 train_time:8279849ms step_avg:1696.69ms
step:4891/6200 train_loss:3.1992 train_time:8281540ms step_avg:1696.69ms
step:4892/6200 train_loss:3.3388 train_time:8283233ms step_avg:1696.69ms
step:4893/6200 train_loss:3.4086 train_time:8284927ms step_avg:1696.69ms
step:4894/6200 train_loss:3.3150 train_time:8286621ms step_avg:1696.69ms
step:4895/6200 train_loss:3.5090 train_time:8288313ms step_avg:1696.69ms
step:4896/6200 train_loss:3.3298 train_time:8290009ms step_avg:1696.69ms
step:4897/6200 train_loss:3.2705 train_time:8291704ms step_avg:1696.69ms
step:4898/6200 train_loss:3.4449 train_time:8293399ms step_avg:1696.69ms
step:4899/6200 train_loss:3.4963 train_time:8295091ms step_avg:1696.68ms
step:4900/6200 train_loss:3.2921 train_time:8296784ms step_avg:1696.68ms
step:4901/6200 train_loss:3.5120 train_time:8298476ms step_avg:1696.68ms
step:4902/6200 train_loss:3.4535 train_time:8300170ms step_avg:1696.68ms
step:4903/6200 train_loss:3.5646 train_time:8301862ms step_avg:1696.68ms
step:4904/6200 train_loss:3.3478 train_time:8303553ms step_avg:1696.68ms
step:4905/6200 train_loss:3.2827 train_time:8305247ms step_avg:1696.68ms
step:4906/6200 train_loss:3.4104 train_time:8306937ms step_avg:1696.68ms
step:4907/6200 train_loss:3.4123 train_time:8308633ms step_avg:1696.68ms
step:4908/6200 train_loss:3.2470 train_time:8310326ms step_avg:1696.68ms
step:4909/6200 train_loss:3.2994 train_time:8312022ms step_avg:1696.68ms
step:4910/6200 train_loss:3.1604 train_time:8313722ms step_avg:1696.68ms
step:4911/6200 train_loss:3.4172 train_time:8315415ms step_avg:1696.68ms
step:4912/6200 train_loss:3.2386 train_time:8317113ms step_avg:1696.68ms
step:4913/6200 train_loss:3.2974 train_time:8318808ms step_avg:1696.68ms
step:4914/6200 train_loss:3.5092 train_time:8320502ms step_avg:1696.68ms
step:4915/6200 train_loss:3.3082 train_time:8322198ms step_avg:1696.68ms
step:4916/6200 train_loss:3.4135 train_time:8323894ms step_avg:1696.68ms
step:4917/6200 train_loss:3.4623 train_time:8325590ms step_avg:1696.68ms
step:4918/6200 train_loss:4.0233 train_time:8327285ms step_avg:1696.68ms
step:4919/6200 train_loss:3.3358 train_time:8328980ms step_avg:1696.68ms
step:4920/6200 train_loss:3.2574 train_time:8330676ms step_avg:1696.68ms
step:4921/6200 train_loss:3.1526 train_time:8332371ms step_avg:1696.68ms
step:4922/6200 train_loss:3.4037 train_time:8334067ms step_avg:1696.67ms
step:4923/6200 train_loss:3.3040 train_time:8335763ms step_avg:1696.67ms
step:4924/6200 train_loss:3.4093 train_time:8337461ms step_avg:1696.68ms
step:4925/6200 train_loss:3.2428 train_time:8339159ms step_avg:1696.68ms
step:4926/6200 train_loss:3.2502 train_time:8340855ms step_avg:1696.68ms
step:4927/6200 train_loss:3.6763 train_time:8342550ms step_avg:1696.67ms
step:4928/6200 train_loss:3.2534 train_time:8344244ms step_avg:1696.67ms
step:4929/6200 train_loss:3.4496 train_time:8345939ms step_avg:1696.67ms
step:4930/6200 train_loss:3.3935 train_time:8347634ms step_avg:1696.67ms
step:4931/6200 train_loss:3.2398 train_time:8349329ms step_avg:1696.67ms
step:4932/6200 train_loss:3.1673 train_time:8351027ms step_avg:1696.67ms
step:4933/6200 train_loss:3.5245 train_time:8352724ms step_avg:1696.67ms
step:4934/6200 train_loss:3.2774 train_time:8354422ms step_avg:1696.67ms
step:4935/6200 train_loss:3.3178 train_time:8356118ms step_avg:1696.67ms
step:4936/6200 train_loss:3.3659 train_time:8357814ms step_avg:1696.67ms
step:4937/6200 train_loss:3.2044 train_time:8359511ms step_avg:1696.67ms
step:4938/6200 train_loss:3.3921 train_time:8361208ms step_avg:1696.67ms
step:4939/6200 train_loss:3.2423 train_time:8362904ms step_avg:1696.67ms
step:4940/6200 train_loss:3.3058 train_time:8364601ms step_avg:1696.67ms
step:4941/6200 train_loss:3.3891 train_time:8366298ms step_avg:1696.67ms
step:4942/6200 train_loss:3.2403 train_time:8367995ms step_avg:1696.67ms
step:4943/6200 train_loss:3.4295 train_time:8369691ms step_avg:1696.67ms
step:4944/6200 train_loss:3.3109 train_time:8371391ms step_avg:1696.67ms
step:4945/6200 train_loss:3.2190 train_time:8373088ms step_avg:1696.67ms
step:4946/6200 train_loss:3.3095 train_time:8374782ms step_avg:1696.67ms
step:4947/6200 train_loss:3.2570 train_time:8376480ms step_avg:1696.67ms
step:4948/6200 train_loss:3.3980 train_time:8378176ms step_avg:1696.67ms
step:4949/6200 train_loss:3.2698 train_time:8379867ms step_avg:1696.67ms
step:4950/6200 train_loss:3.2738 train_time:8381561ms step_avg:1696.67ms
step:4951/6200 train_loss:3.5915 train_time:8383257ms step_avg:1696.67ms
step:4952/6200 train_loss:3.1125 train_time:8384950ms step_avg:1696.67ms
step:4953/6200 train_loss:3.3951 train_time:8386645ms step_avg:1696.67ms
step:4954/6200 train_loss:3.3351 train_time:8388340ms step_avg:1696.67ms
step:4955/6200 train_loss:3.3185 train_time:8390033ms step_avg:1696.67ms
step:4956/6200 train_loss:3.2660 train_time:8391728ms step_avg:1696.67ms
step:4957/6200 train_loss:3.2561 train_time:8393422ms step_avg:1696.67ms
step:4958/6200 train_loss:3.2125 train_time:8395116ms step_avg:1696.67ms
step:4959/6200 train_loss:3.3021 train_time:8396810ms step_avg:1696.67ms
step:4960/6200 train_loss:3.1052 train_time:8398506ms step_avg:1696.67ms
step:4961/6200 train_loss:3.4008 train_time:8400201ms step_avg:1696.67ms
step:4962/6200 train_loss:3.3179 train_time:8401897ms step_avg:1696.67ms
step:4963/6200 train_loss:3.3698 train_time:8403591ms step_avg:1696.67ms
step:4964/6200 train_loss:3.4394 train_time:8405290ms step_avg:1696.67ms
step:4965/6200 train_loss:3.4080 train_time:8406986ms step_avg:1696.67ms
step:4966/6200 train_loss:3.1410 train_time:8408682ms step_avg:1696.67ms
step:4967/6200 train_loss:2.8674 train_time:8410377ms step_avg:1696.67ms
step:4968/6200 train_loss:3.1913 train_time:8412071ms step_avg:1696.67ms
step:4969/6200 train_loss:3.4321 train_time:8413765ms step_avg:1696.67ms
step:4970/6200 train_loss:3.3313 train_time:8415458ms step_avg:1696.66ms
step:4971/6200 train_loss:3.3056 train_time:8417154ms step_avg:1696.66ms
step:4972/6200 train_loss:3.1846 train_time:8418848ms step_avg:1696.66ms
step:4973/6200 train_loss:3.3836 train_time:8420547ms step_avg:1696.66ms
step:4974/6200 train_loss:3.2937 train_time:8422241ms step_avg:1696.66ms
step:4975/6200 train_loss:3.2766 train_time:8423934ms step_avg:1696.66ms
step:4976/6200 train_loss:3.2276 train_time:8425625ms step_avg:1696.66ms
step:4977/6200 train_loss:3.2130 train_time:8427322ms step_avg:1696.66ms
step:4978/6200 train_loss:3.4829 train_time:8429018ms step_avg:1696.66ms
step:4979/6200 train_loss:3.4395 train_time:8430714ms step_avg:1696.66ms
step:4980/6200 train_loss:3.3986 train_time:8432410ms step_avg:1696.66ms
step:4981/6200 train_loss:3.3335 train_time:8434105ms step_avg:1696.66ms
step:4982/6200 train_loss:3.3463 train_time:8435802ms step_avg:1696.66ms
step:4983/6200 train_loss:3.2633 train_time:8437498ms step_avg:1696.66ms
step:4984/6200 train_loss:3.2961 train_time:8439194ms step_avg:1696.66ms
step:4985/6200 train_loss:3.1971 train_time:8440890ms step_avg:1696.66ms
step:4986/6200 train_loss:3.3063 train_time:8442587ms step_avg:1696.66ms
step:4987/6200 train_loss:3.3592 train_time:8444280ms step_avg:1696.66ms
step:4988/6200 train_loss:3.2545 train_time:8445975ms step_avg:1696.66ms
step:4989/6200 train_loss:3.2404 train_time:8447673ms step_avg:1696.66ms
step:4990/6200 train_loss:3.1436 train_time:8449373ms step_avg:1696.66ms
step:4991/6200 train_loss:3.3968 train_time:8451075ms step_avg:1696.66ms
step:4992/6200 train_loss:3.5514 train_time:8452777ms step_avg:1696.66ms
step:4993/6200 train_loss:3.2702 train_time:8454481ms step_avg:1696.66ms
step:4994/6200 train_loss:3.3145 train_time:8456182ms step_avg:1696.67ms
step:4995/6200 train_loss:3.6644 train_time:8457880ms step_avg:1696.67ms
step:4996/6200 train_loss:3.2975 train_time:8459582ms step_avg:1696.67ms
step:4997/6200 train_loss:3.4708 train_time:8461284ms step_avg:1696.67ms
step:4998/6200 train_loss:3.2063 train_time:8462987ms step_avg:1696.67ms
step:4999/6200 train_loss:3.2483 train_time:8464687ms step_avg:1696.67ms
step:5000/6200 train_loss:3.1230 train_time:8466387ms step_avg:1696.67ms
step:5000/6200 val_loss:3.3872 train_time:8466401ms step_avg:1696.67ms
step:5001/6200 train_loss:3.4068 train_time:8468090ms step_avg:1696.67ms
step:5002/6200 train_loss:3.3961 train_time:8469788ms step_avg:1696.67ms
step:5003/6200 train_loss:3.5345 train_time:8471486ms step_avg:1696.67ms
step:5004/6200 train_loss:3.4086 train_time:8473187ms step_avg:1696.67ms
step:5005/6200 train_loss:3.1987 train_time:8474883ms step_avg:1696.67ms
step:5006/6200 train_loss:3.0945 train_time:8476579ms step_avg:1696.67ms
step:5007/6200 train_loss:3.5095 train_time:8478275ms step_avg:1696.67ms
step:5008/6200 train_loss:3.4312 train_time:8479972ms step_avg:1696.67ms
step:5009/6200 train_loss:3.3239 train_time:8481668ms step_avg:1696.67ms
step:5010/6200 train_loss:3.1366 train_time:8483365ms step_avg:1696.67ms
step:5011/6200 train_loss:3.4484 train_time:8485062ms step_avg:1696.67ms
step:5012/6200 train_loss:3.3432 train_time:8486758ms step_avg:1696.67ms
step:5013/6200 train_loss:3.3415 train_time:8488455ms step_avg:1696.67ms
step:5014/6200 train_loss:3.3541 train_time:8490150ms step_avg:1696.67ms
step:5015/6200 train_loss:3.2319 train_time:8491849ms step_avg:1696.67ms
step:5016/6200 train_loss:3.3074 train_time:8493547ms step_avg:1696.67ms
step:5017/6200 train_loss:3.4064 train_time:8495248ms step_avg:1696.67ms
step:5018/6200 train_loss:3.1479 train_time:8496951ms step_avg:1696.68ms
step:5019/6200 train_loss:3.2691 train_time:8498650ms step_avg:1696.68ms
step:5020/6200 train_loss:3.6039 train_time:8500347ms step_avg:1696.68ms
step:5021/6200 train_loss:3.2792 train_time:8502047ms step_avg:1696.68ms
step:5022/6200 train_loss:3.4645 train_time:8503744ms step_avg:1696.68ms
step:5023/6200 train_loss:3.5768 train_time:8505441ms step_avg:1696.68ms
step:5024/6200 train_loss:3.3737 train_time:8507138ms step_avg:1696.68ms
step:5025/6200 train_loss:3.4046 train_time:8508836ms step_avg:1696.68ms
step:5026/6200 train_loss:3.2445 train_time:8510533ms step_avg:1696.68ms
step:5027/6200 train_loss:3.3349 train_time:8512232ms step_avg:1696.68ms
step:5028/6200 train_loss:3.7255 train_time:8513931ms step_avg:1696.68ms
step:5029/6200 train_loss:3.1919 train_time:8515626ms step_avg:1696.68ms
step:5030/6200 train_loss:3.3497 train_time:8517323ms step_avg:1696.68ms
step:5031/6200 train_loss:3.3984 train_time:8519021ms step_avg:1696.68ms
step:5032/6200 train_loss:3.2897 train_time:8520718ms step_avg:1696.68ms
step:5033/6200 train_loss:3.4153 train_time:8522417ms step_avg:1696.68ms
step:5034/6200 train_loss:3.4590 train_time:8524115ms step_avg:1696.68ms
step:5035/6200 train_loss:3.0721 train_time:8525814ms step_avg:1696.68ms
step:5036/6200 train_loss:3.3311 train_time:8527508ms step_avg:1696.68ms
step:5037/6200 train_loss:3.3919 train_time:8529206ms step_avg:1696.68ms
step:5038/6200 train_loss:3.2395 train_time:8530906ms step_avg:1696.68ms
step:5039/6200 train_loss:3.2710 train_time:8532603ms step_avg:1696.68ms
step:5040/6200 train_loss:3.4812 train_time:8534301ms step_avg:1696.68ms
step:5041/6200 train_loss:3.3177 train_time:8535998ms step_avg:1696.68ms
step:5042/6200 train_loss:3.2100 train_time:8537695ms step_avg:1696.68ms
step:5043/6200 train_loss:3.2152 train_time:8539390ms step_avg:1696.68ms
step:5044/6200 train_loss:3.5908 train_time:8541085ms step_avg:1696.68ms
step:5045/6200 train_loss:3.3468 train_time:8542782ms step_avg:1696.68ms
step:5046/6200 train_loss:3.1610 train_time:8544481ms step_avg:1696.68ms
step:5047/6200 train_loss:3.4119 train_time:8546178ms step_avg:1696.68ms
step:5048/6200 train_loss:3.2222 train_time:8547873ms step_avg:1696.68ms
step:5049/6200 train_loss:3.4117 train_time:8549569ms step_avg:1696.68ms
step:5050/6200 train_loss:3.4590 train_time:8551264ms step_avg:1696.68ms
step:5051/6200 train_loss:3.3547 train_time:8552959ms step_avg:1696.68ms
step:5052/6200 train_loss:3.5291 train_time:8554652ms step_avg:1696.68ms
step:5053/6200 train_loss:3.3663 train_time:8556344ms step_avg:1696.68ms
step:5054/6200 train_loss:3.5474 train_time:8558038ms step_avg:1696.68ms
step:5055/6200 train_loss:3.2548 train_time:8559732ms step_avg:1696.68ms
step:5056/6200 train_loss:3.2707 train_time:8561427ms step_avg:1696.68ms
step:5057/6200 train_loss:3.4305 train_time:8563119ms step_avg:1696.68ms
step:5058/6200 train_loss:3.3595 train_time:8564817ms step_avg:1696.68ms
step:5059/6200 train_loss:3.4629 train_time:8566514ms step_avg:1696.68ms
step:5060/6200 train_loss:3.3053 train_time:8568214ms step_avg:1696.68ms
step:5061/6200 train_loss:3.1120 train_time:8569911ms step_avg:1696.68ms
step:5062/6200 train_loss:3.2622 train_time:8571607ms step_avg:1696.68ms
step:5063/6200 train_loss:3.3889 train_time:8573302ms step_avg:1696.68ms
step:5064/6200 train_loss:3.4140 train_time:8574997ms step_avg:1696.68ms
step:5065/6200 train_loss:3.6776 train_time:8576691ms step_avg:1696.67ms
step:5066/6200 train_loss:3.2093 train_time:8578387ms step_avg:1696.67ms
step:5067/6200 train_loss:3.2247 train_time:8580082ms step_avg:1696.67ms
step:5068/6200 train_loss:3.3549 train_time:8581778ms step_avg:1696.67ms
step:5069/6200 train_loss:3.1612 train_time:8583472ms step_avg:1696.67ms
step:5070/6200 train_loss:3.4151 train_time:8585167ms step_avg:1696.67ms
step:5071/6200 train_loss:3.5734 train_time:8586863ms step_avg:1696.67ms
step:5072/6200 train_loss:3.3672 train_time:8588561ms step_avg:1696.67ms
step:5073/6200 train_loss:3.3088 train_time:8590259ms step_avg:1696.67ms
step:5074/6200 train_loss:3.3457 train_time:8591953ms step_avg:1696.67ms
step:5075/6200 train_loss:3.1467 train_time:8593652ms step_avg:1696.67ms
step:5076/6200 train_loss:3.2540 train_time:8595350ms step_avg:1696.67ms
step:5077/6200 train_loss:3.2847 train_time:8597048ms step_avg:1696.67ms
step:5078/6200 train_loss:3.4448 train_time:8598744ms step_avg:1696.67ms
step:5079/6200 train_loss:3.1686 train_time:8600440ms step_avg:1696.67ms
step:5080/6200 train_loss:3.5478 train_time:8602137ms step_avg:1696.67ms
step:5081/6200 train_loss:3.2407 train_time:8603835ms step_avg:1696.67ms
step:5082/6200 train_loss:3.5548 train_time:8605531ms step_avg:1696.67ms
step:5083/6200 train_loss:3.6217 train_time:8607229ms step_avg:1696.67ms
step:5084/6200 train_loss:3.1604 train_time:8608926ms step_avg:1696.67ms
step:5085/6200 train_loss:3.4639 train_time:8610623ms step_avg:1696.67ms
step:5086/6200 train_loss:3.2409 train_time:8612323ms step_avg:1696.68ms
step:5087/6200 train_loss:3.3098 train_time:8614022ms step_avg:1696.68ms
step:5088/6200 train_loss:3.0357 train_time:8615721ms step_avg:1696.68ms
step:5089/6200 train_loss:3.1959 train_time:8617421ms step_avg:1696.68ms
step:5090/6200 train_loss:3.8451 train_time:8619118ms step_avg:1696.68ms
step:5091/6200 train_loss:3.4010 train_time:8620816ms step_avg:1696.68ms
step:5092/6200 train_loss:3.2295 train_time:8622512ms step_avg:1696.68ms
step:5093/6200 train_loss:3.3161 train_time:8624209ms step_avg:1696.68ms
step:5094/6200 train_loss:3.2524 train_time:8625906ms step_avg:1696.68ms
step:5095/6200 train_loss:3.6508 train_time:8627601ms step_avg:1696.68ms
step:5096/6200 train_loss:3.3224 train_time:8629297ms step_avg:1696.68ms
step:5097/6200 train_loss:3.2005 train_time:8630989ms step_avg:1696.68ms
step:5098/6200 train_loss:3.5213 train_time:8632683ms step_avg:1696.68ms
step:5099/6200 train_loss:3.1786 train_time:8634377ms step_avg:1696.67ms
step:5100/6200 train_loss:3.2892 train_time:8636072ms step_avg:1696.67ms
step:5101/6200 train_loss:3.4511 train_time:8637767ms step_avg:1696.67ms
step:5102/6200 train_loss:3.4243 train_time:8639463ms step_avg:1696.67ms
step:5103/6200 train_loss:3.3083 train_time:8641159ms step_avg:1696.67ms
step:5104/6200 train_loss:3.3941 train_time:8642853ms step_avg:1696.67ms
step:5105/6200 train_loss:3.2758 train_time:8644549ms step_avg:1696.67ms
step:5106/6200 train_loss:3.2911 train_time:8646243ms step_avg:1696.67ms
step:5107/6200 train_loss:3.3853 train_time:8647938ms step_avg:1696.67ms
step:5108/6200 train_loss:3.3933 train_time:8649632ms step_avg:1696.67ms
step:5109/6200 train_loss:3.3862 train_time:8651328ms step_avg:1696.67ms
step:5110/6200 train_loss:3.3395 train_time:8653024ms step_avg:1696.67ms
step:5111/6200 train_loss:3.3028 train_time:8654722ms step_avg:1696.67ms
step:5112/6200 train_loss:3.4358 train_time:8656421ms step_avg:1696.67ms
step:5113/6200 train_loss:3.2568 train_time:8658119ms step_avg:1696.67ms
step:5114/6200 train_loss:3.3855 train_time:8659817ms step_avg:1696.67ms
step:5115/6200 train_loss:3.4247 train_time:8661515ms step_avg:1696.67ms
step:5116/6200 train_loss:3.3213 train_time:8663214ms step_avg:1696.67ms
step:5117/6200 train_loss:3.3897 train_time:8664913ms step_avg:1696.67ms
step:5118/6200 train_loss:3.3442 train_time:8666611ms step_avg:1696.67ms
step:5119/6200 train_loss:3.2843 train_time:8668310ms step_avg:1696.67ms
step:5120/6200 train_loss:3.3911 train_time:8670007ms step_avg:1696.67ms
step:5121/6200 train_loss:3.4596 train_time:8671704ms step_avg:1696.67ms
step:5122/6200 train_loss:3.3323 train_time:8673400ms step_avg:1696.67ms
step:5123/6200 train_loss:3.6517 train_time:8675097ms step_avg:1696.67ms
step:5124/6200 train_loss:2.9851 train_time:8676794ms step_avg:1696.67ms
step:5125/6200 train_loss:3.3852 train_time:8678490ms step_avg:1696.67ms
step:5125/6200 val_loss:3.3773 train_time:8678505ms step_avg:1696.68ms
step:5126/6200 train_loss:3.4296 train_time:8680206ms step_avg:1696.68ms
step:5127/6200 train_loss:3.2875 train_time:8681900ms step_avg:1696.68ms
step:5128/6200 train_loss:3.3615 train_time:8683593ms step_avg:1696.68ms
step:5129/6200 train_loss:3.2366 train_time:8685288ms step_avg:1696.68ms
step:5130/6200 train_loss:3.3144 train_time:8686985ms step_avg:1696.68ms
step:5131/6200 train_loss:3.6167 train_time:8688682ms step_avg:1696.68ms
step:5132/6200 train_loss:3.3115 train_time:8690376ms step_avg:1696.68ms
step:5133/6200 train_loss:3.3198 train_time:8692070ms step_avg:1696.68ms
step:5134/6200 train_loss:3.2618 train_time:8693762ms step_avg:1696.67ms
step:5135/6200 train_loss:3.3132 train_time:8695453ms step_avg:1696.67ms
step:5136/6200 train_loss:3.2719 train_time:8697147ms step_avg:1696.67ms
step:5137/6200 train_loss:3.2246 train_time:8698842ms step_avg:1696.67ms
step:5138/6200 train_loss:3.1071 train_time:8700538ms step_avg:1696.67ms
step:5139/6200 train_loss:3.4905 train_time:8702237ms step_avg:1696.67ms
step:5140/6200 train_loss:3.1909 train_time:8703930ms step_avg:1696.67ms
step:5141/6200 train_loss:3.4061 train_time:8705625ms step_avg:1696.67ms
step:5142/6200 train_loss:3.5782 train_time:8707321ms step_avg:1696.67ms
step:5143/6200 train_loss:3.3285 train_time:8709017ms step_avg:1696.67ms
step:5144/6200 train_loss:4.0457 train_time:8710713ms step_avg:1696.67ms
step:5145/6200 train_loss:3.3455 train_time:8712410ms step_avg:1696.67ms
step:5146/6200 train_loss:3.2743 train_time:8714106ms step_avg:1696.67ms
step:5147/6200 train_loss:3.2924 train_time:8715802ms step_avg:1696.67ms
step:5148/6200 train_loss:3.0832 train_time:8717499ms step_avg:1696.67ms
step:5149/6200 train_loss:3.2872 train_time:8719196ms step_avg:1696.67ms
step:5150/6200 train_loss:3.3195 train_time:8720893ms step_avg:1696.67ms
step:5151/6200 train_loss:3.2281 train_time:8722590ms step_avg:1696.67ms
step:5152/6200 train_loss:3.3261 train_time:8724287ms step_avg:1696.67ms
step:5153/6200 train_loss:3.3637 train_time:8725985ms step_avg:1696.67ms
step:5154/6200 train_loss:3.4214 train_time:8727680ms step_avg:1696.67ms
step:5155/6200 train_loss:3.7356 train_time:8729378ms step_avg:1696.67ms
step:5156/6200 train_loss:3.2867 train_time:8731075ms step_avg:1696.67ms
step:5157/6200 train_loss:3.3852 train_time:8732771ms step_avg:1696.67ms
step:5158/6200 train_loss:3.2728 train_time:8734468ms step_avg:1696.67ms
step:5159/6200 train_loss:3.3728 train_time:8736164ms step_avg:1696.67ms
step:5160/6200 train_loss:3.3089 train_time:8737862ms step_avg:1696.67ms
step:5161/6200 train_loss:3.0473 train_time:8739560ms step_avg:1696.67ms
step:5162/6200 train_loss:3.3034 train_time:8741257ms step_avg:1696.67ms
step:5163/6200 train_loss:3.4914 train_time:8742954ms step_avg:1696.67ms
step:5164/6200 train_loss:3.2920 train_time:8744653ms step_avg:1696.67ms
step:5165/6200 train_loss:3.2371 train_time:8746347ms step_avg:1696.67ms
step:5166/6200 train_loss:3.2313 train_time:8748040ms step_avg:1696.67ms
step:5167/6200 train_loss:3.3688 train_time:8749737ms step_avg:1696.67ms
step:5168/6200 train_loss:3.1968 train_time:8751436ms step_avg:1696.67ms
step:5169/6200 train_loss:3.3627 train_time:8753133ms step_avg:1696.67ms
step:5170/6200 train_loss:3.1017 train_time:8754830ms step_avg:1696.67ms
step:5171/6200 train_loss:3.4830 train_time:8756528ms step_avg:1696.67ms
step:5172/6200 train_loss:3.4284 train_time:8758224ms step_avg:1696.67ms
step:5173/6200 train_loss:3.2387 train_time:8759919ms step_avg:1696.67ms
step:5174/6200 train_loss:3.2666 train_time:8761608ms step_avg:1696.67ms
step:5175/6200 train_loss:3.2432 train_time:8763302ms step_avg:1696.67ms
step:5176/6200 train_loss:3.3443 train_time:8764998ms step_avg:1696.67ms
step:5177/6200 train_loss:3.3026 train_time:8766692ms step_avg:1696.67ms
step:5178/6200 train_loss:3.3840 train_time:8768386ms step_avg:1696.67ms
step:5179/6200 train_loss:3.7933 train_time:8770081ms step_avg:1696.67ms
step:5180/6200 train_loss:3.1516 train_time:8771776ms step_avg:1696.67ms
step:5181/6200 train_loss:3.2535 train_time:8773473ms step_avg:1696.67ms
step:5182/6200 train_loss:3.2483 train_time:8775168ms step_avg:1696.67ms
step:5183/6200 train_loss:3.4626 train_time:8776863ms step_avg:1696.67ms
step:5184/6200 train_loss:3.2507 train_time:8778559ms step_avg:1696.67ms
step:5185/6200 train_loss:3.4095 train_time:8780254ms step_avg:1696.67ms
step:5186/6200 train_loss:3.1906 train_time:8781944ms step_avg:1696.67ms
step:5187/6200 train_loss:3.4518 train_time:8783637ms step_avg:1696.67ms
step:5188/6200 train_loss:3.3127 train_time:8785328ms step_avg:1696.66ms
step:5189/6200 train_loss:3.3878 train_time:8787023ms step_avg:1696.66ms
step:5190/6200 train_loss:3.2897 train_time:8788718ms step_avg:1696.66ms
step:5191/6200 train_loss:3.4821 train_time:8790413ms step_avg:1696.66ms
step:5192/6200 train_loss:3.2245 train_time:8792111ms step_avg:1696.66ms
step:5193/6200 train_loss:3.2294 train_time:8793808ms step_avg:1696.66ms
step:5194/6200 train_loss:3.3986 train_time:8795505ms step_avg:1696.66ms
step:5195/6200 train_loss:3.3883 train_time:8797201ms step_avg:1696.66ms
step:5196/6200 train_loss:3.2411 train_time:8798895ms step_avg:1696.66ms
step:5197/6200 train_loss:3.2782 train_time:8800588ms step_avg:1696.66ms
step:5198/6200 train_loss:3.2873 train_time:8802282ms step_avg:1696.66ms
step:5199/6200 train_loss:3.3546 train_time:8803976ms step_avg:1696.66ms
step:5200/6200 train_loss:3.2241 train_time:8805674ms step_avg:1696.66ms
step:5201/6200 train_loss:3.2930 train_time:8807369ms step_avg:1696.66ms
step:5202/6200 train_loss:3.2392 train_time:8809065ms step_avg:1696.66ms
step:5203/6200 train_loss:3.3457 train_time:8810759ms step_avg:1696.66ms
step:5204/6200 train_loss:3.5344 train_time:8812456ms step_avg:1696.66ms
step:5205/6200 train_loss:3.3088 train_time:8814154ms step_avg:1696.66ms
step:5206/6200 train_loss:3.2678 train_time:8815850ms step_avg:1696.66ms
step:5207/6200 train_loss:3.1860 train_time:8817546ms step_avg:1696.66ms
step:5208/6200 train_loss:3.3102 train_time:8819243ms step_avg:1696.66ms
step:5209/6200 train_loss:3.4772 train_time:8820938ms step_avg:1696.66ms
step:5210/6200 train_loss:3.5626 train_time:8822635ms step_avg:1696.66ms
step:5211/6200 train_loss:3.4207 train_time:8824331ms step_avg:1696.66ms
step:5212/6200 train_loss:3.2411 train_time:8826027ms step_avg:1696.66ms
step:5213/6200 train_loss:3.0836 train_time:8827725ms step_avg:1696.66ms
step:5214/6200 train_loss:3.3113 train_time:8829422ms step_avg:1696.66ms
step:5215/6200 train_loss:3.3944 train_time:8831119ms step_avg:1696.66ms
step:5216/6200 train_loss:3.3112 train_time:8832816ms step_avg:1696.66ms
step:5217/6200 train_loss:3.4492 train_time:8834515ms step_avg:1696.66ms
step:5218/6200 train_loss:3.6661 train_time:8836212ms step_avg:1696.66ms
step:5219/6200 train_loss:3.3236 train_time:8837909ms step_avg:1696.66ms
step:5220/6200 train_loss:3.5764 train_time:8839606ms step_avg:1696.66ms
step:5221/6200 train_loss:3.3674 train_time:8841300ms step_avg:1696.66ms
step:5222/6200 train_loss:3.3109 train_time:8842996ms step_avg:1696.66ms
step:5223/6200 train_loss:3.4115 train_time:8844694ms step_avg:1696.66ms
step:5224/6200 train_loss:3.3645 train_time:8846388ms step_avg:1696.66ms
step:5225/6200 train_loss:3.4402 train_time:8848086ms step_avg:1696.66ms
step:5226/6200 train_loss:3.2951 train_time:8849781ms step_avg:1696.66ms
step:5227/6200 train_loss:3.4264 train_time:8851482ms step_avg:1696.66ms
step:5228/6200 train_loss:3.3617 train_time:8853178ms step_avg:1696.66ms
step:5229/6200 train_loss:3.3908 train_time:8854876ms step_avg:1696.66ms
step:5230/6200 train_loss:3.1489 train_time:8856569ms step_avg:1696.66ms
step:5231/6200 train_loss:3.5657 train_time:8858267ms step_avg:1696.66ms
step:5232/6200 train_loss:3.3281 train_time:8859963ms step_avg:1696.66ms
step:5233/6200 train_loss:3.3367 train_time:8861660ms step_avg:1696.66ms
step:5234/6200 train_loss:3.2158 train_time:8863358ms step_avg:1696.66ms
step:5235/6200 train_loss:3.3054 train_time:8865053ms step_avg:1696.66ms
step:5236/6200 train_loss:3.4010 train_time:8866751ms step_avg:1696.66ms
step:5237/6200 train_loss:3.2218 train_time:8868446ms step_avg:1696.66ms
step:5238/6200 train_loss:3.1737 train_time:8870142ms step_avg:1696.66ms
step:5239/6200 train_loss:3.3684 train_time:8871839ms step_avg:1696.66ms
step:5240/6200 train_loss:3.2361 train_time:8873536ms step_avg:1696.66ms
step:5241/6200 train_loss:3.1095 train_time:8875229ms step_avg:1696.66ms
step:5242/6200 train_loss:3.1940 train_time:8876926ms step_avg:1696.66ms
step:5243/6200 train_loss:3.3256 train_time:8878621ms step_avg:1696.66ms
step:5244/6200 train_loss:3.2683 train_time:8880314ms step_avg:1696.66ms
step:5245/6200 train_loss:3.1928 train_time:8882011ms step_avg:1696.66ms
step:5246/6200 train_loss:3.4683 train_time:8883706ms step_avg:1696.66ms
step:5247/6200 train_loss:3.4010 train_time:8885401ms step_avg:1696.66ms
step:5248/6200 train_loss:3.6146 train_time:8887096ms step_avg:1696.66ms
step:5249/6200 train_loss:3.2713 train_time:8888793ms step_avg:1696.66ms
step:5250/6200 train_loss:3.2763 train_time:8890489ms step_avg:1696.66ms
step:5250/6200 val_loss:3.3672 train_time:8890503ms step_avg:1696.66ms
step:5251/6200 train_loss:3.2379 train_time:8892199ms step_avg:1696.66ms
step:5252/6200 train_loss:3.6281 train_time:8893898ms step_avg:1696.66ms
step:5253/6200 train_loss:3.2708 train_time:8895595ms step_avg:1696.66ms
step:5254/6200 train_loss:3.2737 train_time:8897294ms step_avg:1696.66ms
step:5255/6200 train_loss:3.5022 train_time:8898991ms step_avg:1696.66ms
step:5256/6200 train_loss:3.5108 train_time:8900690ms step_avg:1696.66ms
step:5257/6200 train_loss:3.3061 train_time:8902390ms step_avg:1696.66ms
step:5258/6200 train_loss:3.2305 train_time:8904087ms step_avg:1696.66ms
step:5259/6200 train_loss:3.1074 train_time:8905784ms step_avg:1696.66ms
step:5260/6200 train_loss:3.3246 train_time:8907482ms step_avg:1696.66ms
step:5261/6200 train_loss:3.2416 train_time:8909179ms step_avg:1696.66ms
step:5262/6200 train_loss:3.2430 train_time:8910875ms step_avg:1696.66ms
step:5263/6200 train_loss:3.3157 train_time:8912573ms step_avg:1696.66ms
step:5264/6200 train_loss:3.1497 train_time:8914273ms step_avg:1696.66ms
step:5265/6200 train_loss:3.4350 train_time:8915968ms step_avg:1696.66ms
step:5266/6200 train_loss:3.3589 train_time:8917666ms step_avg:1696.66ms
step:5267/6200 train_loss:3.1249 train_time:8919364ms step_avg:1696.66ms
step:5268/6200 train_loss:3.3414 train_time:8921061ms step_avg:1696.66ms
step:5269/6200 train_loss:3.1880 train_time:8922760ms step_avg:1696.66ms
step:5270/6200 train_loss:2.9585 train_time:8924458ms step_avg:1696.66ms
step:5271/6200 train_loss:3.3429 train_time:8926155ms step_avg:1696.67ms
step:5272/6200 train_loss:3.3359 train_time:8927853ms step_avg:1696.67ms
step:5273/6200 train_loss:3.2987 train_time:8929552ms step_avg:1696.67ms
step:5274/6200 train_loss:3.2990 train_time:8931251ms step_avg:1696.67ms
step:5275/6200 train_loss:3.6987 train_time:8932948ms step_avg:1696.67ms
step:5276/6200 train_loss:3.2926 train_time:8934647ms step_avg:1696.67ms
step:5277/6200 train_loss:3.3974 train_time:8936348ms step_avg:1696.67ms
step:5278/6200 train_loss:3.3790 train_time:8938047ms step_avg:1696.67ms
step:5279/6200 train_loss:3.4912 train_time:8939744ms step_avg:1696.67ms
step:5280/6200 train_loss:3.4078 train_time:8941442ms step_avg:1696.67ms
step:5281/6200 train_loss:3.1260 train_time:8943140ms step_avg:1696.67ms
step:5282/6200 train_loss:3.3264 train_time:8944838ms step_avg:1696.67ms
step:5283/6200 train_loss:3.3564 train_time:8946534ms step_avg:1696.67ms
step:5284/6200 train_loss:3.2709 train_time:8948232ms step_avg:1696.67ms
step:5285/6200 train_loss:3.4102 train_time:8949929ms step_avg:1696.67ms
step:5286/6200 train_loss:3.1064 train_time:8951626ms step_avg:1696.67ms
step:5287/6200 train_loss:3.3245 train_time:8953326ms step_avg:1696.67ms
step:5288/6200 train_loss:3.2477 train_time:8955024ms step_avg:1696.67ms
step:5289/6200 train_loss:3.2043 train_time:8956719ms step_avg:1696.67ms
step:5290/6200 train_loss:3.3912 train_time:8958416ms step_avg:1696.67ms
step:5291/6200 train_loss:3.0372 train_time:8960114ms step_avg:1696.67ms
step:5292/6200 train_loss:3.2713 train_time:8961809ms step_avg:1696.67ms
step:5293/6200 train_loss:3.3169 train_time:8963505ms step_avg:1696.67ms
step:5294/6200 train_loss:3.2093 train_time:8965204ms step_avg:1696.67ms
step:5295/6200 train_loss:3.2190 train_time:8966901ms step_avg:1696.67ms
step:5296/6200 train_loss:3.2808 train_time:8968598ms step_avg:1696.67ms
step:5297/6200 train_loss:3.1337 train_time:8970294ms step_avg:1696.67ms
step:5298/6200 train_loss:3.2723 train_time:8971991ms step_avg:1696.67ms
step:5299/6200 train_loss:3.3787 train_time:8973688ms step_avg:1696.67ms
step:5300/6200 train_loss:3.3802 train_time:8975386ms step_avg:1696.67ms
step:5301/6200 train_loss:3.4547 train_time:8977082ms step_avg:1696.67ms
step:5302/6200 train_loss:3.3138 train_time:8978780ms step_avg:1696.67ms
step:5303/6200 train_loss:3.2124 train_time:8980476ms step_avg:1696.67ms
step:5304/6200 train_loss:3.4010 train_time:8982175ms step_avg:1696.67ms
step:5305/6200 train_loss:3.2341 train_time:8983874ms step_avg:1696.67ms
step:5306/6200 train_loss:3.5243 train_time:8985572ms step_avg:1696.67ms
step:5307/6200 train_loss:3.6547 train_time:8987269ms step_avg:1696.67ms
step:5308/6200 train_loss:3.3156 train_time:8988964ms step_avg:1696.67ms
step:5309/6200 train_loss:3.6193 train_time:8990662ms step_avg:1696.67ms
step:5310/6200 train_loss:3.1127 train_time:8992358ms step_avg:1696.67ms
step:5311/6200 train_loss:3.3236 train_time:8994054ms step_avg:1696.67ms
step:5312/6200 train_loss:3.3795 train_time:8995750ms step_avg:1696.67ms
step:5313/6200 train_loss:3.8092 train_time:8997449ms step_avg:1696.67ms
step:5314/6200 train_loss:3.3546 train_time:8999148ms step_avg:1696.67ms
step:5315/6200 train_loss:3.1783 train_time:9000844ms step_avg:1696.67ms
step:5316/6200 train_loss:3.4221 train_time:9002543ms step_avg:1696.67ms
step:5317/6200 train_loss:3.3384 train_time:9004241ms step_avg:1696.67ms
step:5318/6200 train_loss:3.1994 train_time:9005939ms step_avg:1696.67ms
step:5319/6200 train_loss:3.1605 train_time:9007636ms step_avg:1696.67ms
step:5320/6200 train_loss:3.3110 train_time:9009333ms step_avg:1696.67ms
step:5321/6200 train_loss:3.2878 train_time:9011030ms step_avg:1696.67ms
step:5322/6200 train_loss:3.2920 train_time:9012725ms step_avg:1696.67ms
step:5323/6200 train_loss:3.2773 train_time:9014421ms step_avg:1696.67ms
step:5324/6200 train_loss:3.2603 train_time:9016117ms step_avg:1696.67ms
step:5325/6200 train_loss:3.1317 train_time:9017811ms step_avg:1696.67ms
step:5326/6200 train_loss:3.1137 train_time:9019504ms step_avg:1696.67ms
step:5327/6200 train_loss:3.4582 train_time:9021198ms step_avg:1696.67ms
step:5328/6200 train_loss:3.1746 train_time:9022893ms step_avg:1696.67ms
step:5329/6200 train_loss:3.2477 train_time:9024589ms step_avg:1696.67ms
step:5330/6200 train_loss:3.1968 train_time:9026284ms step_avg:1696.67ms
step:5331/6200 train_loss:3.7303 train_time:9027980ms step_avg:1696.67ms
step:5332/6200 train_loss:3.3590 train_time:9029676ms step_avg:1696.67ms
step:5333/6200 train_loss:3.2387 train_time:9031373ms step_avg:1696.67ms
step:5334/6200 train_loss:3.3243 train_time:9033069ms step_avg:1696.67ms
step:5335/6200 train_loss:3.2707 train_time:9034767ms step_avg:1696.67ms
step:5336/6200 train_loss:3.1987 train_time:9036466ms step_avg:1696.67ms
step:5337/6200 train_loss:3.2064 train_time:9038164ms step_avg:1696.67ms
step:5338/6200 train_loss:3.2194 train_time:9039888ms step_avg:1696.68ms
step:5339/6200 train_loss:3.4499 train_time:9041585ms step_avg:1696.68ms
step:5340/6200 train_loss:3.4318 train_time:9043286ms step_avg:1696.68ms
step:5341/6200 train_loss:3.2790 train_time:9044986ms step_avg:1696.68ms
step:5342/6200 train_loss:3.1311 train_time:9046684ms step_avg:1696.68ms
step:5343/6200 train_loss:3.3111 train_time:9048381ms step_avg:1696.68ms
step:5344/6200 train_loss:3.2951 train_time:9050078ms step_avg:1696.68ms
step:5345/6200 train_loss:3.2859 train_time:9051775ms step_avg:1696.68ms
step:5346/6200 train_loss:3.4176 train_time:9053476ms step_avg:1696.68ms
step:5347/6200 train_loss:3.1765 train_time:9055177ms step_avg:1696.68ms
step:5348/6200 train_loss:3.3284 train_time:9056877ms step_avg:1696.68ms
step:5349/6200 train_loss:3.0788 train_time:9058575ms step_avg:1696.68ms
step:5350/6200 train_loss:3.3517 train_time:9060273ms step_avg:1696.68ms
step:5351/6200 train_loss:3.7572 train_time:9061971ms step_avg:1696.68ms
step:5352/6200 train_loss:3.2436 train_time:9063671ms step_avg:1696.68ms
step:5353/6200 train_loss:3.3524 train_time:9065368ms step_avg:1696.68ms
step:5354/6200 train_loss:3.2506 train_time:9067065ms step_avg:1696.68ms
step:5355/6200 train_loss:3.4593 train_time:9068760ms step_avg:1696.68ms
step:5356/6200 train_loss:3.2799 train_time:9070458ms step_avg:1696.68ms
step:5357/6200 train_loss:3.1354 train_time:9072154ms step_avg:1696.68ms
step:5358/6200 train_loss:3.2737 train_time:9073849ms step_avg:1696.68ms
step:5359/6200 train_loss:3.3252 train_time:9075547ms step_avg:1696.68ms
step:5360/6200 train_loss:3.2080 train_time:9077242ms step_avg:1696.68ms
step:5361/6200 train_loss:3.3204 train_time:9078940ms step_avg:1696.68ms
step:5362/6200 train_loss:3.2843 train_time:9080636ms step_avg:1696.68ms
step:5363/6200 train_loss:3.3287 train_time:9082329ms step_avg:1696.68ms
step:5364/6200 train_loss:3.4027 train_time:9084021ms step_avg:1696.68ms
step:5365/6200 train_loss:3.2699 train_time:9085713ms step_avg:1696.68ms
step:5366/6200 train_loss:3.3891 train_time:9087405ms step_avg:1696.68ms
step:5367/6200 train_loss:3.2754 train_time:9089101ms step_avg:1696.68ms
step:5368/6200 train_loss:3.6197 train_time:9090796ms step_avg:1696.68ms
step:5369/6200 train_loss:3.4309 train_time:9092490ms step_avg:1696.68ms
step:5370/6200 train_loss:3.2833 train_time:9094185ms step_avg:1696.68ms
step:5371/6200 train_loss:3.2540 train_time:9095880ms step_avg:1696.68ms
step:5372/6200 train_loss:3.3738 train_time:9097577ms step_avg:1696.68ms
step:5373/6200 train_loss:3.7927 train_time:9099271ms step_avg:1696.68ms
step:5374/6200 train_loss:3.3709 train_time:9100966ms step_avg:1696.68ms
step:5375/6200 train_loss:3.6113 train_time:9102663ms step_avg:1696.68ms
step:5375/6200 val_loss:3.3589 train_time:9102677ms step_avg:1696.68ms
step:5376/6200 train_loss:3.4995 train_time:9104367ms step_avg:1696.68ms
step:5377/6200 train_loss:3.4025 train_time:9106061ms step_avg:1696.68ms
step:5378/6200 train_loss:3.6081 train_time:9107748ms step_avg:1696.67ms
step:5379/6200 train_loss:3.2384 train_time:9109440ms step_avg:1696.67ms
step:5380/6200 train_loss:3.2956 train_time:9111134ms step_avg:1696.67ms
step:5381/6200 train_loss:3.2625 train_time:9112824ms step_avg:1696.67ms
step:5382/6200 train_loss:3.0896 train_time:9114517ms step_avg:1696.67ms
step:5383/6200 train_loss:3.2702 train_time:9116208ms step_avg:1696.67ms
step:5384/6200 train_loss:3.1043 train_time:9117898ms step_avg:1696.67ms
step:5385/6200 train_loss:3.3291 train_time:9119587ms step_avg:1696.67ms
step:5386/6200 train_loss:3.9584 train_time:9121278ms step_avg:1696.67ms
step:5387/6200 train_loss:3.2422 train_time:9122970ms step_avg:1696.67ms
step:5388/6200 train_loss:3.3339 train_time:9124659ms step_avg:1696.66ms
step:5389/6200 train_loss:3.2799 train_time:9126348ms step_avg:1696.66ms
step:5390/6200 train_loss:3.2719 train_time:9128042ms step_avg:1696.66ms
step:5391/6200 train_loss:3.4215 train_time:9129735ms step_avg:1696.66ms
step:5392/6200 train_loss:3.3287 train_time:9131426ms step_avg:1696.66ms
step:5393/6200 train_loss:3.2242 train_time:9133116ms step_avg:1696.66ms
step:5394/6200 train_loss:3.2549 train_time:9134808ms step_avg:1696.66ms
step:5395/6200 train_loss:3.3212 train_time:9136499ms step_avg:1696.66ms
step:5396/6200 train_loss:3.2611 train_time:9138193ms step_avg:1696.66ms
step:5397/6200 train_loss:3.4929 train_time:9139882ms step_avg:1696.66ms
step:5398/6200 train_loss:3.3535 train_time:9141572ms step_avg:1696.65ms
step:5399/6200 train_loss:3.2664 train_time:9143264ms step_avg:1696.65ms
step:5400/6200 train_loss:3.2638 train_time:9144957ms step_avg:1696.65ms
step:5401/6200 train_loss:3.3099 train_time:9146649ms step_avg:1696.65ms
step:5402/6200 train_loss:3.2926 train_time:9148340ms step_avg:1696.65ms
step:5403/6200 train_loss:3.2748 train_time:9150034ms step_avg:1696.65ms
step:5404/6200 train_loss:3.2327 train_time:9151726ms step_avg:1696.65ms
step:5405/6200 train_loss:3.3023 train_time:9153418ms step_avg:1696.65ms
step:5406/6200 train_loss:3.2262 train_time:9155109ms step_avg:1696.65ms
step:5407/6200 train_loss:3.3445 train_time:9156804ms step_avg:1696.65ms
step:5408/6200 train_loss:3.6237 train_time:9158498ms step_avg:1696.65ms
step:5409/6200 train_loss:3.4133 train_time:9160191ms step_avg:1696.65ms
step:5410/6200 train_loss:3.2463 train_time:9161884ms step_avg:1696.65ms
step:5411/6200 train_loss:3.3270 train_time:9163580ms step_avg:1696.65ms
step:5412/6200 train_loss:3.2232 train_time:9165276ms step_avg:1696.64ms
step:5413/6200 train_loss:3.2457 train_time:9166968ms step_avg:1696.64ms
step:5414/6200 train_loss:3.3264 train_time:9168665ms step_avg:1696.64ms
step:5415/6200 train_loss:3.1509 train_time:9170359ms step_avg:1696.64ms
step:5416/6200 train_loss:3.3750 train_time:9172054ms step_avg:1696.64ms
step:5417/6200 train_loss:3.2113 train_time:9173748ms step_avg:1696.64ms
step:5418/6200 train_loss:3.1862 train_time:9175442ms step_avg:1696.64ms
step:5419/6200 train_loss:3.2162 train_time:9177134ms step_avg:1696.64ms
step:5420/6200 train_loss:3.3635 train_time:9178830ms step_avg:1696.64ms
step:5421/6200 train_loss:3.2997 train_time:9180525ms step_avg:1696.64ms
step:5422/6200 train_loss:3.0959 train_time:9182221ms step_avg:1696.64ms
step:5423/6200 train_loss:3.2674 train_time:9183915ms step_avg:1696.64ms
step:5424/6200 train_loss:3.3045 train_time:9185608ms step_avg:1696.64ms
step:5425/6200 train_loss:3.4909 train_time:9187300ms step_avg:1696.64ms
step:5426/6200 train_loss:3.3279 train_time:9188993ms step_avg:1696.64ms
step:5427/6200 train_loss:3.8692 train_time:9190686ms step_avg:1696.64ms
step:5428/6200 train_loss:3.2842 train_time:9192380ms step_avg:1696.64ms
step:5429/6200 train_loss:3.1222 train_time:9194074ms step_avg:1696.64ms
step:5430/6200 train_loss:3.1706 train_time:9195768ms step_avg:1696.64ms
step:5431/6200 train_loss:3.3528 train_time:9197458ms step_avg:1696.64ms
step:5432/6200 train_loss:3.2691 train_time:9199151ms step_avg:1696.63ms
step:5433/6200 train_loss:3.3181 train_time:9200844ms step_avg:1696.63ms
step:5434/6200 train_loss:3.2811 train_time:9202540ms step_avg:1696.63ms
step:5435/6200 train_loss:3.1386 train_time:9204233ms step_avg:1696.63ms
step:5436/6200 train_loss:3.1783 train_time:9205926ms step_avg:1696.63ms
step:5437/6200 train_loss:3.3128 train_time:9207620ms step_avg:1696.63ms
step:5438/6200 train_loss:3.0850 train_time:9209312ms step_avg:1696.63ms
step:5439/6200 train_loss:2.9940 train_time:9211003ms step_avg:1696.63ms
step:5440/6200 train_loss:3.3669 train_time:9212696ms step_avg:1696.63ms
step:5441/6200 train_loss:3.5532 train_time:9214389ms step_avg:1696.63ms
step:5442/6200 train_loss:3.2038 train_time:9216079ms step_avg:1696.63ms
step:5443/6200 train_loss:3.2531 train_time:9217772ms step_avg:1696.63ms
step:5444/6200 train_loss:3.3537 train_time:9219463ms step_avg:1696.63ms
step:5445/6200 train_loss:3.2676 train_time:9221158ms step_avg:1696.63ms
step:5446/6200 train_loss:3.3932 train_time:9222853ms step_avg:1696.62ms
step:5447/6200 train_loss:3.4185 train_time:9224551ms step_avg:1696.63ms
step:5448/6200 train_loss:3.3071 train_time:9226249ms step_avg:1696.63ms
step:5449/6200 train_loss:3.3480 train_time:9227946ms step_avg:1696.63ms
step:5450/6200 train_loss:3.3207 train_time:9229643ms step_avg:1696.63ms
step:5451/6200 train_loss:3.3311 train_time:9231340ms step_avg:1696.63ms
step:5452/6200 train_loss:3.4483 train_time:9233038ms step_avg:1696.63ms
step:5453/6200 train_loss:3.2330 train_time:9234734ms step_avg:1696.63ms
step:5454/6200 train_loss:3.1749 train_time:9236431ms step_avg:1696.63ms
step:5455/6200 train_loss:3.3339 train_time:9238126ms step_avg:1696.63ms
step:5456/6200 train_loss:3.0907 train_time:9239822ms step_avg:1696.63ms
step:5457/6200 train_loss:3.2751 train_time:9241518ms step_avg:1696.63ms
step:5458/6200 train_loss:3.4229 train_time:9243213ms step_avg:1696.62ms
step:5459/6200 train_loss:3.3975 train_time:9244906ms step_avg:1696.62ms
step:5460/6200 train_loss:3.1857 train_time:9246598ms step_avg:1696.62ms
step:5461/6200 train_loss:3.3672 train_time:9248289ms step_avg:1696.62ms
step:5462/6200 train_loss:3.0931 train_time:9249984ms step_avg:1696.62ms
step:5463/6200 train_loss:3.3230 train_time:9251678ms step_avg:1696.62ms
step:5464/6200 train_loss:3.2369 train_time:9253370ms step_avg:1696.62ms
step:5465/6200 train_loss:3.3519 train_time:9255062ms step_avg:1696.62ms
step:5466/6200 train_loss:3.2229 train_time:9256756ms step_avg:1696.62ms
step:5467/6200 train_loss:2.8587 train_time:9258451ms step_avg:1696.62ms
step:5468/6200 train_loss:3.1535 train_time:9260148ms step_avg:1696.62ms
step:5469/6200 train_loss:3.5068 train_time:9261843ms step_avg:1696.62ms
step:5470/6200 train_loss:3.2288 train_time:9263540ms step_avg:1696.62ms
step:5471/6200 train_loss:3.1379 train_time:9265237ms step_avg:1696.62ms
step:5472/6200 train_loss:3.3143 train_time:9266931ms step_avg:1696.62ms
step:5473/6200 train_loss:3.3156 train_time:9268627ms step_avg:1696.62ms
step:5474/6200 train_loss:3.2662 train_time:9270322ms step_avg:1696.62ms
step:5475/6200 train_loss:3.3513 train_time:9272016ms step_avg:1696.62ms
step:5476/6200 train_loss:3.2204 train_time:9273711ms step_avg:1696.62ms
step:5477/6200 train_loss:3.2065 train_time:9275407ms step_avg:1696.62ms
step:5478/6200 train_loss:3.1214 train_time:9277104ms step_avg:1696.62ms
step:5479/6200 train_loss:4.2400 train_time:9278800ms step_avg:1696.62ms
step:5480/6200 train_loss:3.1743 train_time:9280497ms step_avg:1696.62ms
step:5481/6200 train_loss:3.2414 train_time:9282193ms step_avg:1696.62ms
step:5482/6200 train_loss:3.2413 train_time:9283892ms step_avg:1696.62ms
step:5483/6200 train_loss:3.2133 train_time:9285589ms step_avg:1696.62ms
step:5484/6200 train_loss:3.3501 train_time:9287289ms step_avg:1696.62ms
step:5485/6200 train_loss:3.2206 train_time:9288986ms step_avg:1696.62ms
step:5486/6200 train_loss:3.3268 train_time:9290682ms step_avg:1696.62ms
step:5487/6200 train_loss:3.3311 train_time:9292378ms step_avg:1696.62ms
step:5488/6200 train_loss:3.2772 train_time:9294076ms step_avg:1696.62ms
step:5489/6200 train_loss:3.2121 train_time:9295776ms step_avg:1696.62ms
step:5490/6200 train_loss:3.3137 train_time:9297473ms step_avg:1696.62ms
step:5491/6200 train_loss:3.3989 train_time:9299171ms step_avg:1696.62ms
step:5492/6200 train_loss:3.1823 train_time:9300866ms step_avg:1696.62ms
step:5493/6200 train_loss:3.2736 train_time:9302560ms step_avg:1696.62ms
step:5494/6200 train_loss:3.2483 train_time:9304253ms step_avg:1696.62ms
step:5495/6200 train_loss:3.1673 train_time:9305951ms step_avg:1696.62ms
step:5496/6200 train_loss:3.2394 train_time:9307645ms step_avg:1696.62ms
step:5497/6200 train_loss:3.4046 train_time:9309339ms step_avg:1696.62ms
step:5498/6200 train_loss:3.2272 train_time:9311038ms step_avg:1696.62ms
step:5499/6200 train_loss:3.2912 train_time:9312734ms step_avg:1696.62ms
step:5500/6200 train_loss:3.1791 train_time:9314430ms step_avg:1696.62ms
step:5500/6200 val_loss:3.3509 train_time:9314444ms step_avg:1696.62ms
step:5501/6200 train_loss:3.1996 train_time:9316138ms step_avg:1696.62ms
step:5502/6200 train_loss:3.3091 train_time:9317836ms step_avg:1696.62ms
step:5503/6200 train_loss:3.2547 train_time:9319529ms step_avg:1696.62ms
step:5504/6200 train_loss:3.2909 train_time:9321225ms step_avg:1696.62ms
step:5505/6200 train_loss:3.2935 train_time:9322920ms step_avg:1696.62ms
step:5506/6200 train_loss:3.3924 train_time:9324615ms step_avg:1696.62ms
step:5507/6200 train_loss:3.5512 train_time:9326310ms step_avg:1696.62ms
step:5508/6200 train_loss:3.4881 train_time:9328005ms step_avg:1696.62ms
step:5509/6200 train_loss:3.7987 train_time:9329698ms step_avg:1696.62ms
step:5510/6200 train_loss:3.1387 train_time:9331393ms step_avg:1696.62ms
step:5511/6200 train_loss:3.4679 train_time:9333087ms step_avg:1696.62ms
step:5512/6200 train_loss:3.2277 train_time:9334782ms step_avg:1696.62ms
step:5513/6200 train_loss:3.5036 train_time:9336478ms step_avg:1696.62ms
step:5514/6200 train_loss:3.3237 train_time:9338175ms step_avg:1696.62ms
step:5515/6200 train_loss:3.0598 train_time:9339874ms step_avg:1696.62ms
step:5516/6200 train_loss:3.3142 train_time:9341574ms step_avg:1696.62ms
step:5517/6200 train_loss:3.2285 train_time:9343272ms step_avg:1696.62ms
step:5518/6200 train_loss:3.2926 train_time:9344970ms step_avg:1696.62ms
step:5519/6200 train_loss:3.4229 train_time:9346669ms step_avg:1696.62ms
step:5520/6200 train_loss:3.5242 train_time:9348367ms step_avg:1696.62ms
step:5521/6200 train_loss:3.2855 train_time:9350067ms step_avg:1696.62ms
step:5522/6200 train_loss:3.5704 train_time:9351767ms step_avg:1696.62ms
step:5523/6200 train_loss:3.1586 train_time:9353463ms step_avg:1696.62ms
step:5524/6200 train_loss:3.6408 train_time:9355161ms step_avg:1696.62ms
step:5525/6200 train_loss:3.2218 train_time:9356861ms step_avg:1696.62ms
step:5526/6200 train_loss:3.1779 train_time:9358562ms step_avg:1696.62ms
step:5527/6200 train_loss:3.1029 train_time:9360261ms step_avg:1696.62ms
step:5528/6200 train_loss:3.2057 train_time:9361959ms step_avg:1696.62ms
step:5529/6200 train_loss:3.2847 train_time:9363818ms step_avg:1696.65ms
step:5530/6200 train_loss:3.3127 train_time:9365517ms step_avg:1696.65ms
step:5531/6200 train_loss:3.4667 train_time:9367216ms step_avg:1696.65ms
step:5532/6200 train_loss:3.2775 train_time:9368914ms step_avg:1696.65ms
step:5533/6200 train_loss:3.6357 train_time:9370613ms step_avg:1696.65ms
step:5534/6200 train_loss:3.2414 train_time:9372311ms step_avg:1696.65ms
step:5535/6200 train_loss:3.4262 train_time:9374008ms step_avg:1696.65ms
step:5536/6200 train_loss:3.2457 train_time:9375710ms step_avg:1696.65ms
step:5537/6200 train_loss:3.4362 train_time:9377409ms step_avg:1696.65ms
step:5538/6200 train_loss:3.1301 train_time:9379109ms step_avg:1696.66ms
step:5539/6200 train_loss:3.1282 train_time:9380807ms step_avg:1696.66ms
step:5540/6200 train_loss:3.1894 train_time:9382505ms step_avg:1696.66ms
step:5541/6200 train_loss:3.2751 train_time:9384205ms step_avg:1696.66ms
step:5542/6200 train_loss:3.3299 train_time:9385904ms step_avg:1696.66ms
step:5543/6200 train_loss:3.4449 train_time:9387607ms step_avg:1696.66ms
step:5544/6200 train_loss:3.4031 train_time:9389305ms step_avg:1696.66ms
step:5545/6200 train_loss:3.2655 train_time:9391002ms step_avg:1696.66ms
step:5546/6200 train_loss:3.4074 train_time:9392702ms step_avg:1696.66ms
step:5547/6200 train_loss:3.2532 train_time:9394399ms step_avg:1696.66ms
step:5548/6200 train_loss:3.5820 train_time:9396097ms step_avg:1696.66ms
step:5549/6200 train_loss:3.1952 train_time:9397795ms step_avg:1696.66ms
step:5550/6200 train_loss:3.2821 train_time:9399494ms step_avg:1696.66ms
step:5551/6200 train_loss:3.1711 train_time:9401195ms step_avg:1696.66ms
step:5552/6200 train_loss:3.1145 train_time:9402894ms step_avg:1696.66ms
step:5553/6200 train_loss:3.3186 train_time:9404596ms step_avg:1696.66ms
step:5554/6200 train_loss:3.2540 train_time:9406294ms step_avg:1696.66ms
step:5555/6200 train_loss:3.2842 train_time:9407992ms step_avg:1696.66ms
step:5556/6200 train_loss:3.2867 train_time:9409691ms step_avg:1696.66ms
step:5557/6200 train_loss:3.3890 train_time:9411392ms step_avg:1696.66ms
step:5558/6200 train_loss:3.3382 train_time:9413091ms step_avg:1696.66ms
step:5559/6200 train_loss:3.1997 train_time:9414789ms step_avg:1696.66ms
step:5560/6200 train_loss:3.3587 train_time:9416491ms step_avg:1696.66ms
step:5561/6200 train_loss:3.3176 train_time:9418192ms step_avg:1696.67ms
step:5562/6200 train_loss:3.5384 train_time:9419892ms step_avg:1696.67ms
step:5563/6200 train_loss:3.1575 train_time:9421592ms step_avg:1696.67ms
step:5564/6200 train_loss:3.3260 train_time:9423292ms step_avg:1696.67ms
step:5565/6200 train_loss:3.2237 train_time:9424992ms step_avg:1696.67ms
step:5566/6200 train_loss:3.0936 train_time:9426695ms step_avg:1696.67ms
step:5567/6200 train_loss:3.2658 train_time:9428394ms step_avg:1696.67ms
step:5568/6200 train_loss:3.2218 train_time:9430090ms step_avg:1696.67ms
step:5569/6200 train_loss:3.2792 train_time:9431793ms step_avg:1696.67ms
step:5570/6200 train_loss:3.2248 train_time:9433491ms step_avg:1696.67ms
step:5571/6200 train_loss:3.1992 train_time:9435192ms step_avg:1696.67ms
step:5572/6200 train_loss:3.1695 train_time:9436892ms step_avg:1696.67ms
step:5573/6200 train_loss:3.4636 train_time:9438592ms step_avg:1696.67ms
step:5574/6200 train_loss:3.1959 train_time:9440292ms step_avg:1696.67ms
step:5575/6200 train_loss:3.3750 train_time:9441993ms step_avg:1696.67ms
step:5576/6200 train_loss:3.2418 train_time:9443694ms step_avg:1696.68ms
step:5577/6200 train_loss:3.2396 train_time:9445392ms step_avg:1696.68ms
step:5578/6200 train_loss:3.1580 train_time:9447090ms step_avg:1696.68ms
step:5579/6200 train_loss:3.3259 train_time:9448792ms step_avg:1696.68ms
step:5580/6200 train_loss:3.3960 train_time:9450492ms step_avg:1696.68ms
step:5581/6200 train_loss:3.3313 train_time:9452192ms step_avg:1696.68ms
step:5582/6200 train_loss:3.3866 train_time:9453891ms step_avg:1696.68ms
step:5583/6200 train_loss:3.3439 train_time:9455589ms step_avg:1696.68ms
step:5584/6200 train_loss:3.2260 train_time:9457290ms step_avg:1696.68ms
step:5585/6200 train_loss:3.2257 train_time:9458989ms step_avg:1696.68ms
step:5586/6200 train_loss:3.3220 train_time:9460689ms step_avg:1696.68ms
step:5587/6200 train_loss:3.2163 train_time:9462386ms step_avg:1696.68ms
step:5588/6200 train_loss:3.3400 train_time:9464084ms step_avg:1696.68ms
step:5589/6200 train_loss:3.2794 train_time:9465779ms step_avg:1696.68ms
step:5590/6200 train_loss:3.3506 train_time:9467475ms step_avg:1696.68ms
step:5591/6200 train_loss:3.2965 train_time:9469172ms step_avg:1696.68ms
step:5592/6200 train_loss:3.6266 train_time:9470870ms step_avg:1696.68ms
step:5593/6200 train_loss:3.5902 train_time:9472567ms step_avg:1696.68ms
step:5594/6200 train_loss:3.1224 train_time:9474264ms step_avg:1696.68ms
step:5595/6200 train_loss:3.4166 train_time:9475962ms step_avg:1696.68ms
step:5596/6200 train_loss:3.2254 train_time:9477661ms step_avg:1696.68ms
step:5597/6200 train_loss:3.1143 train_time:9479362ms step_avg:1696.68ms
step:5598/6200 train_loss:3.2134 train_time:9481064ms step_avg:1696.68ms
step:5599/6200 train_loss:3.2346 train_time:9482765ms step_avg:1696.68ms
step:5600/6200 train_loss:2.8912 train_time:9484466ms step_avg:1696.68ms
step:5601/6200 train_loss:3.2373 train_time:9486165ms step_avg:1696.68ms
step:5602/6200 train_loss:3.2317 train_time:9487863ms step_avg:1696.69ms
step:5603/6200 train_loss:3.3337 train_time:9489562ms step_avg:1696.69ms
step:5604/6200 train_loss:3.1946 train_time:9491258ms step_avg:1696.69ms
step:5605/6200 train_loss:3.4099 train_time:9492954ms step_avg:1696.69ms
step:5606/6200 train_loss:3.1529 train_time:9494651ms step_avg:1696.69ms
step:5607/6200 train_loss:3.2061 train_time:9496350ms step_avg:1696.69ms
step:5608/6200 train_loss:3.3763 train_time:9498051ms step_avg:1696.69ms
step:5609/6200 train_loss:3.3131 train_time:9499748ms step_avg:1696.69ms
step:5610/6200 train_loss:3.4138 train_time:9501446ms step_avg:1696.69ms
step:5611/6200 train_loss:3.2545 train_time:9503143ms step_avg:1696.69ms
step:5612/6200 train_loss:3.2471 train_time:9504842ms step_avg:1696.69ms
step:5613/6200 train_loss:3.2940 train_time:9506540ms step_avg:1696.69ms
step:5614/6200 train_loss:3.6593 train_time:9508237ms step_avg:1696.69ms
step:5615/6200 train_loss:3.2884 train_time:9509934ms step_avg:1696.69ms
step:5616/6200 train_loss:3.3883 train_time:9511631ms step_avg:1696.69ms
step:5617/6200 train_loss:3.2297 train_time:9513327ms step_avg:1696.69ms
step:5618/6200 train_loss:3.3618 train_time:9515024ms step_avg:1696.69ms
step:5619/6200 train_loss:3.2169 train_time:9516721ms step_avg:1696.69ms
step:5620/6200 train_loss:3.3355 train_time:9518418ms step_avg:1696.69ms
step:5621/6200 train_loss:3.2533 train_time:9520117ms step_avg:1696.69ms
step:5622/6200 train_loss:3.1201 train_time:9521817ms step_avg:1696.69ms
step:5623/6200 train_loss:3.1962 train_time:9523516ms step_avg:1696.69ms
step:5624/6200 train_loss:3.3015 train_time:9525216ms step_avg:1696.69ms
step:5625/6200 train_loss:3.2086 train_time:9526919ms step_avg:1696.69ms
step:5625/6200 val_loss:3.3419 train_time:9526933ms step_avg:1696.69ms
step:5626/6200 train_loss:3.3204 train_time:9528627ms step_avg:1696.69ms
step:5627/6200 train_loss:3.2916 train_time:9530320ms step_avg:1696.69ms
step:5628/6200 train_loss:3.2529 train_time:9532013ms step_avg:1696.69ms
step:5629/6200 train_loss:3.1206 train_time:9533705ms step_avg:1696.69ms
step:5630/6200 train_loss:3.2924 train_time:9535401ms step_avg:1696.69ms
step:5631/6200 train_loss:3.3029 train_time:9537099ms step_avg:1696.69ms
step:5632/6200 train_loss:3.1947 train_time:9538795ms step_avg:1696.69ms
step:5633/6200 train_loss:3.2475 train_time:9540491ms step_avg:1696.69ms
step:5634/6200 train_loss:3.2294 train_time:9542187ms step_avg:1696.69ms
step:5635/6200 train_loss:3.3637 train_time:9543883ms step_avg:1696.69ms
step:5636/6200 train_loss:3.3698 train_time:9545578ms step_avg:1696.69ms
step:5637/6200 train_loss:3.3509 train_time:9547277ms step_avg:1696.69ms
step:5638/6200 train_loss:3.3080 train_time:9548973ms step_avg:1696.69ms
step:5639/6200 train_loss:3.2885 train_time:9550669ms step_avg:1696.69ms
step:5640/6200 train_loss:3.2474 train_time:9552367ms step_avg:1696.69ms
step:5641/6200 train_loss:3.1504 train_time:9554062ms step_avg:1696.69ms
step:5642/6200 train_loss:3.2673 train_time:9555757ms step_avg:1696.69ms
step:5643/6200 train_loss:3.3207 train_time:9557453ms step_avg:1696.69ms
step:5644/6200 train_loss:3.2972 train_time:9559149ms step_avg:1696.69ms
step:5645/6200 train_loss:3.4290 train_time:9560846ms step_avg:1696.69ms
step:5646/6200 train_loss:3.4365 train_time:9562539ms step_avg:1696.69ms
step:5647/6200 train_loss:3.3662 train_time:9564234ms step_avg:1696.69ms
step:5648/6200 train_loss:3.2100 train_time:9565926ms step_avg:1696.69ms
step:5649/6200 train_loss:3.1733 train_time:9567617ms step_avg:1696.69ms
step:5650/6200 train_loss:3.1590 train_time:9569309ms step_avg:1696.69ms
step:5651/6200 train_loss:3.4694 train_time:9571003ms step_avg:1696.69ms
step:5652/6200 train_loss:3.4159 train_time:9572699ms step_avg:1696.69ms
step:5653/6200 train_loss:3.2293 train_time:9574393ms step_avg:1696.68ms
step:5654/6200 train_loss:3.3881 train_time:9576088ms step_avg:1696.68ms
step:5655/6200 train_loss:3.1429 train_time:9577783ms step_avg:1696.68ms
step:5656/6200 train_loss:3.3890 train_time:9579478ms step_avg:1696.68ms
step:5657/6200 train_loss:3.2288 train_time:9581171ms step_avg:1696.68ms
step:5658/6200 train_loss:3.1685 train_time:9582864ms step_avg:1696.68ms
step:5659/6200 train_loss:3.3880 train_time:9584555ms step_avg:1696.68ms
step:5660/6200 train_loss:3.5083 train_time:9586247ms step_avg:1696.68ms
step:5661/6200 train_loss:3.1714 train_time:9587940ms step_avg:1696.68ms
step:5662/6200 train_loss:3.1784 train_time:9589634ms step_avg:1696.68ms
step:5663/6200 train_loss:3.1251 train_time:9591324ms step_avg:1696.68ms
step:5664/6200 train_loss:3.2823 train_time:9593020ms step_avg:1696.68ms
step:5665/6200 train_loss:3.6935 train_time:9594716ms step_avg:1696.68ms
step:5666/6200 train_loss:3.2852 train_time:9596412ms step_avg:1696.68ms
step:5667/6200 train_loss:3.1975 train_time:9598109ms step_avg:1696.68ms
step:5668/6200 train_loss:3.3223 train_time:9599804ms step_avg:1696.68ms
step:5669/6200 train_loss:3.3961 train_time:9601496ms step_avg:1696.68ms
step:5670/6200 train_loss:3.2625 train_time:9603190ms step_avg:1696.68ms
step:5671/6200 train_loss:3.1063 train_time:9604883ms step_avg:1696.68ms
step:5672/6200 train_loss:3.3211 train_time:9606576ms step_avg:1696.68ms
step:5673/6200 train_loss:2.9532 train_time:9608267ms step_avg:1696.67ms
step:5674/6200 train_loss:3.3299 train_time:9609962ms step_avg:1696.67ms
step:5675/6200 train_loss:3.6719 train_time:9611657ms step_avg:1696.67ms
step:5676/6200 train_loss:3.3664 train_time:9613350ms step_avg:1696.67ms
step:5677/6200 train_loss:3.3452 train_time:9615043ms step_avg:1696.67ms
step:5678/6200 train_loss:3.2862 train_time:9616736ms step_avg:1696.67ms
step:5679/6200 train_loss:3.3110 train_time:9618429ms step_avg:1696.67ms
step:5680/6200 train_loss:3.2344 train_time:9620121ms step_avg:1696.67ms
step:5681/6200 train_loss:3.1802 train_time:9621814ms step_avg:1696.67ms
step:5682/6200 train_loss:3.3392 train_time:9623508ms step_avg:1696.67ms
step:5683/6200 train_loss:3.1595 train_time:9625203ms step_avg:1696.67ms
step:5684/6200 train_loss:3.3107 train_time:9626899ms step_avg:1696.67ms
step:5685/6200 train_loss:3.2685 train_time:9628592ms step_avg:1696.67ms
step:5686/6200 train_loss:3.2872 train_time:9630288ms step_avg:1696.67ms
step:5687/6200 train_loss:3.2299 train_time:9631984ms step_avg:1696.67ms
step:5688/6200 train_loss:3.3496 train_time:9633681ms step_avg:1696.67ms
step:5689/6200 train_loss:3.1492 train_time:9635376ms step_avg:1696.67ms
step:5690/6200 train_loss:3.1280 train_time:9637073ms step_avg:1696.67ms
step:5691/6200 train_loss:3.4728 train_time:9638769ms step_avg:1696.67ms
step:5692/6200 train_loss:3.2679 train_time:9640465ms step_avg:1696.67ms
step:5693/6200 train_loss:3.2826 train_time:9642163ms step_avg:1696.67ms
step:5694/6200 train_loss:3.2847 train_time:9643859ms step_avg:1696.67ms
step:5695/6200 train_loss:3.2105 train_time:9645557ms step_avg:1696.67ms
step:5696/6200 train_loss:3.3090 train_time:9647253ms step_avg:1696.67ms
step:5697/6200 train_loss:3.2244 train_time:9648952ms step_avg:1696.67ms
step:5698/6200 train_loss:3.4583 train_time:9650650ms step_avg:1696.67ms
step:5699/6200 train_loss:3.2796 train_time:9652345ms step_avg:1696.67ms
step:5700/6200 train_loss:3.1446 train_time:9654037ms step_avg:1696.67ms
step:5701/6200 train_loss:3.0786 train_time:9655732ms step_avg:1696.67ms
step:5702/6200 train_loss:3.2560 train_time:9657430ms step_avg:1696.67ms
step:5703/6200 train_loss:3.2662 train_time:9659128ms step_avg:1696.67ms
step:5704/6200 train_loss:3.1714 train_time:9660826ms step_avg:1696.67ms
step:5705/6200 train_loss:3.4174 train_time:9662522ms step_avg:1696.67ms
step:5706/6200 train_loss:3.2189 train_time:9664219ms step_avg:1696.67ms
step:5707/6200 train_loss:3.2703 train_time:9665916ms step_avg:1696.67ms
step:5708/6200 train_loss:3.4270 train_time:9667611ms step_avg:1696.67ms
step:5709/6200 train_loss:3.3893 train_time:9669305ms step_avg:1696.67ms
step:5710/6200 train_loss:3.1675 train_time:9671001ms step_avg:1696.67ms
step:5711/6200 train_loss:3.5246 train_time:9672697ms step_avg:1696.67ms
step:5712/6200 train_loss:3.2363 train_time:9674394ms step_avg:1696.67ms
step:5713/6200 train_loss:3.6299 train_time:9676092ms step_avg:1696.67ms
step:5714/6200 train_loss:3.3307 train_time:9677789ms step_avg:1696.67ms
step:5715/6200 train_loss:4.3534 train_time:9679486ms step_avg:1696.67ms
step:5716/6200 train_loss:3.2374 train_time:9681183ms step_avg:1696.67ms
step:5717/6200 train_loss:3.0857 train_time:9682880ms step_avg:1696.67ms
step:5718/6200 train_loss:3.3915 train_time:9684576ms step_avg:1696.67ms
step:5719/6200 train_loss:3.4900 train_time:9686272ms step_avg:1696.67ms
step:5720/6200 train_loss:3.3578 train_time:9687965ms step_avg:1696.67ms
step:5721/6200 train_loss:3.2953 train_time:9689660ms step_avg:1696.67ms
step:5722/6200 train_loss:3.2350 train_time:9691357ms step_avg:1696.67ms
step:5723/6200 train_loss:3.2910 train_time:9693054ms step_avg:1696.67ms
step:5724/6200 train_loss:3.5946 train_time:9694748ms step_avg:1696.67ms
step:5725/6200 train_loss:3.4218 train_time:9696440ms step_avg:1696.66ms
step:5726/6200 train_loss:3.2386 train_time:9698133ms step_avg:1696.66ms
step:5727/6200 train_loss:3.0772 train_time:9699826ms step_avg:1696.66ms
step:5728/6200 train_loss:3.1843 train_time:9701521ms step_avg:1696.66ms
step:5729/6200 train_loss:3.2057 train_time:9703216ms step_avg:1696.66ms
step:5730/6200 train_loss:3.5871 train_time:9704911ms step_avg:1696.66ms
step:5731/6200 train_loss:3.3960 train_time:9706608ms step_avg:1696.66ms
step:5732/6200 train_loss:3.4252 train_time:9708303ms step_avg:1696.66ms
step:5733/6200 train_loss:3.0393 train_time:9709999ms step_avg:1696.66ms
step:5734/6200 train_loss:3.4732 train_time:9711698ms step_avg:1696.66ms
step:5735/6200 train_loss:3.3135 train_time:9713396ms step_avg:1696.66ms
step:5736/6200 train_loss:3.0908 train_time:9715092ms step_avg:1696.66ms
step:5737/6200 train_loss:3.2268 train_time:9716790ms step_avg:1696.66ms
step:5738/6200 train_loss:3.1245 train_time:9718488ms step_avg:1696.66ms
step:5739/6200 train_loss:3.0996 train_time:9720185ms step_avg:1696.66ms
step:5740/6200 train_loss:3.1369 train_time:9721886ms step_avg:1696.66ms
step:5741/6200 train_loss:3.3579 train_time:9723585ms step_avg:1696.66ms
step:5742/6200 train_loss:3.2585 train_time:9725283ms step_avg:1696.66ms
step:5743/6200 train_loss:3.0798 train_time:9726981ms step_avg:1696.67ms
step:5744/6200 train_loss:3.2484 train_time:9728680ms step_avg:1696.67ms
step:5745/6200 train_loss:3.2712 train_time:9730376ms step_avg:1696.67ms
step:5746/6200 train_loss:3.4382 train_time:9732081ms step_avg:1696.67ms
step:5747/6200 train_loss:3.1833 train_time:9733779ms step_avg:1696.67ms
step:5748/6200 train_loss:3.2603 train_time:9735478ms step_avg:1696.67ms
step:5749/6200 train_loss:3.2359 train_time:9737177ms step_avg:1696.67ms
step:5750/6200 train_loss:3.2684 train_time:9738874ms step_avg:1696.67ms
step:5750/6200 val_loss:3.3339 train_time:9738888ms step_avg:1696.67ms
step:5751/6200 train_loss:3.4261 train_time:9740608ms step_avg:1696.67ms
step:5752/6200 train_loss:3.1666 train_time:9742304ms step_avg:1696.67ms
step:5753/6200 train_loss:3.2416 train_time:9744000ms step_avg:1696.67ms
step:5754/6200 train_loss:3.4051 train_time:9745695ms step_avg:1696.67ms
step:5755/6200 train_loss:3.1837 train_time:9747392ms step_avg:1696.67ms
step:5756/6200 train_loss:3.3680 train_time:9749086ms step_avg:1696.67ms
step:5757/6200 train_loss:3.1603 train_time:9750782ms step_avg:1696.67ms
step:5758/6200 train_loss:3.0804 train_time:9752473ms step_avg:1696.67ms
step:5759/6200 train_loss:3.0045 train_time:9754165ms step_avg:1696.67ms
step:5760/6200 train_loss:3.2826 train_time:9755858ms step_avg:1696.67ms
step:5761/6200 train_loss:3.1079 train_time:9757551ms step_avg:1696.67ms
step:5762/6200 train_loss:3.4843 train_time:9759245ms step_avg:1696.67ms
step:5763/6200 train_loss:3.4532 train_time:9760937ms step_avg:1696.67ms
step:5764/6200 train_loss:3.2382 train_time:9762629ms step_avg:1696.67ms
step:5765/6200 train_loss:3.2550 train_time:9764321ms step_avg:1696.67ms
step:5766/6200 train_loss:3.2549 train_time:9766017ms step_avg:1696.67ms
step:5767/6200 train_loss:3.0802 train_time:9767710ms step_avg:1696.67ms
step:5768/6200 train_loss:3.3012 train_time:9769403ms step_avg:1696.67ms
step:5769/6200 train_loss:3.6955 train_time:9771098ms step_avg:1696.67ms
step:5770/6200 train_loss:3.2275 train_time:9772791ms step_avg:1696.67ms
step:5771/6200 train_loss:3.1569 train_time:9774482ms step_avg:1696.66ms
step:5772/6200 train_loss:3.4137 train_time:9776176ms step_avg:1696.66ms
step:5773/6200 train_loss:3.2318 train_time:9777869ms step_avg:1696.66ms
step:5774/6200 train_loss:3.1617 train_time:9779561ms step_avg:1696.66ms
step:5775/6200 train_loss:3.1296 train_time:9781254ms step_avg:1696.66ms
step:5776/6200 train_loss:3.1303 train_time:9782946ms step_avg:1696.66ms
step:5777/6200 train_loss:3.2495 train_time:9784639ms step_avg:1696.66ms
step:5778/6200 train_loss:3.3124 train_time:9786330ms step_avg:1696.66ms
step:5779/6200 train_loss:3.4456 train_time:9788025ms step_avg:1696.66ms
step:5780/6200 train_loss:3.4773 train_time:9789724ms step_avg:1696.66ms
step:5781/6200 train_loss:3.2644 train_time:9791420ms step_avg:1696.66ms
step:5782/6200 train_loss:3.1770 train_time:9793116ms step_avg:1696.66ms
step:5783/6200 train_loss:3.2726 train_time:9794812ms step_avg:1696.66ms
step:5784/6200 train_loss:3.3573 train_time:9796508ms step_avg:1696.66ms
step:5785/6200 train_loss:3.4154 train_time:9798205ms step_avg:1696.66ms
step:5786/6200 train_loss:3.1856 train_time:9799901ms step_avg:1696.66ms
step:5787/6200 train_loss:3.1113 train_time:9801596ms step_avg:1696.66ms
step:5788/6200 train_loss:3.0315 train_time:9803292ms step_avg:1696.66ms
step:5789/6200 train_loss:3.3166 train_time:9804990ms step_avg:1696.66ms
step:5790/6200 train_loss:3.3873 train_time:9806686ms step_avg:1696.66ms
step:5791/6200 train_loss:3.2437 train_time:9808382ms step_avg:1696.66ms
step:5792/6200 train_loss:3.0671 train_time:9810078ms step_avg:1696.66ms
step:5793/6200 train_loss:3.4390 train_time:9811775ms step_avg:1696.66ms
step:5794/6200 train_loss:3.1784 train_time:9813472ms step_avg:1696.66ms
step:5795/6200 train_loss:3.2440 train_time:9815167ms step_avg:1696.66ms
step:5796/6200 train_loss:3.2748 train_time:9816861ms step_avg:1696.66ms
step:5797/6200 train_loss:3.2862 train_time:9818559ms step_avg:1696.66ms
step:5798/6200 train_loss:3.2767 train_time:9820253ms step_avg:1696.66ms
step:5799/6200 train_loss:3.4257 train_time:9821951ms step_avg:1696.66ms
step:5800/6200 train_loss:3.1840 train_time:9823648ms step_avg:1696.66ms
step:5801/6200 train_loss:3.1883 train_time:9825343ms step_avg:1696.66ms
step:5802/6200 train_loss:3.0318 train_time:9827039ms step_avg:1696.66ms
step:5803/6200 train_loss:3.1731 train_time:9828732ms step_avg:1696.66ms
step:5804/6200 train_loss:3.1906 train_time:9830427ms step_avg:1696.66ms
step:5805/6200 train_loss:3.2278 train_time:9832124ms step_avg:1696.66ms
step:5806/6200 train_loss:3.2853 train_time:9833820ms step_avg:1696.66ms
step:5807/6200 train_loss:3.2033 train_time:9835514ms step_avg:1696.66ms
step:5808/6200 train_loss:3.4907 train_time:9837208ms step_avg:1696.66ms
step:5809/6200 train_loss:3.5227 train_time:9838903ms step_avg:1696.66ms
step:5810/6200 train_loss:3.4036 train_time:9840599ms step_avg:1696.65ms
step:5811/6200 train_loss:3.3514 train_time:9842295ms step_avg:1696.65ms
step:5812/6200 train_loss:3.4980 train_time:9843990ms step_avg:1696.65ms
step:5813/6200 train_loss:3.2032 train_time:9845683ms step_avg:1696.65ms
step:5814/6200 train_loss:3.1465 train_time:9847377ms step_avg:1696.65ms
step:5815/6200 train_loss:3.0716 train_time:9849075ms step_avg:1696.65ms
step:5816/6200 train_loss:3.0842 train_time:9850771ms step_avg:1696.65ms
step:5817/6200 train_loss:3.2307 train_time:9852462ms step_avg:1696.65ms
step:5818/6200 train_loss:3.1169 train_time:9854157ms step_avg:1696.65ms
step:5819/6200 train_loss:3.3223 train_time:9855852ms step_avg:1696.65ms
step:5820/6200 train_loss:3.2049 train_time:9857546ms step_avg:1696.65ms
step:5821/6200 train_loss:3.3017 train_time:9859241ms step_avg:1696.65ms
step:5822/6200 train_loss:3.3378 train_time:9860937ms step_avg:1696.65ms
step:5823/6200 train_loss:3.0587 train_time:9862633ms step_avg:1696.65ms
step:5824/6200 train_loss:3.1862 train_time:9864329ms step_avg:1696.65ms
step:5825/6200 train_loss:3.2935 train_time:9866026ms step_avg:1696.65ms
step:5826/6200 train_loss:3.3630 train_time:9867722ms step_avg:1696.65ms
step:5827/6200 train_loss:3.3149 train_time:9869419ms step_avg:1696.65ms
step:5828/6200 train_loss:3.1559 train_time:9871115ms step_avg:1696.65ms
step:5829/6200 train_loss:3.2660 train_time:9872813ms step_avg:1696.65ms
step:5830/6200 train_loss:3.2276 train_time:9874507ms step_avg:1696.65ms
step:5831/6200 train_loss:3.2698 train_time:9876204ms step_avg:1696.65ms
step:5832/6200 train_loss:3.3844 train_time:9877901ms step_avg:1696.65ms
step:5833/6200 train_loss:3.3274 train_time:9879596ms step_avg:1696.65ms
step:5834/6200 train_loss:3.3775 train_time:9881293ms step_avg:1696.65ms
step:5835/6200 train_loss:3.3509 train_time:9882989ms step_avg:1696.65ms
step:5836/6200 train_loss:3.2862 train_time:9884686ms step_avg:1696.65ms
step:5837/6200 train_loss:3.2070 train_time:9886384ms step_avg:1696.65ms
step:5838/6200 train_loss:3.0954 train_time:9888079ms step_avg:1696.65ms
step:5839/6200 train_loss:3.0209 train_time:9889776ms step_avg:1696.65ms
step:5840/6200 train_loss:3.3511 train_time:9891473ms step_avg:1696.65ms
step:5841/6200 train_loss:3.0899 train_time:9893170ms step_avg:1696.65ms
step:5842/6200 train_loss:3.3826 train_time:9894869ms step_avg:1696.65ms
step:5843/6200 train_loss:3.3034 train_time:9896567ms step_avg:1696.65ms
step:5844/6200 train_loss:3.2847 train_time:9898264ms step_avg:1696.65ms
step:5845/6200 train_loss:3.3749 train_time:9899958ms step_avg:1696.65ms
step:5846/6200 train_loss:3.2016 train_time:9901651ms step_avg:1696.65ms
step:5847/6200 train_loss:3.1912 train_time:9903349ms step_avg:1696.65ms
step:5848/6200 train_loss:3.1697 train_time:9905045ms step_avg:1696.65ms
step:5849/6200 train_loss:3.1445 train_time:9906737ms step_avg:1696.65ms
step:5850/6200 train_loss:3.1712 train_time:9908431ms step_avg:1696.65ms
step:5851/6200 train_loss:3.1966 train_time:9910126ms step_avg:1696.65ms
step:5852/6200 train_loss:3.2628 train_time:9911822ms step_avg:1696.65ms
step:5853/6200 train_loss:3.3274 train_time:9913514ms step_avg:1696.65ms
step:5854/6200 train_loss:3.3533 train_time:9915207ms step_avg:1696.65ms
step:5855/6200 train_loss:3.3060 train_time:9916900ms step_avg:1696.65ms
step:5856/6200 train_loss:3.2106 train_time:9918593ms step_avg:1696.65ms
step:5857/6200 train_loss:3.0785 train_time:9920285ms step_avg:1696.65ms
step:5858/6200 train_loss:3.1505 train_time:9921978ms step_avg:1696.64ms
step:5859/6200 train_loss:3.3614 train_time:9923671ms step_avg:1696.64ms
step:5860/6200 train_loss:3.2753 train_time:9925365ms step_avg:1696.64ms
step:5861/6200 train_loss:3.3351 train_time:9927057ms step_avg:1696.64ms
step:5862/6200 train_loss:3.2762 train_time:9928750ms step_avg:1696.64ms
step:5863/6200 train_loss:3.2542 train_time:9930444ms step_avg:1696.64ms
step:5864/6200 train_loss:3.0908 train_time:9932139ms step_avg:1696.64ms
step:5865/6200 train_loss:3.1770 train_time:9933831ms step_avg:1696.64ms
step:5866/6200 train_loss:3.1577 train_time:9935526ms step_avg:1696.64ms
step:5867/6200 train_loss:3.0781 train_time:9937221ms step_avg:1696.64ms
step:5868/6200 train_loss:3.2536 train_time:9938916ms step_avg:1696.64ms
step:5869/6200 train_loss:3.2884 train_time:9940609ms step_avg:1696.64ms
step:5870/6200 train_loss:3.3430 train_time:9942304ms step_avg:1696.64ms
step:5871/6200 train_loss:3.3552 train_time:9943996ms step_avg:1696.64ms
step:5872/6200 train_loss:2.9968 train_time:9945695ms step_avg:1696.64ms
step:5873/6200 train_loss:3.1365 train_time:9947390ms step_avg:1696.64ms
step:5874/6200 train_loss:3.3108 train_time:9949085ms step_avg:1696.64ms
step:5875/6200 train_loss:3.0813 train_time:9950780ms step_avg:1696.64ms
step:5875/6200 val_loss:3.3268 train_time:9950794ms step_avg:1696.64ms
step:5876/6200 train_loss:3.3048 train_time:9952481ms step_avg:1696.64ms
step:5877/6200 train_loss:3.2740 train_time:9954175ms step_avg:1696.64ms
step:5878/6200 train_loss:3.3470 train_time:9955871ms step_avg:1696.64ms
step:5879/6200 train_loss:3.2985 train_time:9957563ms step_avg:1696.64ms
step:5880/6200 train_loss:3.4920 train_time:9959255ms step_avg:1696.64ms
step:5881/6200 train_loss:3.0583 train_time:9960949ms step_avg:1696.64ms
step:5882/6200 train_loss:3.5886 train_time:9962642ms step_avg:1696.64ms
step:5883/6200 train_loss:3.1869 train_time:9964333ms step_avg:1696.63ms
step:5884/6200 train_loss:3.4288 train_time:9966024ms step_avg:1696.63ms
step:5885/6200 train_loss:3.5507 train_time:9967717ms step_avg:1696.63ms
step:5886/6200 train_loss:3.1674 train_time:9969409ms step_avg:1696.63ms
step:5887/6200 train_loss:3.1776 train_time:9971099ms step_avg:1696.63ms
step:5888/6200 train_loss:3.3439 train_time:9972791ms step_avg:1696.63ms
step:5889/6200 train_loss:3.2508 train_time:9974483ms step_avg:1696.63ms
step:5890/6200 train_loss:3.1927 train_time:9976171ms step_avg:1696.63ms
step:5891/6200 train_loss:3.2944 train_time:9977862ms step_avg:1696.63ms
step:5892/6200 train_loss:2.9538 train_time:9979555ms step_avg:1696.63ms
step:5893/6200 train_loss:3.1103 train_time:9981247ms step_avg:1696.63ms
step:5894/6200 train_loss:3.2477 train_time:9982936ms step_avg:1696.62ms
step:5895/6200 train_loss:3.3668 train_time:9984625ms step_avg:1696.62ms
step:5896/6200 train_loss:3.1679 train_time:9986319ms step_avg:1696.62ms
step:5897/6200 train_loss:3.2582 train_time:9988011ms step_avg:1696.62ms
step:5898/6200 train_loss:3.3668 train_time:9989706ms step_avg:1696.62ms
step:5899/6200 train_loss:3.3659 train_time:9991400ms step_avg:1696.62ms
step:5900/6200 train_loss:3.2333 train_time:9993097ms step_avg:1696.62ms
step:5901/6200 train_loss:3.2334 train_time:9994793ms step_avg:1696.62ms
step:5902/6200 train_loss:3.5030 train_time:9996488ms step_avg:1696.62ms
step:5903/6200 train_loss:3.5499 train_time:9998187ms step_avg:1696.62ms
step:5904/6200 train_loss:3.2620 train_time:9999882ms step_avg:1696.62ms
step:5905/6200 train_loss:3.1121 train_time:10001578ms step_avg:1696.62ms
step:5906/6200 train_loss:3.5041 train_time:10003274ms step_avg:1696.62ms
step:5907/6200 train_loss:3.2656 train_time:10004968ms step_avg:1696.62ms
step:5908/6200 train_loss:3.4907 train_time:10006664ms step_avg:1696.62ms
step:5909/6200 train_loss:3.1543 train_time:10008360ms step_avg:1696.62ms
step:5910/6200 train_loss:3.2127 train_time:10010131ms step_avg:1696.63ms
step:5911/6200 train_loss:3.2611 train_time:10011828ms step_avg:1696.63ms
step:5912/6200 train_loss:3.2883 train_time:10013528ms step_avg:1696.63ms
step:5913/6200 train_loss:3.1798 train_time:10015226ms step_avg:1696.63ms
step:5914/6200 train_loss:3.1723 train_time:10016920ms step_avg:1696.63ms
step:5915/6200 train_loss:3.2145 train_time:10018617ms step_avg:1696.63ms
step:5916/6200 train_loss:3.2767 train_time:10020311ms step_avg:1696.63ms
step:5917/6200 train_loss:3.1790 train_time:10022003ms step_avg:1696.63ms
step:5918/6200 train_loss:3.3654 train_time:10023696ms step_avg:1696.63ms
step:5919/6200 train_loss:3.0694 train_time:10025391ms step_avg:1696.63ms
step:5920/6200 train_loss:3.2543 train_time:10027089ms step_avg:1696.63ms
step:5921/6200 train_loss:3.4797 train_time:10028784ms step_avg:1696.63ms
step:5922/6200 train_loss:3.2274 train_time:10030482ms step_avg:1696.63ms
step:5923/6200 train_loss:3.3020 train_time:10032178ms step_avg:1696.63ms
step:5924/6200 train_loss:3.2732 train_time:10033871ms step_avg:1696.63ms
step:5925/6200 train_loss:3.5384 train_time:10035569ms step_avg:1696.63ms
step:5926/6200 train_loss:3.3309 train_time:10037266ms step_avg:1696.63ms
step:5927/6200 train_loss:3.1290 train_time:10038963ms step_avg:1696.63ms
step:5928/6200 train_loss:3.1964 train_time:10040663ms step_avg:1696.63ms
step:5929/6200 train_loss:3.1134 train_time:10042359ms step_avg:1696.63ms
step:5930/6200 train_loss:3.3093 train_time:10044056ms step_avg:1696.63ms
step:5931/6200 train_loss:3.5353 train_time:10045752ms step_avg:1696.63ms
step:5932/6200 train_loss:3.2725 train_time:10047451ms step_avg:1696.63ms
step:5933/6200 train_loss:3.2607 train_time:10049150ms step_avg:1696.63ms
step:5934/6200 train_loss:3.1263 train_time:10050846ms step_avg:1696.63ms
step:5935/6200 train_loss:3.3891 train_time:10052544ms step_avg:1696.63ms
step:5936/6200 train_loss:4.2244 train_time:10054239ms step_avg:1696.63ms
step:5937/6200 train_loss:3.1663 train_time:10055935ms step_avg:1696.63ms
step:5938/6200 train_loss:3.1420 train_time:10057631ms step_avg:1696.63ms
step:5939/6200 train_loss:3.1744 train_time:10059328ms step_avg:1696.63ms
step:5940/6200 train_loss:2.9205 train_time:10061025ms step_avg:1696.63ms
step:5941/6200 train_loss:3.2635 train_time:10062717ms step_avg:1696.63ms
step:5942/6200 train_loss:2.8103 train_time:10064410ms step_avg:1696.63ms
step:5943/6200 train_loss:3.2122 train_time:10066106ms step_avg:1696.63ms
step:5944/6200 train_loss:3.3093 train_time:10067801ms step_avg:1696.63ms
step:5945/6200 train_loss:3.1447 train_time:10069497ms step_avg:1696.63ms
step:5946/6200 train_loss:3.6257 train_time:10071193ms step_avg:1696.63ms
step:5947/6200 train_loss:3.6339 train_time:10072889ms step_avg:1696.63ms
step:5948/6200 train_loss:3.1993 train_time:10074586ms step_avg:1696.63ms
step:5949/6200 train_loss:3.5247 train_time:10076282ms step_avg:1696.63ms
step:5950/6200 train_loss:3.6087 train_time:10077978ms step_avg:1696.63ms
step:5951/6200 train_loss:3.2675 train_time:10079671ms step_avg:1696.63ms
step:5952/6200 train_loss:3.2526 train_time:10081367ms step_avg:1696.63ms
step:5953/6200 train_loss:3.1438 train_time:10083065ms step_avg:1696.63ms
step:5954/6200 train_loss:3.3585 train_time:10084762ms step_avg:1696.63ms
step:5955/6200 train_loss:3.2068 train_time:10086460ms step_avg:1696.63ms
step:5956/6200 train_loss:3.1943 train_time:10088156ms step_avg:1696.63ms
step:5957/6200 train_loss:3.2004 train_time:10089852ms step_avg:1696.63ms
step:5958/6200 train_loss:3.1159 train_time:10091545ms step_avg:1696.63ms
step:5959/6200 train_loss:3.4761 train_time:10093242ms step_avg:1696.63ms
step:5960/6200 train_loss:3.2223 train_time:10094939ms step_avg:1696.63ms
step:5961/6200 train_loss:3.5310 train_time:10096637ms step_avg:1696.63ms
step:5962/6200 train_loss:2.8889 train_time:10098332ms step_avg:1696.63ms
step:5963/6200 train_loss:3.2930 train_time:10100029ms step_avg:1696.63ms
step:5964/6200 train_loss:3.1493 train_time:10101728ms step_avg:1696.63ms
step:5965/6200 train_loss:3.3475 train_time:10103426ms step_avg:1696.63ms
step:5966/6200 train_loss:3.4116 train_time:10105125ms step_avg:1696.63ms
step:5967/6200 train_loss:3.0636 train_time:10106820ms step_avg:1696.63ms
step:5968/6200 train_loss:3.3426 train_time:10108517ms step_avg:1696.63ms
step:5969/6200 train_loss:3.4231 train_time:10110215ms step_avg:1696.63ms
step:5970/6200 train_loss:3.0150 train_time:10111913ms step_avg:1696.63ms
step:5971/6200 train_loss:3.0470 train_time:10113610ms step_avg:1696.63ms
step:5972/6200 train_loss:3.2299 train_time:10115306ms step_avg:1696.63ms
step:5973/6200 train_loss:3.3157 train_time:10117002ms step_avg:1696.63ms
step:5974/6200 train_loss:3.1710 train_time:10118696ms step_avg:1696.63ms
step:5975/6200 train_loss:3.3640 train_time:10120392ms step_avg:1696.63ms
step:5976/6200 train_loss:2.9949 train_time:10122088ms step_avg:1696.63ms
step:5977/6200 train_loss:3.1953 train_time:10123786ms step_avg:1696.63ms
step:5978/6200 train_loss:3.2305 train_time:10125481ms step_avg:1696.63ms
step:5979/6200 train_loss:3.6412 train_time:10127177ms step_avg:1696.63ms
step:5980/6200 train_loss:3.1226 train_time:10128875ms step_avg:1696.63ms
step:5981/6200 train_loss:2.9116 train_time:10130571ms step_avg:1696.63ms
step:5982/6200 train_loss:3.3054 train_time:10132268ms step_avg:1696.63ms
step:5983/6200 train_loss:3.4197 train_time:10133967ms step_avg:1696.63ms
step:5984/6200 train_loss:3.0973 train_time:10135665ms step_avg:1696.63ms
step:5985/6200 train_loss:3.1999 train_time:10137366ms step_avg:1696.63ms
step:5986/6200 train_loss:3.3908 train_time:10139064ms step_avg:1696.63ms
step:5987/6200 train_loss:3.3818 train_time:10140762ms step_avg:1696.63ms
step:5988/6200 train_loss:3.5142 train_time:10142462ms step_avg:1696.63ms
step:5989/6200 train_loss:3.1217 train_time:10144160ms step_avg:1696.63ms
step:5990/6200 train_loss:3.1927 train_time:10145858ms step_avg:1696.63ms
step:5991/6200 train_loss:3.1946 train_time:10147556ms step_avg:1696.63ms
step:5992/6200 train_loss:3.2036 train_time:10149255ms step_avg:1696.63ms
step:5993/6200 train_loss:3.0481 train_time:10150953ms step_avg:1696.63ms
step:5994/6200 train_loss:3.4175 train_time:10152651ms step_avg:1696.63ms
step:5995/6200 train_loss:3.1191 train_time:10154345ms step_avg:1696.63ms
step:5996/6200 train_loss:3.1582 train_time:10156040ms step_avg:1696.63ms
step:5997/6200 train_loss:3.1346 train_time:10157737ms step_avg:1696.63ms
step:5998/6200 train_loss:3.6735 train_time:10159435ms step_avg:1696.63ms
step:5999/6200 train_loss:3.4045 train_time:10161134ms step_avg:1696.63ms
step:6000/6200 train_loss:3.1184 train_time:10162832ms step_avg:1696.63ms
step:6000/6200 val_loss:3.3194 train_time:10162846ms step_avg:1696.64ms
step:6001/6200 train_loss:3.1188 train_time:10164542ms step_avg:1696.64ms
step:6002/6200 train_loss:2.9427 train_time:10166242ms step_avg:1696.64ms
step:6003/6200 train_loss:3.2264 train_time:10167941ms step_avg:1696.64ms
step:6004/6200 train_loss:3.3278 train_time:10169640ms step_avg:1696.64ms
step:6005/6200 train_loss:3.1332 train_time:10171335ms step_avg:1696.64ms
step:6006/6200 train_loss:3.1899 train_time:10173030ms step_avg:1696.64ms
step:6007/6200 train_loss:3.0235 train_time:10174727ms step_avg:1696.64ms
step:6008/6200 train_loss:3.1303 train_time:10176423ms step_avg:1696.64ms
step:6009/6200 train_loss:3.0903 train_time:10178124ms step_avg:1696.64ms
step:6010/6200 train_loss:3.1502 train_time:10179823ms step_avg:1696.64ms
step:6011/6200 train_loss:3.1655 train_time:10181524ms step_avg:1696.64ms
step:6012/6200 train_loss:3.1685 train_time:10183221ms step_avg:1696.64ms
step:6013/6200 train_loss:3.1688 train_time:10184920ms step_avg:1696.64ms
step:6014/6200 train_loss:3.2981 train_time:10186619ms step_avg:1696.64ms
step:6015/6200 train_loss:3.3754 train_time:10188316ms step_avg:1696.64ms
step:6016/6200 train_loss:3.4030 train_time:10190016ms step_avg:1696.64ms
step:6017/6200 train_loss:3.2409 train_time:10191712ms step_avg:1696.64ms
step:6018/6200 train_loss:3.1918 train_time:10193412ms step_avg:1696.64ms
step:6019/6200 train_loss:3.1480 train_time:10195110ms step_avg:1696.64ms
step:6020/6200 train_loss:3.1488 train_time:10196809ms step_avg:1696.64ms
step:6021/6200 train_loss:2.9280 train_time:10198504ms step_avg:1696.64ms
step:6022/6200 train_loss:3.3157 train_time:10200201ms step_avg:1696.64ms
step:6023/6200 train_loss:3.1568 train_time:10201896ms step_avg:1696.64ms
step:6024/6200 train_loss:3.2939 train_time:10203593ms step_avg:1696.64ms
step:6025/6200 train_loss:3.1948 train_time:10205288ms step_avg:1696.64ms
step:6026/6200 train_loss:3.2026 train_time:10206985ms step_avg:1696.64ms
step:6027/6200 train_loss:3.2084 train_time:10208681ms step_avg:1696.64ms
step:6028/6200 train_loss:3.3537 train_time:10210378ms step_avg:1696.64ms
step:6029/6200 train_loss:3.1567 train_time:10212076ms step_avg:1696.64ms
step:6030/6200 train_loss:2.9644 train_time:10213775ms step_avg:1696.64ms
step:6031/6200 train_loss:3.2398 train_time:10215471ms step_avg:1696.64ms
step:6032/6200 train_loss:3.1308 train_time:10217167ms step_avg:1696.64ms
step:6033/6200 train_loss:3.3740 train_time:10218865ms step_avg:1696.64ms
step:6034/6200 train_loss:3.2549 train_time:10220563ms step_avg:1696.64ms
step:6035/6200 train_loss:3.3873 train_time:10222263ms step_avg:1696.64ms
step:6036/6200 train_loss:3.3522 train_time:10223962ms step_avg:1696.64ms
step:6037/6200 train_loss:2.9748 train_time:10225660ms step_avg:1696.64ms
step:6038/6200 train_loss:3.1176 train_time:10227358ms step_avg:1696.64ms
step:6039/6200 train_loss:3.0647 train_time:10229056ms step_avg:1696.64ms
step:6040/6200 train_loss:3.3104 train_time:10230754ms step_avg:1696.64ms
step:6041/6200 train_loss:3.3228 train_time:10232453ms step_avg:1696.64ms
step:6042/6200 train_loss:3.2762 train_time:10234150ms step_avg:1696.64ms
step:6043/6200 train_loss:3.2907 train_time:10235847ms step_avg:1696.64ms
step:6044/6200 train_loss:3.2180 train_time:10237544ms step_avg:1696.64ms
step:6045/6200 train_loss:3.2579 train_time:10239240ms step_avg:1696.64ms
step:6046/6200 train_loss:3.1578 train_time:10240939ms step_avg:1696.64ms
step:6047/6200 train_loss:3.2569 train_time:10242639ms step_avg:1696.64ms
step:6048/6200 train_loss:3.3608 train_time:10244337ms step_avg:1696.64ms
step:6049/6200 train_loss:3.1375 train_time:10246039ms step_avg:1696.64ms
step:6050/6200 train_loss:3.2102 train_time:10247734ms step_avg:1696.64ms
step:6051/6200 train_loss:3.5080 train_time:10249431ms step_avg:1696.64ms
step:6052/6200 train_loss:3.2938 train_time:10251132ms step_avg:1696.65ms
step:6053/6200 train_loss:3.1149 train_time:10252830ms step_avg:1696.65ms
step:6054/6200 train_loss:3.1968 train_time:10254527ms step_avg:1696.65ms
step:6055/6200 train_loss:3.2775 train_time:10256226ms step_avg:1696.65ms
step:6056/6200 train_loss:3.1748 train_time:10257925ms step_avg:1696.65ms
step:6057/6200 train_loss:3.0909 train_time:10259623ms step_avg:1696.65ms
step:6058/6200 train_loss:3.2663 train_time:10261319ms step_avg:1696.65ms
step:6059/6200 train_loss:2.9736 train_time:10263016ms step_avg:1696.65ms
step:6060/6200 train_loss:3.2717 train_time:10264712ms step_avg:1696.65ms
step:6061/6200 train_loss:3.2237 train_time:10266408ms step_avg:1696.65ms
step:6062/6200 train_loss:3.2020 train_time:10268106ms step_avg:1696.65ms
step:6063/6200 train_loss:3.0682 train_time:10269806ms step_avg:1696.65ms
step:6064/6200 train_loss:3.1610 train_time:10271505ms step_avg:1696.65ms
step:6065/6200 train_loss:2.9948 train_time:10273206ms step_avg:1696.65ms
step:6066/6200 train_loss:3.1919 train_time:10274906ms step_avg:1696.65ms
step:6067/6200 train_loss:3.1215 train_time:10276608ms step_avg:1696.65ms
step:6068/6200 train_loss:2.9712 train_time:10278308ms step_avg:1696.65ms
step:6069/6200 train_loss:3.1781 train_time:10280011ms step_avg:1696.65ms
step:6070/6200 train_loss:3.2271 train_time:10281707ms step_avg:1696.65ms
step:6071/6200 train_loss:3.1389 train_time:10283403ms step_avg:1696.65ms
step:6072/6200 train_loss:3.1365 train_time:10285100ms step_avg:1696.65ms
step:6073/6200 train_loss:3.2721 train_time:10286795ms step_avg:1696.65ms
step:6074/6200 train_loss:3.0223 train_time:10288492ms step_avg:1696.65ms
step:6075/6200 train_loss:3.1530 train_time:10290188ms step_avg:1696.65ms
step:6076/6200 train_loss:3.3959 train_time:10291883ms step_avg:1696.65ms
step:6077/6200 train_loss:3.2633 train_time:10293579ms step_avg:1696.65ms
step:6078/6200 train_loss:3.2708 train_time:10295273ms step_avg:1696.65ms
step:6079/6200 train_loss:3.2502 train_time:10296969ms step_avg:1696.65ms
step:6080/6200 train_loss:3.1924 train_time:10298665ms step_avg:1696.65ms
step:6081/6200 train_loss:3.1644 train_time:10300360ms step_avg:1696.65ms
step:6082/6200 train_loss:3.1078 train_time:10302057ms step_avg:1696.65ms
step:6083/6200 train_loss:3.2322 train_time:10303754ms step_avg:1696.65ms
step:6084/6200 train_loss:3.1649 train_time:10305450ms step_avg:1696.65ms
step:6085/6200 train_loss:3.2181 train_time:10307145ms step_avg:1696.65ms
step:6086/6200 train_loss:3.2844 train_time:10308838ms step_avg:1696.65ms
step:6087/6200 train_loss:3.2108 train_time:10310535ms step_avg:1696.65ms
step:6088/6200 train_loss:3.3104 train_time:10312235ms step_avg:1696.65ms
step:6089/6200 train_loss:3.1089 train_time:10313931ms step_avg:1696.65ms
step:6090/6200 train_loss:3.1539 train_time:10315629ms step_avg:1696.65ms
step:6091/6200 train_loss:3.1363 train_time:10317322ms step_avg:1696.65ms
step:6092/6200 train_loss:3.0946 train_time:10319019ms step_avg:1696.65ms
step:6093/6200 train_loss:3.4174 train_time:10320714ms step_avg:1696.65ms
step:6094/6200 train_loss:3.4636 train_time:10322413ms step_avg:1696.65ms
step:6095/6200 train_loss:3.2720 train_time:10324112ms step_avg:1696.65ms
step:6096/6200 train_loss:3.2145 train_time:10325810ms step_avg:1696.65ms
step:6097/6200 train_loss:3.1465 train_time:10327509ms step_avg:1696.65ms
step:6098/6200 train_loss:3.1473 train_time:10329208ms step_avg:1696.65ms
step:6099/6200 train_loss:3.2319 train_time:10330910ms step_avg:1696.65ms
step:6100/6200 train_loss:3.2155 train_time:10332613ms step_avg:1696.65ms
step:6101/6200 train_loss:3.2073 train_time:10334314ms step_avg:1696.65ms
step:6102/6200 train_loss:3.0943 train_time:10336015ms step_avg:1696.65ms
step:6103/6200 train_loss:3.2558 train_time:10337714ms step_avg:1696.65ms
step:6104/6200 train_loss:3.4468 train_time:10339412ms step_avg:1696.65ms
step:6105/6200 train_loss:3.2640 train_time:10341108ms step_avg:1696.65ms
step:6106/6200 train_loss:3.1011 train_time:10342804ms step_avg:1696.65ms
step:6107/6200 train_loss:3.1957 train_time:10344501ms step_avg:1696.65ms
step:6108/6200 train_loss:3.3102 train_time:10346200ms step_avg:1696.65ms
step:6109/6200 train_loss:3.0974 train_time:10347898ms step_avg:1696.65ms
step:6110/6200 train_loss:3.1931 train_time:10349593ms step_avg:1696.65ms
step:6111/6200 train_loss:3.2664 train_time:10351291ms step_avg:1696.65ms
step:6112/6200 train_loss:3.3774 train_time:10352989ms step_avg:1696.65ms
step:6113/6200 train_loss:3.3391 train_time:10354686ms step_avg:1696.66ms
step:6114/6200 train_loss:3.2045 train_time:10356382ms step_avg:1696.66ms
step:6115/6200 train_loss:3.3376 train_time:10358076ms step_avg:1696.65ms
step:6116/6200 train_loss:3.4544 train_time:10359771ms step_avg:1696.65ms
step:6117/6200 train_loss:3.0920 train_time:10361467ms step_avg:1696.65ms
step:6118/6200 train_loss:3.1970 train_time:10363164ms step_avg:1696.65ms
step:6119/6200 train_loss:3.1443 train_time:10364863ms step_avg:1696.65ms
step:6120/6200 train_loss:3.2002 train_time:10366561ms step_avg:1696.65ms
step:6121/6200 train_loss:3.4811 train_time:10368258ms step_avg:1696.65ms
step:6122/6200 train_loss:3.2970 train_time:10369952ms step_avg:1696.65ms
step:6123/6200 train_loss:3.2453 train_time:10371647ms step_avg:1696.65ms
step:6124/6200 train_loss:3.1487 train_time:10373342ms step_avg:1696.65ms
step:6125/6200 train_loss:3.3428 train_time:10375039ms step_avg:1696.65ms
step:6125/6200 val_loss:3.3132 train_time:10375053ms step_avg:1696.66ms
step:6126/6200 train_loss:3.2043 train_time:10376746ms step_avg:1696.66ms
step:6127/6200 train_loss:3.2636 train_time:10378442ms step_avg:1696.66ms
step:6128/6200 train_loss:3.2233 train_time:10380135ms step_avg:1696.65ms
step:6129/6200 train_loss:3.3831 train_time:10381826ms step_avg:1696.65ms
step:6130/6200 train_loss:3.2888 train_time:10383517ms step_avg:1696.65ms
step:6131/6200 train_loss:3.1753 train_time:10385211ms step_avg:1696.65ms
step:6132/6200 train_loss:3.4000 train_time:10386903ms step_avg:1696.65ms
step:6133/6200 train_loss:3.3412 train_time:10388597ms step_avg:1696.65ms
step:6134/6200 train_loss:3.2081 train_time:10390287ms step_avg:1696.65ms
step:6135/6200 train_loss:3.2818 train_time:10391982ms step_avg:1696.65ms
step:6136/6200 train_loss:3.2130 train_time:10393676ms step_avg:1696.65ms
step:6137/6200 train_loss:3.2673 train_time:10395369ms step_avg:1696.65ms
step:6138/6200 train_loss:3.0676 train_time:10397064ms step_avg:1696.65ms
step:6139/6200 train_loss:3.3396 train_time:10398758ms step_avg:1696.65ms
step:6140/6200 train_loss:3.2082 train_time:10400452ms step_avg:1696.65ms
step:6141/6200 train_loss:3.2808 train_time:10402144ms step_avg:1696.65ms
step:6142/6200 train_loss:3.1398 train_time:10403837ms step_avg:1696.65ms
step:6143/6200 train_loss:3.3185 train_time:10405530ms step_avg:1696.65ms
step:6144/6200 train_loss:3.1144 train_time:10407224ms step_avg:1696.65ms
step:6145/6200 train_loss:3.2351 train_time:10408917ms step_avg:1696.64ms
step:6146/6200 train_loss:3.3460 train_time:10410610ms step_avg:1696.64ms
step:6147/6200 train_loss:3.1915 train_time:10412300ms step_avg:1696.64ms
step:6148/6200 train_loss:3.2393 train_time:10413993ms step_avg:1696.64ms
step:6149/6200 train_loss:3.1410 train_time:10415685ms step_avg:1696.64ms
step:6150/6200 train_loss:3.3345 train_time:10417381ms step_avg:1696.64ms
step:6151/6200 train_loss:3.1687 train_time:10419077ms step_avg:1696.64ms
step:6152/6200 train_loss:3.2294 train_time:10420772ms step_avg:1696.64ms
step:6153/6200 train_loss:3.2384 train_time:10422470ms step_avg:1696.64ms
step:6154/6200 train_loss:3.2131 train_time:10424168ms step_avg:1696.64ms
step:6155/6200 train_loss:3.2233 train_time:10425864ms step_avg:1696.64ms
step:6156/6200 train_loss:3.2947 train_time:10427559ms step_avg:1696.64ms
step:6157/6200 train_loss:3.2159 train_time:10429254ms step_avg:1696.64ms
step:6158/6200 train_loss:2.9666 train_time:10430948ms step_avg:1696.64ms
step:6159/6200 train_loss:3.2951 train_time:10432646ms step_avg:1696.64ms
step:6160/6200 train_loss:3.2558 train_time:10434341ms step_avg:1696.64ms
step:6161/6200 train_loss:2.8645 train_time:10436036ms step_avg:1696.64ms
step:6162/6200 train_loss:3.5018 train_time:10437730ms step_avg:1696.64ms
step:6163/6200 train_loss:3.1261 train_time:10439423ms step_avg:1696.64ms
step:6164/6200 train_loss:3.4246 train_time:10441119ms step_avg:1696.64ms
step:6165/6200 train_loss:3.3044 train_time:10442816ms step_avg:1696.64ms
step:6166/6200 train_loss:3.3808 train_time:10444513ms step_avg:1696.64ms
step:6167/6200 train_loss:2.9992 train_time:10446212ms step_avg:1696.64ms
step:6168/6200 train_loss:3.1493 train_time:10447913ms step_avg:1696.64ms
step:6169/6200 train_loss:3.1424 train_time:10449608ms step_avg:1696.64ms
step:6170/6200 train_loss:3.1769 train_time:10451303ms step_avg:1696.64ms
step:6171/6200 train_loss:3.1197 train_time:10453002ms step_avg:1696.64ms
step:6172/6200 train_loss:3.1185 train_time:10454697ms step_avg:1696.64ms
step:6173/6200 train_loss:3.0841 train_time:10456393ms step_avg:1696.64ms
step:6174/6200 train_loss:3.4241 train_time:10458089ms step_avg:1696.64ms
step:6175/6200 train_loss:3.2024 train_time:10459787ms step_avg:1696.64ms
step:6176/6200 train_loss:3.1546 train_time:10461483ms step_avg:1696.64ms
step:6177/6200 train_loss:3.1927 train_time:10463179ms step_avg:1696.64ms
step:6178/6200 train_loss:3.1763 train_time:10464875ms step_avg:1696.64ms
step:6179/6200 train_loss:3.2923 train_time:10466571ms step_avg:1696.64ms
step:6180/6200 train_loss:3.2724 train_time:10468267ms step_avg:1696.64ms
step:6181/6200 train_loss:3.2442 train_time:10469963ms step_avg:1696.64ms
step:6182/6200 train_loss:4.2428 train_time:10471657ms step_avg:1696.64ms
step:6183/6200 train_loss:3.1714 train_time:10473351ms step_avg:1696.64ms
step:6184/6200 train_loss:3.3367 train_time:10475046ms step_avg:1696.64ms
step:6185/6200 train_loss:3.2677 train_time:10476739ms step_avg:1696.64ms
step:6186/6200 train_loss:3.4950 train_time:10478436ms step_avg:1696.64ms
step:6187/6200 train_loss:3.1638 train_time:10480128ms step_avg:1696.64ms
step:6188/6200 train_loss:3.3674 train_time:10481823ms step_avg:1696.64ms
step:6189/6200 train_loss:3.2767 train_time:10483514ms step_avg:1696.64ms
step:6190/6200 train_loss:3.2072 train_time:10485206ms step_avg:1696.64ms
step:6191/6200 train_loss:3.0864 train_time:10486899ms step_avg:1696.63ms
step:6192/6200 train_loss:3.3633 train_time:10488593ms step_avg:1696.63ms
step:6193/6200 train_loss:3.1858 train_time:10490287ms step_avg:1696.63ms
step:6194/6200 train_loss:3.1615 train_time:10491984ms step_avg:1696.63ms
step:6195/6200 train_loss:3.1509 train_time:10493678ms step_avg:1696.63ms
step:6196/6200 train_loss:3.2280 train_time:10495373ms step_avg:1696.63ms
step:6197/6200 train_loss:3.2492 train_time:10497066ms step_avg:1696.63ms
step:6198/6200 train_loss:3.1271 train_time:10498764ms step_avg:1696.63ms
step:6199/6200 train_loss:3.3416 train_time:10500460ms step_avg:1696.63ms
step:6200/6200 train_loss:3.1350 train_time:10502155ms step_avg:1696.63ms
step:6200/6200 val_loss:3.3114 train_time:10502169ms step_avg:1696.63ms
peak memory consumption: 19711 MiB
